colour	x	y	key	group	clickSelects	showSelected1	PANEL
#00C094	6.928	1960	Émirats arabes unis	58	Émirats arabes unis	Moyen-Orient et Afrique du Nord	1
#00C094	6.91	1961	Émirats arabes unis	58	Émirats arabes unis	Moyen-Orient et Afrique du Nord	1
#00C094	6.893	1962	Émirats arabes unis	58	Émirats arabes unis	Moyen-Orient et Afrique du Nord	1
#00C094	6.877	1963	Émirats arabes unis	58	Émirats arabes unis	Moyen-Orient et Afrique du Nord	1
#00C094	6.861	1964	Émirats arabes unis	58	Émirats arabes unis	Moyen-Orient et Afrique du Nord	1
#00C094	6.841	1965	Émirats arabes unis	58	Émirats arabes unis	Moyen-Orient et Afrique du Nord	1
#00C094	6.816	1966	Émirats arabes unis	58	Émirats arabes unis	Moyen-Orient et Afrique du Nord	1
#00C094	6.783	1967	Émirats arabes unis	58	Émirats arabes unis	Moyen-Orient et Afrique du Nord	1
#00C094	6.738	1968	Émirats arabes unis	58	Émirats arabes unis	Moyen-Orient et Afrique du Nord	1
#00C094	6.679	1969	Émirats arabes unis	58	Émirats arabes unis	Moyen-Orient et Afrique du Nord	1
#00C094	6.605	1970	Émirats arabes unis	58	Émirats arabes unis	Moyen-Orient et Afrique du Nord	1
#00C094	6.512	1971	Émirats arabes unis	58	Émirats arabes unis	Moyen-Orient et Afrique du Nord	1
#00C094	6.402	1972	Émirats arabes unis	58	Émirats arabes unis	Moyen-Orient et Afrique du Nord	1
#00C094	6.279	1973	Émirats arabes unis	58	Émirats arabes unis	Moyen-Orient et Afrique du Nord	1
#00C094	6.146	1974	Émirats arabes unis	58	Émirats arabes unis	Moyen-Orient et Afrique du Nord	1
#00C094	6.009	1975	Émirats arabes unis	58	Émirats arabes unis	Moyen-Orient et Afrique du Nord	1
#00C094	5.873	1976	Émirats arabes unis	58	Émirats arabes unis	Moyen-Orient et Afrique du Nord	1
#00C094	5.744	1977	Émirats arabes unis	58	Émirats arabes unis	Moyen-Orient et Afrique du Nord	1
#00C094	5.624	1978	Émirats arabes unis	58	Émirats arabes unis	Moyen-Orient et Afrique du Nord	1
#00C094	5.517	1979	Émirats arabes unis	58	Émirats arabes unis	Moyen-Orient et Afrique du Nord	1
#00C094	5.423	1980	Émirats arabes unis	58	Émirats arabes unis	Moyen-Orient et Afrique du Nord	1
#00C094	5.344	1981	Émirats arabes unis	58	Émirats arabes unis	Moyen-Orient et Afrique du Nord	1
#00C094	5.274	1982	Émirats arabes unis	58	Émirats arabes unis	Moyen-Orient et Afrique du Nord	1
#00C094	5.209	1983	Émirats arabes unis	58	Émirats arabes unis	Moyen-Orient et Afrique du Nord	1
#00C094	5.141	1984	Émirats arabes unis	58	Émirats arabes unis	Moyen-Orient et Afrique du Nord	1
#00C094	5.065	1985	Émirats arabes unis	58	Émirats arabes unis	Moyen-Orient et Afrique du Nord	1
#00C094	4.973	1986	Émirats arabes unis	58	Émirats arabes unis	Moyen-Orient et Afrique du Nord	1
#00C094	4.86	1987	Émirats arabes unis	58	Émirats arabes unis	Moyen-Orient et Afrique du Nord	1
#00C094	4.724	1988	Émirats arabes unis	58	Émirats arabes unis	Moyen-Orient et Afrique du Nord	1
#00C094	4.566	1989	Émirats arabes unis	58	Émirats arabes unis	Moyen-Orient et Afrique du Nord	1
#00C094	4.388	1990	Émirats arabes unis	58	Émirats arabes unis	Moyen-Orient et Afrique du Nord	1
#00C094	4.193	1991	Émirats arabes unis	58	Émirats arabes unis	Moyen-Orient et Afrique du Nord	1
#00C094	3.989	1992	Émirats arabes unis	58	Émirats arabes unis	Moyen-Orient et Afrique du Nord	1
#00C094	3.784	1993	Émirats arabes unis	58	Émirats arabes unis	Moyen-Orient et Afrique du Nord	1
#00C094	3.584	1994	Émirats arabes unis	58	Émirats arabes unis	Moyen-Orient et Afrique du Nord	1
#00C094	3.394	1995	Émirats arabes unis	58	Émirats arabes unis	Moyen-Orient et Afrique du Nord	1
#00C094	3.217	1996	Émirats arabes unis	58	Émirats arabes unis	Moyen-Orient et Afrique du Nord	1
#00C094	3.055	1997	Émirats arabes unis	58	Émirats arabes unis	Moyen-Orient et Afrique du Nord	1
#00C094	2.906	1998	Émirats arabes unis	58	Émirats arabes unis	Moyen-Orient et Afrique du Nord	1
#00C094	2.77	1999	Émirats arabes unis	58	Émirats arabes unis	Moyen-Orient et Afrique du Nord	1
#00C094	2.645	2000	Émirats arabes unis	58	Émirats arabes unis	Moyen-Orient et Afrique du Nord	1
#00C094	2.527	2001	Émirats arabes unis	58	Émirats arabes unis	Moyen-Orient et Afrique du Nord	1
#00C094	2.413	2002	Émirats arabes unis	58	Émirats arabes unis	Moyen-Orient et Afrique du Nord	1
#00C094	2.301	2003	Émirats arabes unis	58	Émirats arabes unis	Moyen-Orient et Afrique du Nord	1
#00C094	2.191	2004	Émirats arabes unis	58	Émirats arabes unis	Moyen-Orient et Afrique du Nord	1
#00C094	2.086	2005	Émirats arabes unis	58	Émirats arabes unis	Moyen-Orient et Afrique du Nord	1
#00C094	1.989	2006	Émirats arabes unis	58	Émirats arabes unis	Moyen-Orient et Afrique du Nord	1
#00C094	1.906	2007	Émirats arabes unis	58	Émirats arabes unis	Moyen-Orient et Afrique du Nord	1
#00C094	1.839	2008	Émirats arabes unis	58	Émirats arabes unis	Moyen-Orient et Afrique du Nord	1
#00C094	1.787	2009	Émirats arabes unis	58	Émirats arabes unis	Moyen-Orient et Afrique du Nord	1
#00C094	1.749	2010	Émirats arabes unis	58	Émirats arabes unis	Moyen-Orient et Afrique du Nord	1
#00C094	1.721	2011	Émirats arabes unis	58	Émirats arabes unis	Moyen-Orient et Afrique du Nord	1
#A58AFF	7.7	1960	Afghanistan	1	Afghanistan	Asie du Sud	1
#A58AFF	7.7	1961	Afghanistan	1	Afghanistan	Asie du Sud	1
#A58AFF	7.7	1962	Afghanistan	1	Afghanistan	Asie du Sud	1
#A58AFF	7.7	1963	Afghanistan	1	Afghanistan	Asie du Sud	1
#A58AFF	7.7	1964	Afghanistan	1	Afghanistan	Asie du Sud	1
#A58AFF	7.7	1965	Afghanistan	1	Afghanistan	Asie du Sud	1
#A58AFF	7.7	1966	Afghanistan	1	Afghanistan	Asie du Sud	1
#A58AFF	7.7	1967	Afghanistan	1	Afghanistan	Asie du Sud	1
#A58AFF	7.7	1968	Afghanistan	1	Afghanistan	Asie du Sud	1
#A58AFF	7.7	1969	Afghanistan	1	Afghanistan	Asie du Sud	1
#A58AFF	7.7	1970	Afghanistan	1	Afghanistan	Asie du Sud	1
#A58AFF	7.699	1971	Afghanistan	1	Afghanistan	Asie du Sud	1
#A58AFF	7.697	1972	Afghanistan	1	Afghanistan	Asie du Sud	1
#A58AFF	7.695	1973	Afghanistan	1	Afghanistan	Asie du Sud	1
#A58AFF	7.693	1974	Afghanistan	1	Afghanistan	Asie du Sud	1
#A58AFF	7.692	1975	Afghanistan	1	Afghanistan	Asie du Sud	1
#A58AFF	7.695	1976	Afghanistan	1	Afghanistan	Asie du Sud	1
#A58AFF	7.701	1977	Afghanistan	1	Afghanistan	Asie du Sud	1
#A58AFF	7.711	1978	Afghanistan	1	Afghanistan	Asie du Sud	1
#A58AFF	7.725	1979	Afghanistan	1	Afghanistan	Asie du Sud	1
#A58AFF	7.742	1980	Afghanistan	1	Afghanistan	Asie du Sud	1
#A58AFF	7.763	1981	Afghanistan	1	Afghanistan	Asie du Sud	1
#A58AFF	7.785	1982	Afghanistan	1	Afghanistan	Asie du Sud	1
#A58AFF	7.807	1983	Afghanistan	1	Afghanistan	Asie du Sud	1
#A58AFF	7.829	1984	Afghanistan	1	Afghanistan	Asie du Sud	1
#A58AFF	7.85	1985	Afghanistan	1	Afghanistan	Asie du Sud	1
#A58AFF	7.871	1986	Afghanistan	1	Afghanistan	Asie du Sud	1
#A58AFF	7.893	1987	Afghanistan	1	Afghanistan	Asie du Sud	1
#A58AFF	7.915	1988	Afghanistan	1	Afghanistan	Asie du Sud	1
#A58AFF	7.937	1989	Afghanistan	1	Afghanistan	Asie du Sud	1
#A58AFF	7.96	1990	Afghanistan	1	Afghanistan	Asie du Sud	1
#A58AFF	7.984	1991	Afghanistan	1	Afghanistan	Asie du Sud	1
#A58AFF	8.01	1992	Afghanistan	1	Afghanistan	Asie du Sud	1
#A58AFF	8.034	1993	Afghanistan	1	Afghanistan	Asie du Sud	1
#A58AFF	8.052	1994	Afghanistan	1	Afghanistan	Asie du Sud	1
#A58AFF	8.058	1995	Afghanistan	1	Afghanistan	Asie du Sud	1
#A58AFF	8.043	1996	Afghanistan	1	Afghanistan	Asie du Sud	1
#A58AFF	8.004	1997	Afghanistan	1	Afghanistan	Asie du Sud	1
#A58AFF	7.939	1998	Afghanistan	1	Afghanistan	Asie du Sud	1
#A58AFF	7.847	1999	Afghanistan	1	Afghanistan	Asie du Sud	1
#A58AFF	7.73	2000	Afghanistan	1	Afghanistan	Asie du Sud	1
#A58AFF	7.595	2001	Afghanistan	1	Afghanistan	Asie du Sud	1
#A58AFF	7.447	2002	Afghanistan	1	Afghanistan	Asie du Sud	1
#A58AFF	7.294	2003	Afghanistan	1	Afghanistan	Asie du Sud	1
#A58AFF	7.14	2004	Afghanistan	1	Afghanistan	Asie du Sud	1
#A58AFF	6.989	2005	Afghanistan	1	Afghanistan	Asie du Sud	1
#A58AFF	6.843	2006	Afghanistan	1	Afghanistan	Asie du Sud	1
#A58AFF	6.7	2007	Afghanistan	1	Afghanistan	Asie du Sud	1
#A58AFF	6.559	2008	Afghanistan	1	Afghanistan	Asie du Sud	1
#A58AFF	6.422	2009	Afghanistan	1	Afghanistan	Asie du Sud	1
#A58AFF	6.288	2010	Afghanistan	1	Afghanistan	Asie du Sud	1
#A58AFF	6.158	2011	Afghanistan	1	Afghanistan	Asie du Sud	1
#53B400	2	1982	Antigua-et-Barbuda	7	Antigua-et-Barbuda	Amérique latine et Caraïbes	1
#53B400	1.9	1987	Antigua-et-Barbuda	7	Antigua-et-Barbuda	Amérique latine et Caraïbes	1
#53B400	1.7	1992	Antigua-et-Barbuda	7	Antigua-et-Barbuda	Amérique latine et Caraïbes	1
#53B400	1.7	1997	Antigua-et-Barbuda	7	Antigua-et-Barbuda	Amérique latine et Caraïbes	1
#53B400	1.7	2002	Antigua-et-Barbuda	7	Antigua-et-Barbuda	Amérique latine et Caraïbes	1
#C49A00	5.951	1960	Albanie	3	Albanie	Europe et Asie centrale	1
#C49A00	5.891	1961	Albanie	3	Albanie	Europe et Asie centrale	1
#C49A00	5.808	1962	Albanie	3	Albanie	Europe et Asie centrale	1
#C49A00	5.704	1963	Albanie	3	Albanie	Europe et Asie centrale	1
#C49A00	5.586	1964	Albanie	3	Albanie	Europe et Asie centrale	1
#C49A00	5.458	1965	Albanie	3	Albanie	Europe et Asie centrale	1
#C49A00	5.329	1966	Albanie	3	Albanie	Europe et Asie centrale	1
#C49A00	5.202	1967	Albanie	3	Albanie	Europe et Asie centrale	1
#C49A00	5.083	1968	Albanie	3	Albanie	Europe et Asie centrale	1
#C49A00	4.972	1969	Albanie	3	Albanie	Europe et Asie centrale	1
#C49A00	4.872	1970	Albanie	3	Albanie	Europe et Asie centrale	1
#C49A00	4.778	1971	Albanie	3	Albanie	Europe et Asie centrale	1
#C49A00	4.688	1972	Albanie	3	Albanie	Europe et Asie centrale	1
#C49A00	4.598	1973	Albanie	3	Albanie	Europe et Asie centrale	1
#C49A00	4.507	1974	Albanie	3	Albanie	Europe et Asie centrale	1
#C49A00	4.417	1975	Albanie	3	Albanie	Europe et Asie centrale	1
#C49A00	4.33	1976	Albanie	3	Albanie	Europe et Asie centrale	1
#C49A00	4.247	1977	Albanie	3	Albanie	Europe et Asie centrale	1
#C49A00	4.17	1978	Albanie	3	Albanie	Europe et Asie centrale	1
#C49A00	4.099	1979	Albanie	3	Albanie	Europe et Asie centrale	1
#C49A00	4.037	1980	Albanie	3	Albanie	Europe et Asie centrale	1
#C49A00	3.985	1981	Albanie	3	Albanie	Europe et Asie centrale	1
#C49A00	3.942	1982	Albanie	3	Albanie	Europe et Asie centrale	1
#C49A00	3.904	1983	Albanie	3	Albanie	Europe et Asie centrale	1
#C49A00	3.865	1984	Albanie	3	Albanie	Europe et Asie centrale	1
#C49A00	3.816	1985	Albanie	3	Albanie	Europe et Asie centrale	1
#C49A00	3.747	1986	Albanie	3	Albanie	Europe et Asie centrale	1
#C49A00	3.65	1987	Albanie	3	Albanie	Europe et Asie centrale	1
#C49A00	3.527	1988	Albanie	3	Albanie	Europe et Asie centrale	1
#C49A00	3.38	1989	Albanie	3	Albanie	Europe et Asie centrale	1
#C49A00	3.219	1990	Albanie	3	Albanie	Europe et Asie centrale	1
#C49A00	3.058	1991	Albanie	3	Albanie	Europe et Asie centrale	1
#C49A00	2.91	1992	Albanie	3	Albanie	Europe et Asie centrale	1
#C49A00	2.784	1993	Albanie	3	Albanie	Europe et Asie centrale	1
#C49A00	2.683	1994	Albanie	3	Albanie	Europe et Asie centrale	1
#C49A00	2.604	1995	Albanie	3	Albanie	Europe et Asie centrale	1
#C49A00	2.54	1996	Albanie	3	Albanie	Europe et Asie centrale	1
#C49A00	2.478	1997	Albanie	3	Albanie	Europe et Asie centrale	1
#C49A00	2.409	1998	Albanie	3	Albanie	Europe et Asie centrale	1
#C49A00	2.33	1999	Albanie	3	Albanie	Europe et Asie centrale	1
#C49A00	2.241	2000	Albanie	3	Albanie	Europe et Asie centrale	1
#C49A00	2.142	2001	Albanie	3	Albanie	Europe et Asie centrale	1
#C49A00	2.04	2002	Albanie	3	Albanie	Europe et Asie centrale	1
#C49A00	1.941	2003	Albanie	3	Albanie	Europe et Asie centrale	1
#C49A00	1.847	2004	Albanie	3	Albanie	Europe et Asie centrale	1
#C49A00	1.764	2005	Albanie	3	Albanie	Europe et Asie centrale	1
#C49A00	1.692	2006	Albanie	3	Albanie	Europe et Asie centrale	1
#C49A00	1.635	2007	Albanie	3	Albanie	Europe et Asie centrale	1
#C49A00	1.59	2008	Albanie	3	Albanie	Europe et Asie centrale	1
#C49A00	1.558	2009	Albanie	3	Albanie	Europe et Asie centrale	1
#C49A00	1.536	2010	Albanie	3	Albanie	Europe et Asie centrale	1
#C49A00	1.523	2011	Albanie	3	Albanie	Europe et Asie centrale	1
#C49A00	4.55	1960	Arménie	10	Arménie	Europe et Asie centrale	1
#C49A00	4.512	1961	Arménie	10	Arménie	Europe et Asie centrale	1
#C49A00	4.435	1962	Arménie	10	Arménie	Europe et Asie centrale	1
#C49A00	4.317	1963	Arménie	10	Arménie	Europe et Asie centrale	1
#C49A00	4.161	1964	Arménie	10	Arménie	Europe et Asie centrale	1
#C49A00	3.979	1965	Arménie	10	Arménie	Europe et Asie centrale	1
#C49A00	3.788	1966	Arménie	10	Arménie	Europe et Asie centrale	1
#C49A00	3.606	1967	Arménie	10	Arménie	Europe et Asie centrale	1
#C49A00	3.447	1968	Arménie	10	Arménie	Europe et Asie centrale	1
#C49A00	3.314	1969	Arménie	10	Arménie	Europe et Asie centrale	1
#C49A00	3.208	1970	Arménie	10	Arménie	Europe et Asie centrale	1
#C49A00	3.118	1971	Arménie	10	Arménie	Europe et Asie centrale	1
#C49A00	3.032	1972	Arménie	10	Arménie	Europe et Asie centrale	1
#C49A00	2.942	1973	Arménie	10	Arménie	Europe et Asie centrale	1
#C49A00	2.846	1974	Arménie	10	Arménie	Europe et Asie centrale	1
#C49A00	2.745	1975	Arménie	10	Arménie	Europe et Asie centrale	1
#C49A00	2.646	1976	Arménie	10	Arménie	Europe et Asie centrale	1
#C49A00	2.555	1977	Arménie	10	Arménie	Europe et Asie centrale	1
#C49A00	2.479	1978	Arménie	10	Arménie	Europe et Asie centrale	1
#C49A00	2.421	1979	Arménie	10	Arménie	Europe et Asie centrale	1
#C49A00	2.385	1980	Arménie	10	Arménie	Europe et Asie centrale	1
#C49A00	2.373	1981	Arménie	10	Arménie	Europe et Asie centrale	1
#C49A00	2.381	1982	Arménie	10	Arménie	Europe et Asie centrale	1
#C49A00	2.406	1983	Arménie	10	Arménie	Europe et Asie centrale	1
#C49A00	2.441	1984	Arménie	10	Arménie	Europe et Asie centrale	1
#C49A00	2.481	1985	Arménie	10	Arménie	Europe et Asie centrale	1
#C49A00	2.519	1986	Arménie	10	Arménie	Europe et Asie centrale	1
#C49A00	2.549	1987	Arménie	10	Arménie	Europe et Asie centrale	1
#C49A00	2.566	1988	Arménie	10	Arménie	Europe et Asie centrale	1
#C49A00	2.565	1989	Arménie	10	Arménie	Europe et Asie centrale	1
#C49A00	2.538	1990	Arménie	10	Arménie	Europe et Asie centrale	1
#C49A00	2.482	1991	Arménie	10	Arménie	Europe et Asie centrale	1
#C49A00	2.399	1992	Arménie	10	Arménie	Europe et Asie centrale	1
#C49A00	2.295	1993	Arménie	10	Arménie	Europe et Asie centrale	1
#C49A00	2.176	1994	Arménie	10	Arménie	Europe et Asie centrale	1
#C49A00	2.053	1995	Arménie	10	Arménie	Europe et Asie centrale	1
#C49A00	1.938	1996	Arménie	10	Arménie	Europe et Asie centrale	1
#C49A00	1.838	1997	Arménie	10	Arménie	Europe et Asie centrale	1
#C49A00	1.762	1998	Arménie	10	Arménie	Europe et Asie centrale	1
#C49A00	1.712	1999	Arménie	10	Arménie	Europe et Asie centrale	1
#C49A00	1.688	2000	Arménie	10	Arménie	Europe et Asie centrale	1
#C49A00	1.684	2001	Arménie	10	Arménie	Europe et Asie centrale	1
#C49A00	1.692	2002	Arménie	10	Arménie	Europe et Asie centrale	1
#C49A00	1.704	2003	Arménie	10	Arménie	Europe et Asie centrale	1
#C49A00	1.715	2004	Arménie	10	Arménie	Europe et Asie centrale	1
#C49A00	1.724	2005	Arménie	10	Arménie	Europe et Asie centrale	1
#C49A00	1.728	2006	Arménie	10	Arménie	Europe et Asie centrale	1
#C49A00	1.731	2007	Arménie	10	Arménie	Europe et Asie centrale	1
#C49A00	1.734	2008	Arménie	10	Arménie	Europe et Asie centrale	1
#C49A00	1.735	2009	Arménie	10	Arménie	Europe et Asie centrale	1
#C49A00	1.736	2010	Arménie	10	Arménie	Europe et Asie centrale	1
#C49A00	1.736	2011	Arménie	10	Arménie	Europe et Asie centrale	1
#FB61D7	7.316	1960	Angola	6	Angola	Afrique subsaharienne	1
#FB61D7	7.354	1961	Angola	6	Angola	Afrique subsaharienne	1
#FB61D7	7.385	1962	Angola	6	Angola	Afrique subsaharienne	1
#FB61D7	7.41	1963	Angola	6	Angola	Afrique subsaharienne	1
#FB61D7	7.425	1964	Angola	6	Angola	Afrique subsaharienne	1
#FB61D7	7.43	1965	Angola	6	Angola	Afrique subsaharienne	1
#FB61D7	7.422	1966	Angola	6	Angola	Afrique subsaharienne	1
#FB61D7	7.403	1967	Angola	6	Angola	Afrique subsaharienne	1
#FB61D7	7.375	1968	Angola	6	Angola	Afrique subsaharienne	1
#FB61D7	7.339	1969	Angola	6	Angola	Afrique subsaharienne	1
#FB61D7	7.301	1970	Angola	6	Angola	Afrique subsaharienne	1
#FB61D7	7.264	1971	Angola	6	Angola	Afrique subsaharienne	1
#FB61D7	7.232	1972	Angola	6	Angola	Afrique subsaharienne	1
#FB61D7	7.208	1973	Angola	6	Angola	Afrique subsaharienne	1
#FB61D7	7.192	1974	Angola	6	Angola	Afrique subsaharienne	1
#FB61D7	7.185	1975	Angola	6	Angola	Afrique subsaharienne	1
#FB61D7	7.186	1976	Angola	6	Angola	Afrique subsaharienne	1
#FB61D7	7.189	1977	Angola	6	Angola	Afrique subsaharienne	1
#FB61D7	7.194	1978	Angola	6	Angola	Afrique subsaharienne	1
#FB61D7	7.197	1979	Angola	6	Angola	Afrique subsaharienne	1
#FB61D7	7.2	1980	Angola	6	Angola	Afrique subsaharienne	1
#FB61D7	7.201	1981	Angola	6	Angola	Afrique subsaharienne	1
#FB61D7	7.203	1982	Angola	6	Angola	Afrique subsaharienne	1
#FB61D7	7.205	1983	Angola	6	Angola	Afrique subsaharienne	1
#FB61D7	7.207	1984	Angola	6	Angola	Afrique subsaharienne	1
#FB61D7	7.208	1985	Angola	6	Angola	Afrique subsaharienne	1
#FB61D7	7.206	1986	Angola	6	Angola	Afrique subsaharienne	1
#FB61D7	7.202	1987	Angola	6	Angola	Afrique subsaharienne	1
#FB61D7	7.194	1988	Angola	6	Angola	Afrique subsaharienne	1
#FB61D7	7.182	1989	Angola	6	Angola	Afrique subsaharienne	1
#FB61D7	7.165	1990	Angola	6	Angola	Afrique subsaharienne	1
#FB61D7	7.144	1991	Angola	6	Angola	Afrique subsaharienne	1
#FB61D7	7.12	1992	Angola	6	Angola	Afrique subsaharienne	1
#FB61D7	7.093	1993	Angola	6	Angola	Afrique subsaharienne	1
#FB61D7	7.063	1994	Angola	6	Angola	Afrique subsaharienne	1
#FB61D7	7.03	1995	Angola	6	Angola	Afrique subsaharienne	1
#FB61D7	6.997	1996	Angola	6	Angola	Afrique subsaharienne	1
#FB61D7	6.963	1997	Angola	6	Angola	Afrique subsaharienne	1
#FB61D7	6.925	1998	Angola	6	Angola	Afrique subsaharienne	1
#FB61D7	6.882	1999	Angola	6	Angola	Afrique subsaharienne	1
#FB61D7	6.826	2000	Angola	6	Angola	Afrique subsaharienne	1
#FB61D7	6.751	2001	Angola	6	Angola	Afrique subsaharienne	1
#FB61D7	6.654	2002	Angola	6	Angola	Afrique subsaharienne	1
#FB61D7	6.533	2003	Angola	6	Angola	Afrique subsaharienne	1
#FB61D7	6.391	2004	Angola	6	Angola	Afrique subsaharienne	1
#FB61D7	6.233	2005	Angola	6	Angola	Afrique subsaharienne	1
#FB61D7	6.066	2006	Angola	6	Angola	Afrique subsaharienne	1
#FB61D7	5.898	2007	Angola	6	Angola	Afrique subsaharienne	1
#FB61D7	5.736	2008	Angola	6	Angola	Afrique subsaharienne	1
#FB61D7	5.584	2009	Angola	6	Angola	Afrique subsaharienne	1
#FB61D7	5.443	2010	Angola	6	Angola	Afrique subsaharienne	1
#FB61D7	5.313	2011	Angola	6	Angola	Afrique subsaharienne	1
#53B400	3.109	1960	Argentine	9	Argentine	Amérique latine et Caraïbes	1
#53B400	3.1	1961	Argentine	9	Argentine	Amérique latine et Caraïbes	1
#53B400	3.089	1962	Argentine	9	Argentine	Amérique latine et Caraïbes	1
#53B400	3.078	1963	Argentine	9	Argentine	Amérique latine et Caraïbes	1
#53B400	3.068	1964	Argentine	9	Argentine	Amérique latine et Caraïbes	1
#53B400	3.058	1965	Argentine	9	Argentine	Amérique latine et Caraïbes	1
#53B400	3.051	1966	Argentine	9	Argentine	Amérique latine et Caraïbes	1
#53B400	3.048	1967	Argentine	9	Argentine	Amérique latine et Caraïbes	1
#53B400	3.049	1968	Argentine	9	Argentine	Amérique latine et Caraïbes	1
#53B400	3.056	1969	Argentine	9	Argentine	Amérique latine et Caraïbes	1
#53B400	3.073	1970	Argentine	9	Argentine	Amérique latine et Caraïbes	1
#53B400	3.104	1971	Argentine	9	Argentine	Amérique latine et Caraïbes	1
#53B400	3.148	1972	Argentine	9	Argentine	Amérique latine et Caraïbes	1
#53B400	3.203	1973	Argentine	9	Argentine	Amérique latine et Caraïbes	1
#53B400	3.264	1974	Argentine	9	Argentine	Amérique latine et Caraïbes	1
#53B400	3.321	1975	Argentine	9	Argentine	Amérique latine et Caraïbes	1
#53B400	3.366	1976	Argentine	9	Argentine	Amérique latine et Caraïbes	1
#53B400	3.391	1977	Argentine	9	Argentine	Amérique latine et Caraïbes	1
#53B400	3.391	1978	Argentine	9	Argentine	Amérique latine et Caraïbes	1
#53B400	3.368	1979	Argentine	9	Argentine	Amérique latine et Caraïbes	1
#53B400	3.325	1980	Argentine	9	Argentine	Amérique latine et Caraïbes	1
#53B400	3.27	1981	Argentine	9	Argentine	Amérique latine et Caraïbes	1
#53B400	3.213	1982	Argentine	9	Argentine	Amérique latine et Caraïbes	1
#53B400	3.163	1983	Argentine	9	Argentine	Amérique latine et Caraïbes	1
#53B400	3.123	1984	Argentine	9	Argentine	Amérique latine et Caraïbes	1
#53B400	3.093	1985	Argentine	9	Argentine	Amérique latine et Caraïbes	1
#53B400	3.073	1986	Argentine	9	Argentine	Amérique latine et Caraïbes	1
#53B400	3.056	1987	Argentine	9	Argentine	Amérique latine et Caraïbes	1
#53B400	3.037	1988	Argentine	9	Argentine	Amérique latine et Caraïbes	1
#53B400	3.016	1989	Argentine	9	Argentine	Amérique latine et Caraïbes	1
#53B400	2.989	1990	Argentine	9	Argentine	Amérique latine et Caraïbes	1
#53B400	2.956	1991	Argentine	9	Argentine	Amérique latine et Caraïbes	1
#53B400	2.918	1992	Argentine	9	Argentine	Amérique latine et Caraïbes	1
#53B400	2.875	1993	Argentine	9	Argentine	Amérique latine et Caraïbes	1
#53B400	2.827	1994	Argentine	9	Argentine	Amérique latine et Caraïbes	1
#53B400	2.774	1995	Argentine	9	Argentine	Amérique latine et Caraïbes	1
#53B400	2.717	1996	Argentine	9	Argentine	Amérique latine et Caraïbes	1
#53B400	2.657	1997	Argentine	9	Argentine	Amérique latine et Caraïbes	1
#53B400	2.596	1998	Argentine	9	Argentine	Amérique latine et Caraïbes	1
#53B400	2.535	1999	Argentine	9	Argentine	Amérique latine et Caraïbes	1
#53B400	2.477	2000	Argentine	9	Argentine	Amérique latine et Caraïbes	1
#53B400	2.425	2001	Argentine	9	Argentine	Amérique latine et Caraïbes	1
#53B400	2.379	2002	Argentine	9	Argentine	Amérique latine et Caraïbes	1
#53B400	2.341	2003	Argentine	9	Argentine	Amérique latine et Caraïbes	1
#53B400	2.31	2004	Argentine	9	Argentine	Amérique latine et Caraïbes	1
#53B400	2.287	2005	Argentine	9	Argentine	Amérique latine et Caraïbes	1
#53B400	2.269	2006	Argentine	9	Argentine	Amérique latine et Caraïbes	1
#53B400	2.254	2007	Argentine	9	Argentine	Amérique latine et Caraïbes	1
#53B400	2.24	2008	Argentine	9	Argentine	Amérique latine et Caraïbes	1
#53B400	2.226	2009	Argentine	9	Argentine	Amérique latine et Caraïbes	1
#53B400	2.211	2010	Argentine	9	Argentine	Amérique latine et Caraïbes	1
#53B400	2.196	2011	Argentine	9	Argentine	Amérique latine et Caraïbes	1
#C49A00	2.69	1960	Autriche	13	Autriche	Europe et Asie centrale	1
#C49A00	2.799	1961	Autriche	13	Autriche	Europe et Asie centrale	1
#C49A00	2.798	1962	Autriche	13	Autriche	Europe et Asie centrale	1
#C49A00	2.811	1963	Autriche	13	Autriche	Europe et Asie centrale	1
#C49A00	2.77	1964	Autriche	13	Autriche	Europe et Asie centrale	1
#C49A00	2.685	1965	Autriche	13	Autriche	Europe et Asie centrale	1
#C49A00	2.662	1966	Autriche	13	Autriche	Europe et Asie centrale	1
#C49A00	2.63	1967	Autriche	13	Autriche	Europe et Asie centrale	1
#C49A00	2.591	1968	Autriche	13	Autriche	Europe et Asie centrale	1
#C49A00	2.496	1969	Autriche	13	Autriche	Europe et Asie centrale	1
#C49A00	2.29	1970	Autriche	13	Autriche	Europe et Asie centrale	1
#C49A00	2.202	1971	Autriche	13	Autriche	Europe et Asie centrale	1
#C49A00	2.102	1972	Autriche	13	Autriche	Europe et Asie centrale	1
#C49A00	1.97	1973	Autriche	13	Autriche	Europe et Asie centrale	1
#C49A00	1.95	1974	Autriche	13	Autriche	Europe et Asie centrale	1
#C49A00	1.82	1975	Autriche	13	Autriche	Europe et Asie centrale	1
#C49A00	1.698	1976	Autriche	13	Autriche	Europe et Asie centrale	1
#C49A00	1.641	1977	Autriche	13	Autriche	Europe et Asie centrale	1
#C49A00	1.621	1978	Autriche	13	Autriche	Europe et Asie centrale	1
#C49A00	1.6	1979	Autriche	13	Autriche	Europe et Asie centrale	1
#C49A00	1.62	1980	Autriche	13	Autriche	Europe et Asie centrale	1
#C49A00	1.67	1981	Autriche	13	Autriche	Europe et Asie centrale	1
#C49A00	1.66	1982	Autriche	13	Autriche	Europe et Asie centrale	1
#C49A00	1.56	1983	Autriche	13	Autriche	Europe et Asie centrale	1
#C49A00	1.53	1984	Autriche	13	Autriche	Europe et Asie centrale	1
#C49A00	1.46	1985	Autriche	13	Autriche	Europe et Asie centrale	1
#C49A00	1.47	1986	Autriche	13	Autriche	Europe et Asie centrale	1
#C49A00	1.42	1987	Autriche	13	Autriche	Europe et Asie centrale	1
#C49A00	1.43	1988	Autriche	13	Autriche	Europe et Asie centrale	1
#C49A00	1.45	1989	Autriche	13	Autriche	Europe et Asie centrale	1
#C49A00	1.45	1990	Autriche	13	Autriche	Europe et Asie centrale	1
#C49A00	1.5	1991	Autriche	13	Autriche	Europe et Asie centrale	1
#C49A00	1.49	1992	Autriche	13	Autriche	Europe et Asie centrale	1
#C49A00	1.48	1993	Autriche	13	Autriche	Europe et Asie centrale	1
#C49A00	1.44	1994	Autriche	13	Autriche	Europe et Asie centrale	1
#C49A00	1.4	1995	Autriche	13	Autriche	Europe et Asie centrale	1
#C49A00	1.42	1996	Autriche	13	Autriche	Europe et Asie centrale	1
#C49A00	1.36	1997	Autriche	13	Autriche	Europe et Asie centrale	1
#C49A00	1.37	1998	Autriche	13	Autriche	Europe et Asie centrale	1
#C49A00	1.34	1999	Autriche	13	Autriche	Europe et Asie centrale	1
#C49A00	1.36	2000	Autriche	13	Autriche	Europe et Asie centrale	1
#C49A00	1.33	2001	Autriche	13	Autriche	Europe et Asie centrale	1
#C49A00	1.39	2002	Autriche	13	Autriche	Europe et Asie centrale	1
#C49A00	1.38	2003	Autriche	13	Autriche	Europe et Asie centrale	1
#C49A00	1.42	2004	Autriche	13	Autriche	Europe et Asie centrale	1
#C49A00	1.41	2005	Autriche	13	Autriche	Europe et Asie centrale	1
#C49A00	1.41	2006	Autriche	13	Autriche	Europe et Asie centrale	1
#C49A00	1.38	2007	Autriche	13	Autriche	Europe et Asie centrale	1
#C49A00	1.41	2008	Autriche	13	Autriche	Europe et Asie centrale	1
#C49A00	1.39	2009	Autriche	13	Autriche	Europe et Asie centrale	1
#C49A00	1.44	2010	Autriche	13	Autriche	Europe et Asie centrale	1
#C49A00	1.42	2011	Autriche	13	Autriche	Europe et Asie centrale	1
#F8766D	3.453	1960	Australie	12	Australie	Asie de l'Est et Pacifique	1
#F8766D	3.54	1961	Australie	12	Australie	Asie de l'Est et Pacifique	1
#F8766D	3.442	1962	Australie	12	Australie	Asie de l'Est et Pacifique	1
#F8766D	3.332	1963	Australie	12	Australie	Asie de l'Est et Pacifique	1
#F8766D	3.146	1964	Australie	12	Australie	Asie de l'Est et Pacifique	1
#F8766D	2.977	1965	Australie	12	Australie	Asie de l'Est et Pacifique	1
#F8766D	2.881	1966	Australie	12	Australie	Asie de l'Est et Pacifique	1
#F8766D	2.848	1967	Australie	12	Australie	Asie de l'Est et Pacifique	1
#F8766D	2.888	1968	Australie	12	Australie	Asie de l'Est et Pacifique	1
#F8766D	2.886	1969	Australie	12	Australie	Asie de l'Est et Pacifique	1
#F8766D	2.859	1970	Australie	12	Australie	Asie de l'Est et Pacifique	1
#F8766D	2.961	1971	Australie	12	Australie	Asie de l'Est et Pacifique	1
#F8766D	2.744	1972	Australie	12	Australie	Asie de l'Est et Pacifique	1
#F8766D	2.491	1973	Australie	12	Australie	Asie de l'Est et Pacifique	1
#F8766D	2.397	1974	Australie	12	Australie	Asie de l'Est et Pacifique	1
#F8766D	2.148	1975	Australie	12	Australie	Asie de l'Est et Pacifique	1
#F8766D	2.06	1976	Australie	12	Australie	Asie de l'Est et Pacifique	1
#F8766D	2.007	1977	Australie	12	Australie	Asie de l'Est et Pacifique	1
#F8766D	1.949	1978	Australie	12	Australie	Asie de l'Est et Pacifique	1
#F8766D	1.907	1979	Australie	12	Australie	Asie de l'Est et Pacifique	1
#F8766D	1.891	1980	Australie	12	Australie	Asie de l'Est et Pacifique	1
#F8766D	1.935	1981	Australie	12	Australie	Asie de l'Est et Pacifique	1
#F8766D	1.929	1982	Australie	12	Australie	Asie de l'Est et Pacifique	1
#F8766D	1.924	1983	Australie	12	Australie	Asie de l'Est et Pacifique	1
#F8766D	1.84	1984	Australie	12	Australie	Asie de l'Est et Pacifique	1
#F8766D	1.923	1985	Australie	12	Australie	Asie de l'Est et Pacifique	1
#F8766D	1.868	1986	Australie	12	Australie	Asie de l'Est et Pacifique	1
#F8766D	1.845	1987	Australie	12	Australie	Asie de l'Est et Pacifique	1
#F8766D	1.831	1988	Australie	12	Australie	Asie de l'Est et Pacifique	1
#F8766D	1.838	1989	Australie	12	Australie	Asie de l'Est et Pacifique	1
#F8766D	1.902	1990	Australie	12	Australie	Asie de l'Est et Pacifique	1
#F8766D	1.849	1991	Australie	12	Australie	Asie de l'Est et Pacifique	1
#F8766D	1.888	1992	Australie	12	Australie	Asie de l'Est et Pacifique	1
#F8766D	1.859	1993	Australie	12	Australie	Asie de l'Est et Pacifique	1
#F8766D	1.842	1994	Australie	12	Australie	Asie de l'Est et Pacifique	1
#F8766D	1.822	1995	Australie	12	Australie	Asie de l'Est et Pacifique	1
#F8766D	1.796	1996	Australie	12	Australie	Asie de l'Est et Pacifique	1
#F8766D	1.778	1997	Australie	12	Australie	Asie de l'Est et Pacifique	1
#F8766D	1.762	1998	Australie	12	Australie	Asie de l'Est et Pacifique	1
#F8766D	1.755	1999	Australie	12	Australie	Asie de l'Est et Pacifique	1
#F8766D	1.756	2000	Australie	12	Australie	Asie de l'Est et Pacifique	1
#F8766D	1.739	2001	Australie	12	Australie	Asie de l'Est et Pacifique	1
#F8766D	1.756	2002	Australie	12	Australie	Asie de l'Est et Pacifique	1
#F8766D	1.748	2003	Australie	12	Australie	Asie de l'Est et Pacifique	1
#F8766D	1.768	2004	Australie	12	Australie	Asie de l'Est et Pacifique	1
#F8766D	1.807	2005	Australie	12	Australie	Asie de l'Est et Pacifique	1
#F8766D	1.883	2006	Australie	12	Australie	Asie de l'Est et Pacifique	1
#F8766D	1.931	2007	Australie	12	Australie	Asie de l'Est et Pacifique	1
#F8766D	1.933	2008	Australie	12	Australie	Asie de l'Est et Pacifique	1
#F8766D	1.857	2009	Australie	12	Australie	Asie de l'Est et Pacifique	1
#F8766D	1.87	2010	Australie	12	Australie	Asie de l'Est et Pacifique	1
#F8766D	1.87	2011	Australie	12	Australie	Asie de l'Est et Pacifique	1
#53B400	4.82	1960	Aruba	11	Aruba	Amérique latine et Caraïbes	1
#53B400	4.655	1961	Aruba	11	Aruba	Amérique latine et Caraïbes	1
#53B400	4.471	1962	Aruba	11	Aruba	Amérique latine et Caraïbes	1
#53B400	4.271	1963	Aruba	11	Aruba	Amérique latine et Caraïbes	1
#53B400	4.059	1964	Aruba	11	Aruba	Amérique latine et Caraïbes	1
#53B400	3.842	1965	Aruba	11	Aruba	Amérique latine et Caraïbes	1
#53B400	3.625	1966	Aruba	11	Aruba	Amérique latine et Caraïbes	1
#53B400	3.417	1967	Aruba	11	Aruba	Amérique latine et Caraïbes	1
#53B400	3.226	1968	Aruba	11	Aruba	Amérique latine et Caraïbes	1
#53B400	3.054	1969	Aruba	11	Aruba	Amérique latine et Caraïbes	1
#53B400	2.908	1970	Aruba	11	Aruba	Amérique latine et Caraïbes	1
#53B400	2.788	1971	Aruba	11	Aruba	Amérique latine et Caraïbes	1
#53B400	2.691	1972	Aruba	11	Aruba	Amérique latine et Caraïbes	1
#53B400	2.613	1973	Aruba	11	Aruba	Amérique latine et Caraïbes	1
#53B400	2.552	1974	Aruba	11	Aruba	Amérique latine et Caraïbes	1
#53B400	2.506	1975	Aruba	11	Aruba	Amérique latine et Caraïbes	1
#53B400	2.472	1976	Aruba	11	Aruba	Amérique latine et Caraïbes	1
#53B400	2.446	1977	Aruba	11	Aruba	Amérique latine et Caraïbes	1
#53B400	2.425	1978	Aruba	11	Aruba	Amérique latine et Caraïbes	1
#53B400	2.408	1979	Aruba	11	Aruba	Amérique latine et Caraïbes	1
#53B400	2.392	1980	Aruba	11	Aruba	Amérique latine et Caraïbes	1
#53B400	2.377	1981	Aruba	11	Aruba	Amérique latine et Caraïbes	1
#53B400	2.364	1982	Aruba	11	Aruba	Amérique latine et Caraïbes	1
#53B400	2.353	1983	Aruba	11	Aruba	Amérique latine et Caraïbes	1
#53B400	2.342	1984	Aruba	11	Aruba	Amérique latine et Caraïbes	1
#53B400	2.332	1985	Aruba	11	Aruba	Amérique latine et Caraïbes	1
#53B400	2.32	1986	Aruba	11	Aruba	Amérique latine et Caraïbes	1
#53B400	2.307	1987	Aruba	11	Aruba	Amérique latine et Caraïbes	1
#53B400	2.291	1988	Aruba	11	Aruba	Amérique latine et Caraïbes	1
#53B400	2.272	1989	Aruba	11	Aruba	Amérique latine et Caraïbes	1
#53B400	2.249	1990	Aruba	11	Aruba	Amérique latine et Caraïbes	1
#53B400	2.221	1991	Aruba	11	Aruba	Amérique latine et Caraïbes	1
#53B400	2.187	1992	Aruba	11	Aruba	Amérique latine et Caraïbes	1
#53B400	2.149	1993	Aruba	11	Aruba	Amérique latine et Caraïbes	1
#53B400	2.108	1994	Aruba	11	Aruba	Amérique latine et Caraïbes	1
#53B400	2.064	1995	Aruba	11	Aruba	Amérique latine et Caraïbes	1
#53B400	2.021	1996	Aruba	11	Aruba	Amérique latine et Caraïbes	1
#53B400	1.979	1997	Aruba	11	Aruba	Amérique latine et Caraïbes	1
#53B400	1.94	1998	Aruba	11	Aruba	Amérique latine et Caraïbes	1
#53B400	1.905	1999	Aruba	11	Aruba	Amérique latine et Caraïbes	1
#53B400	1.874	2000	Aruba	11	Aruba	Amérique latine et Caraïbes	1
#53B400	1.848	2001	Aruba	11	Aruba	Amérique latine et Caraïbes	1
#53B400	1.825	2002	Aruba	11	Aruba	Amérique latine et Caraïbes	1
#53B400	1.805	2003	Aruba	11	Aruba	Amérique latine et Caraïbes	1
#53B400	1.787	2004	Aruba	11	Aruba	Amérique latine et Caraïbes	1
#53B400	1.77	2005	Aruba	11	Aruba	Amérique latine et Caraïbes	1
#53B400	1.755	2006	Aruba	11	Aruba	Amérique latine et Caraïbes	1
#53B400	1.74	2007	Aruba	11	Aruba	Amérique latine et Caraïbes	1
#53B400	1.726	2008	Aruba	11	Aruba	Amérique latine et Caraïbes	1
#53B400	1.713	2009	Aruba	11	Aruba	Amérique latine et Caraïbes	1
#53B400	1.699	2010	Aruba	11	Aruba	Amérique latine et Caraïbes	1
#53B400	1.687	2011	Aruba	11	Aruba	Amérique latine et Caraïbes	1
#C49A00	5.571	1960	Azerbaïdjan	14	Azerbaïdjan	Europe et Asie centrale	1
#C49A00	5.596	1961	Azerbaïdjan	14	Azerbaïdjan	Europe et Asie centrale	1
#C49A00	5.591	1962	Azerbaïdjan	14	Azerbaïdjan	Europe et Asie centrale	1
#C49A00	5.549	1963	Azerbaïdjan	14	Azerbaïdjan	Europe et Asie centrale	1
#C49A00	5.468	1964	Azerbaïdjan	14	Azerbaïdjan	Europe et Asie centrale	1
#C49A00	5.352	1965	Azerbaïdjan	14	Azerbaïdjan	Europe et Asie centrale	1
#C49A00	5.21	1966	Azerbaïdjan	14	Azerbaïdjan	Europe et Asie centrale	1
#C49A00	5.056	1967	Azerbaïdjan	14	Azerbaïdjan	Europe et Asie centrale	1
#C49A00	4.901	1968	Azerbaïdjan	14	Azerbaïdjan	Europe et Asie centrale	1
#C49A00	4.753	1969	Azerbaïdjan	14	Azerbaïdjan	Europe et Asie centrale	1
#C49A00	4.612	1970	Azerbaïdjan	14	Azerbaïdjan	Europe et Asie centrale	1
#C49A00	4.479	1971	Azerbaïdjan	14	Azerbaïdjan	Europe et Asie centrale	1
#C49A00	4.348	1972	Azerbaïdjan	14	Azerbaïdjan	Europe et Asie centrale	1
#C49A00	4.216	1973	Azerbaïdjan	14	Azerbaïdjan	Europe et Asie centrale	1
#C49A00	4.084	1974	Azerbaïdjan	14	Azerbaïdjan	Europe et Asie centrale	1
#C49A00	3.95	1975	Azerbaïdjan	14	Azerbaïdjan	Europe et Asie centrale	1
#C49A00	3.814	1976	Azerbaïdjan	14	Azerbaïdjan	Europe et Asie centrale	1
#C49A00	3.676	1977	Azerbaïdjan	14	Azerbaïdjan	Europe et Asie centrale	1
#C49A00	3.539	1978	Azerbaïdjan	14	Azerbaïdjan	Europe et Asie centrale	1
#C49A00	3.407	1979	Azerbaïdjan	14	Azerbaïdjan	Europe et Asie centrale	1
#C49A00	3.286	1980	Azerbaïdjan	14	Azerbaïdjan	Europe et Asie centrale	1
#C49A00	3.179	1981	Azerbaïdjan	14	Azerbaïdjan	Europe et Asie centrale	1
#C49A00	3.092	1982	Azerbaïdjan	14	Azerbaïdjan	Europe et Asie centrale	1
#C49A00	3.026	1983	Azerbaïdjan	14	Azerbaïdjan	Europe et Asie centrale	1
#C49A00	2.98	1984	Azerbaïdjan	14	Azerbaïdjan	Europe et Asie centrale	1
#C49A00	2.91	1985	Azerbaïdjan	14	Azerbaïdjan	Europe et Asie centrale	1
#C49A00	2.9	1986	Azerbaïdjan	14	Azerbaïdjan	Europe et Asie centrale	1
#C49A00	2.9026	1987	Azerbaïdjan	14	Azerbaïdjan	Europe et Asie centrale	1
#C49A00	2.8	1988	Azerbaïdjan	14	Azerbaïdjan	Europe et Asie centrale	1
#C49A00	2.8	1989	Azerbaïdjan	14	Azerbaïdjan	Europe et Asie centrale	1
#C49A00	2.74	1990	Azerbaïdjan	14	Azerbaïdjan	Europe et Asie centrale	1
#C49A00	2.87	1991	Azerbaïdjan	14	Azerbaïdjan	Europe et Asie centrale	1
#C49A00	2.74	1992	Azerbaïdjan	14	Azerbaïdjan	Europe et Asie centrale	1
#C49A00	2.7	1993	Azerbaïdjan	14	Azerbaïdjan	Europe et Asie centrale	1
#C49A00	2.52	1994	Azerbaïdjan	14	Azerbaïdjan	Europe et Asie centrale	1
#C49A00	2.29	1995	Azerbaïdjan	14	Azerbaïdjan	Europe et Asie centrale	1
#C49A00	2.06	1996	Azerbaïdjan	14	Azerbaïdjan	Europe et Asie centrale	1
#C49A00	2.07	1997	Azerbaïdjan	14	Azerbaïdjan	Europe et Asie centrale	1
#C49A00	2	1998	Azerbaïdjan	14	Azerbaïdjan	Europe et Asie centrale	1
#C49A00	2.07	1999	Azerbaïdjan	14	Azerbaïdjan	Europe et Asie centrale	1
#C49A00	2	2000	Azerbaïdjan	14	Azerbaïdjan	Europe et Asie centrale	1
#C49A00	1.8	2001	Azerbaïdjan	14	Azerbaïdjan	Europe et Asie centrale	1
#C49A00	1.8	2002	Azerbaïdjan	14	Azerbaïdjan	Europe et Asie centrale	1
#C49A00	1.9	2003	Azerbaïdjan	14	Azerbaïdjan	Europe et Asie centrale	1
#C49A00	2.0535	2004	Azerbaïdjan	14	Azerbaïdjan	Europe et Asie centrale	1
#C49A00	2	2005	Azerbaïdjan	14	Azerbaïdjan	Europe et Asie centrale	1
#C49A00	1.97	2006	Azerbaïdjan	14	Azerbaïdjan	Europe et Asie centrale	1
#C49A00	1.97	2007	Azerbaïdjan	14	Azerbaïdjan	Europe et Asie centrale	1
#C49A00	1.9	2008	Azerbaïdjan	14	Azerbaïdjan	Europe et Asie centrale	1
#C49A00	1.82	2009	Azerbaïdjan	14	Azerbaïdjan	Europe et Asie centrale	1
#C49A00	1.92	2010	Azerbaïdjan	14	Azerbaïdjan	Europe et Asie centrale	1
#C49A00	1.92	2011	Azerbaïdjan	14	Azerbaïdjan	Europe et Asie centrale	1
#C49A00	4.052	1960	Bosnie-Herzégovine	26	Bosnie-Herzégovine	Europe et Asie centrale	1
#C49A00	3.954	1961	Bosnie-Herzégovine	26	Bosnie-Herzégovine	Europe et Asie centrale	1
#C49A00	3.849	1962	Bosnie-Herzégovine	26	Bosnie-Herzégovine	Europe et Asie centrale	1
#C49A00	3.737	1963	Bosnie-Herzégovine	26	Bosnie-Herzégovine	Europe et Asie centrale	1
#C49A00	3.619	1964	Bosnie-Herzégovine	26	Bosnie-Herzégovine	Europe et Asie centrale	1
#C49A00	3.495	1965	Bosnie-Herzégovine	26	Bosnie-Herzégovine	Europe et Asie centrale	1
#C49A00	3.367	1966	Bosnie-Herzégovine	26	Bosnie-Herzégovine	Europe et Asie centrale	1
#C49A00	3.239	1967	Bosnie-Herzégovine	26	Bosnie-Herzégovine	Europe et Asie centrale	1
#C49A00	3.114	1968	Bosnie-Herzégovine	26	Bosnie-Herzégovine	Europe et Asie centrale	1
#C49A00	2.994	1969	Bosnie-Herzégovine	26	Bosnie-Herzégovine	Europe et Asie centrale	1
#C49A00	2.881	1970	Bosnie-Herzégovine	26	Bosnie-Herzégovine	Europe et Asie centrale	1
#C49A00	2.775	1971	Bosnie-Herzégovine	26	Bosnie-Herzégovine	Europe et Asie centrale	1
#C49A00	2.675	1972	Bosnie-Herzégovine	26	Bosnie-Herzégovine	Europe et Asie centrale	1
#C49A00	2.581	1973	Bosnie-Herzégovine	26	Bosnie-Herzégovine	Europe et Asie centrale	1
#C49A00	2.493	1974	Bosnie-Herzégovine	26	Bosnie-Herzégovine	Europe et Asie centrale	1
#C49A00	2.412	1975	Bosnie-Herzégovine	26	Bosnie-Herzégovine	Europe et Asie centrale	1
#C49A00	2.336	1976	Bosnie-Herzégovine	26	Bosnie-Herzégovine	Europe et Asie centrale	1
#C49A00	2.267	1977	Bosnie-Herzégovine	26	Bosnie-Herzégovine	Europe et Asie centrale	1
#C49A00	2.202	1978	Bosnie-Herzégovine	26	Bosnie-Herzégovine	Europe et Asie centrale	1
#C49A00	2.144	1979	Bosnie-Herzégovine	26	Bosnie-Herzégovine	Europe et Asie centrale	1
#C49A00	2.092	1980	Bosnie-Herzégovine	26	Bosnie-Herzégovine	Europe et Asie centrale	1
#C49A00	2.05	1981	Bosnie-Herzégovine	26	Bosnie-Herzégovine	Europe et Asie centrale	1
#C49A00	2.017	1982	Bosnie-Herzégovine	26	Bosnie-Herzégovine	Europe et Asie centrale	1
#C49A00	1.992	1983	Bosnie-Herzégovine	26	Bosnie-Herzégovine	Europe et Asie centrale	1
#C49A00	1.973	1984	Bosnie-Herzégovine	26	Bosnie-Herzégovine	Europe et Asie centrale	1
#C49A00	1.953	1985	Bosnie-Herzégovine	26	Bosnie-Herzégovine	Europe et Asie centrale	1
#C49A00	1.925	1986	Bosnie-Herzégovine	26	Bosnie-Herzégovine	Europe et Asie centrale	1
#C49A00	1.887	1987	Bosnie-Herzégovine	26	Bosnie-Herzégovine	Europe et Asie centrale	1
#C49A00	1.836	1988	Bosnie-Herzégovine	26	Bosnie-Herzégovine	Europe et Asie centrale	1
#C49A00	1.775	1989	Bosnie-Herzégovine	26	Bosnie-Herzégovine	Europe et Asie centrale	1
#C49A00	1.708	1990	Bosnie-Herzégovine	26	Bosnie-Herzégovine	Europe et Asie centrale	1
#C49A00	1.645	1991	Bosnie-Herzégovine	26	Bosnie-Herzégovine	Europe et Asie centrale	1
#C49A00	1.592	1992	Bosnie-Herzégovine	26	Bosnie-Herzégovine	Europe et Asie centrale	1
#C49A00	1.556	1993	Bosnie-Herzégovine	26	Bosnie-Herzégovine	Europe et Asie centrale	1
#C49A00	1.534	1994	Bosnie-Herzégovine	26	Bosnie-Herzégovine	Europe et Asie centrale	1
#C49A00	1.524	1995	Bosnie-Herzégovine	26	Bosnie-Herzégovine	Europe et Asie centrale	1
#C49A00	1.518	1996	Bosnie-Herzégovine	26	Bosnie-Herzégovine	Europe et Asie centrale	1
#C49A00	1.508	1997	Bosnie-Herzégovine	26	Bosnie-Herzégovine	Europe et Asie centrale	1
#C49A00	1.487	1998	Bosnie-Herzégovine	26	Bosnie-Herzégovine	Europe et Asie centrale	1
#C49A00	1.454	1999	Bosnie-Herzégovine	26	Bosnie-Herzégovine	Europe et Asie centrale	1
#C49A00	1.412	2000	Bosnie-Herzégovine	26	Bosnie-Herzégovine	Europe et Asie centrale	1
#C49A00	1.363	2001	Bosnie-Herzégovine	26	Bosnie-Herzégovine	Europe et Asie centrale	1
#C49A00	1.315	2002	Bosnie-Herzégovine	26	Bosnie-Herzégovine	Europe et Asie centrale	1
#C49A00	1.273	2003	Bosnie-Herzégovine	26	Bosnie-Herzégovine	Europe et Asie centrale	1
#C49A00	1.239	2004	Bosnie-Herzégovine	26	Bosnie-Herzégovine	Europe et Asie centrale	1
#C49A00	1.212	2005	Bosnie-Herzégovine	26	Bosnie-Herzégovine	Europe et Asie centrale	1
#C49A00	1.194	2006	Bosnie-Herzégovine	26	Bosnie-Herzégovine	Europe et Asie centrale	1
#C49A00	1.179	2007	Bosnie-Herzégovine	26	Bosnie-Herzégovine	Europe et Asie centrale	1
#C49A00	1.168	2008	Bosnie-Herzégovine	26	Bosnie-Herzégovine	Europe et Asie centrale	1
#C49A00	1.157	2009	Bosnie-Herzégovine	26	Bosnie-Herzégovine	Europe et Asie centrale	1
#C49A00	1.148	2010	Bosnie-Herzégovine	26	Bosnie-Herzégovine	Europe et Asie centrale	1
#C49A00	1.14	2011	Bosnie-Herzégovine	26	Bosnie-Herzégovine	Europe et Asie centrale	1
#53B400	4.333	1960	Barbade	18	Barbade	Amérique latine et Caraïbes	1
#53B400	4.313	1961	Barbade	18	Barbade	Amérique latine et Caraïbes	1
#53B400	4.269	1962	Barbade	18	Barbade	Amérique latine et Caraïbes	1
#53B400	4.196	1963	Barbade	18	Barbade	Amérique latine et Caraïbes	1
#53B400	4.094	1964	Barbade	18	Barbade	Amérique latine et Caraïbes	1
#53B400	3.963	1965	Barbade	18	Barbade	Amérique latine et Caraïbes	1
#53B400	3.807	1966	Barbade	18	Barbade	Amérique latine et Caraïbes	1
#53B400	3.637	1967	Barbade	18	Barbade	Amérique latine et Caraïbes	1
#53B400	3.46	1968	Barbade	18	Barbade	Amérique latine et Caraïbes	1
#53B400	3.284	1969	Barbade	18	Barbade	Amérique latine et Caraïbes	1
#53B400	3.113	1970	Barbade	18	Barbade	Amérique latine et Caraïbes	1
#53B400	2.949	1971	Barbade	18	Barbade	Amérique latine et Caraïbes	1
#53B400	2.794	1972	Barbade	18	Barbade	Amérique latine et Caraïbes	1
#53B400	2.648	1973	Barbade	18	Barbade	Amérique latine et Caraïbes	1
#53B400	2.513	1974	Barbade	18	Barbade	Amérique latine et Caraïbes	1
#53B400	2.393	1975	Barbade	18	Barbade	Amérique latine et Caraïbes	1
#53B400	2.288	1976	Barbade	18	Barbade	Amérique latine et Caraïbes	1
#53B400	2.198	1977	Barbade	18	Barbade	Amérique latine et Caraïbes	1
#53B400	2.121	1978	Barbade	18	Barbade	Amérique latine et Caraïbes	1
#53B400	2.057	1979	Barbade	18	Barbade	Amérique latine et Caraïbes	1
#53B400	2.004	1980	Barbade	18	Barbade	Amérique latine et Caraïbes	1
#53B400	1.96	1981	Barbade	18	Barbade	Amérique latine et Caraïbes	1
#53B400	1.922	1982	Barbade	18	Barbade	Amérique latine et Caraïbes	1
#53B400	1.889	1983	Barbade	18	Barbade	Amérique latine et Caraïbes	1
#53B400	1.858	1984	Barbade	18	Barbade	Amérique latine et Caraïbes	1
#53B400	1.83	1985	Barbade	18	Barbade	Amérique latine et Caraïbes	1
#53B400	1.806	1986	Barbade	18	Barbade	Amérique latine et Caraïbes	1
#53B400	1.786	1987	Barbade	18	Barbade	Amérique latine et Caraïbes	1
#53B400	1.77	1988	Barbade	18	Barbade	Amérique latine et Caraïbes	1
#53B400	1.758	1989	Barbade	18	Barbade	Amérique latine et Caraïbes	1
#53B400	1.748	1990	Barbade	18	Barbade	Amérique latine et Caraïbes	1
#53B400	1.739	1991	Barbade	18	Barbade	Amérique latine et Caraïbes	1
#53B400	1.73	1992	Barbade	18	Barbade	Amérique latine et Caraïbes	1
#53B400	1.719	1993	Barbade	18	Barbade	Amérique latine et Caraïbes	1
#53B400	1.705	1994	Barbade	18	Barbade	Amérique latine et Caraïbes	1
#53B400	1.688	1995	Barbade	18	Barbade	Amérique latine et Caraïbes	1
#53B400	1.667	1996	Barbade	18	Barbade	Amérique latine et Caraïbes	1
#53B400	1.641	1997	Barbade	18	Barbade	Amérique latine et Caraïbes	1
#53B400	1.614	1998	Barbade	18	Barbade	Amérique latine et Caraïbes	1
#53B400	1.585	1999	Barbade	18	Barbade	Amérique latine et Caraïbes	1
#53B400	1.558	2000	Barbade	18	Barbade	Amérique latine et Caraïbes	1
#53B400	1.534	2001	Barbade	18	Barbade	Amérique latine et Caraïbes	1
#53B400	1.516	2002	Barbade	18	Barbade	Amérique latine et Caraïbes	1
#53B400	1.504	2003	Barbade	18	Barbade	Amérique latine et Caraïbes	1
#53B400	1.5	2004	Barbade	18	Barbade	Amérique latine et Caraïbes	1
#53B400	1.501	2005	Barbade	18	Barbade	Amérique latine et Caraïbes	1
#53B400	1.508	2006	Barbade	18	Barbade	Amérique latine et Caraïbes	1
#53B400	1.518	2007	Barbade	18	Barbade	Amérique latine et Caraïbes	1
#53B400	1.529	2008	Barbade	18	Barbade	Amérique latine et Caraïbes	1
#53B400	1.541	2009	Barbade	18	Barbade	Amérique latine et Caraïbes	1
#53B400	1.551	2010	Barbade	18	Barbade	Amérique latine et Caraïbes	1
#53B400	1.561	2011	Barbade	18	Barbade	Amérique latine et Caraïbes	1
#A58AFF	6.724	1960	Bangladesh	17	Bangladesh	Asie du Sud	1
#A58AFF	6.758	1961	Bangladesh	17	Bangladesh	Asie du Sud	1
#A58AFF	6.79	1962	Bangladesh	17	Bangladesh	Asie du Sud	1
#A58AFF	6.819	1963	Bangladesh	17	Bangladesh	Asie du Sud	1
#A58AFF	6.846	1964	Bangladesh	17	Bangladesh	Asie du Sud	1
#A58AFF	6.871	1965	Bangladesh	17	Bangladesh	Asie du Sud	1
#A58AFF	6.894	1966	Bangladesh	17	Bangladesh	Asie du Sud	1
#A58AFF	6.914	1967	Bangladesh	17	Bangladesh	Asie du Sud	1
#A58AFF	6.93	1968	Bangladesh	17	Bangladesh	Asie du Sud	1
#A58AFF	6.94	1969	Bangladesh	17	Bangladesh	Asie du Sud	1
#A58AFF	6.945	1970	Bangladesh	17	Bangladesh	Asie du Sud	1
#A58AFF	6.942	1971	Bangladesh	17	Bangladesh	Asie du Sud	1
#A58AFF	6.931	1972	Bangladesh	17	Bangladesh	Asie du Sud	1
#A58AFF	6.91	1973	Bangladesh	17	Bangladesh	Asie du Sud	1
#A58AFF	6.877	1974	Bangladesh	17	Bangladesh	Asie du Sud	1
#A58AFF	6.831	1975	Bangladesh	17	Bangladesh	Asie du Sud	1
#A58AFF	6.771	1976	Bangladesh	17	Bangladesh	Asie du Sud	1
#A58AFF	6.695	1977	Bangladesh	17	Bangladesh	Asie du Sud	1
#A58AFF	6.604	1978	Bangladesh	17	Bangladesh	Asie du Sud	1
#A58AFF	6.497	1979	Bangladesh	17	Bangladesh	Asie du Sud	1
#A58AFF	6.374	1980	Bangladesh	17	Bangladesh	Asie du Sud	1
#A58AFF	6.232	1981	Bangladesh	17	Bangladesh	Asie du Sud	1
#A58AFF	6.075	1982	Bangladesh	17	Bangladesh	Asie du Sud	1
#A58AFF	5.903	1983	Bangladesh	17	Bangladesh	Asie du Sud	1
#A58AFF	5.719	1984	Bangladesh	17	Bangladesh	Asie du Sud	1
#A58AFF	5.527	1985	Bangladesh	17	Bangladesh	Asie du Sud	1
#A58AFF	5.328	1986	Bangladesh	17	Bangladesh	Asie du Sud	1
#A58AFF	5.126	1987	Bangladesh	17	Bangladesh	Asie du Sud	1
#A58AFF	4.925	1988	Bangladesh	17	Bangladesh	Asie du Sud	1
#A58AFF	4.728	1989	Bangladesh	17	Bangladesh	Asie du Sud	1
#A58AFF	4.538	1990	Bangladesh	17	Bangladesh	Asie du Sud	1
#A58AFF	4.356	1991	Bangladesh	17	Bangladesh	Asie du Sud	1
#A58AFF	4.184	1992	Bangladesh	17	Bangladesh	Asie du Sud	1
#A58AFF	4.021	1993	Bangladesh	17	Bangladesh	Asie du Sud	1
#A58AFF	3.867	1994	Bangladesh	17	Bangladesh	Asie du Sud	1
#A58AFF	3.723	1995	Bangladesh	17	Bangladesh	Asie du Sud	1
#A58AFF	3.589	1996	Bangladesh	17	Bangladesh	Asie du Sud	1
#A58AFF	3.463	1997	Bangladesh	17	Bangladesh	Asie du Sud	1
#A58AFF	3.344	1998	Bangladesh	17	Bangladesh	Asie du Sud	1
#A58AFF	3.231	1999	Bangladesh	17	Bangladesh	Asie du Sud	1
#A58AFF	3.121	2000	Bangladesh	17	Bangladesh	Asie du Sud	1
#A58AFF	3.013	2001	Bangladesh	17	Bangladesh	Asie du Sud	1
#A58AFF	2.907	2002	Bangladesh	17	Bangladesh	Asie du Sud	1
#A58AFF	2.802	2003	Bangladesh	17	Bangladesh	Asie du Sud	1
#A58AFF	2.699	2004	Bangladesh	17	Bangladesh	Asie du Sud	1
#A58AFF	2.601	2005	Bangladesh	17	Bangladesh	Asie du Sud	1
#A58AFF	2.509	2006	Bangladesh	17	Bangladesh	Asie du Sud	1
#A58AFF	2.427	2007	Bangladesh	17	Bangladesh	Asie du Sud	1
#A58AFF	2.356	2008	Bangladesh	17	Bangladesh	Asie du Sud	1
#A58AFF	2.296	2009	Bangladesh	17	Bangladesh	Asie du Sud	1
#A58AFF	2.245	2010	Bangladesh	17	Bangladesh	Asie du Sud	1
#A58AFF	2.202	2011	Bangladesh	17	Bangladesh	Asie du Sud	1
#C49A00	2.575	1960	Belgique	20	Belgique	Europe et Asie centrale	1
#C49A00	2.644	1961	Belgique	20	Belgique	Europe et Asie centrale	1
#C49A00	2.592	1962	Belgique	20	Belgique	Europe et Asie centrale	1
#C49A00	2.68	1963	Belgique	20	Belgique	Europe et Asie centrale	1
#C49A00	2.712	1964	Belgique	20	Belgique	Europe et Asie centrale	1
#C49A00	2.613	1965	Belgique	20	Belgique	Europe et Asie centrale	1
#C49A00	2.53	1966	Belgique	20	Belgique	Europe et Asie centrale	1
#C49A00	2.42	1967	Belgique	20	Belgique	Europe et Asie centrale	1
#C49A00	2.313	1968	Belgique	20	Belgique	Europe et Asie centrale	1
#C49A00	2.245	1969	Belgique	20	Belgique	Europe et Asie centrale	1
#C49A00	2.2	1970	Belgique	20	Belgique	Europe et Asie centrale	1
#C49A00	2.208	1971	Belgique	20	Belgique	Europe et Asie centrale	1
#C49A00	2.09	1972	Belgique	20	Belgique	Europe et Asie centrale	1
#C49A00	1.95	1973	Belgique	20	Belgique	Europe et Asie centrale	1
#C49A00	1.83	1974	Belgique	20	Belgique	Europe et Asie centrale	1
#C49A00	1.736	1975	Belgique	20	Belgique	Europe et Asie centrale	1
#C49A00	1.725	1976	Belgique	20	Belgique	Europe et Asie centrale	1
#C49A00	1.705	1977	Belgique	20	Belgique	Europe et Asie centrale	1
#C49A00	1.691	1978	Belgique	20	Belgique	Europe et Asie centrale	1
#C49A00	1.689	1979	Belgique	20	Belgique	Europe et Asie centrale	1
#C49A00	1.672	1980	Belgique	20	Belgique	Europe et Asie centrale	1
#C49A00	1.67	1981	Belgique	20	Belgique	Europe et Asie centrale	1
#C49A00	1.614	1982	Belgique	20	Belgique	Europe et Asie centrale	1
#C49A00	1.56	1983	Belgique	20	Belgique	Europe et Asie centrale	1
#C49A00	1.591	1984	Belgique	20	Belgique	Europe et Asie centrale	1
#C49A00	1.49	1985	Belgique	20	Belgique	Europe et Asie centrale	1
#C49A00	1.54	1986	Belgique	20	Belgique	Europe et Asie centrale	1
#C49A00	1.55	1987	Belgique	20	Belgique	Europe et Asie centrale	1
#C49A00	1.56	1988	Belgique	20	Belgique	Europe et Asie centrale	1
#C49A00	1.58	1989	Belgique	20	Belgique	Europe et Asie centrale	1
#C49A00	1.62	1990	Belgique	20	Belgique	Europe et Asie centrale	1
#C49A00	1.57	1991	Belgique	20	Belgique	Europe et Asie centrale	1
#C49A00	1.56	1992	Belgique	20	Belgique	Europe et Asie centrale	1
#C49A00	1.61	1993	Belgique	20	Belgique	Europe et Asie centrale	1
#C49A00	1.55	1994	Belgique	20	Belgique	Europe et Asie centrale	1
#C49A00	1.57	1995	Belgique	20	Belgique	Europe et Asie centrale	1
#C49A00	1.55	1996	Belgique	20	Belgique	Europe et Asie centrale	1
#C49A00	1.6	1997	Belgique	20	Belgique	Europe et Asie centrale	1
#C49A00	1.6	1998	Belgique	20	Belgique	Europe et Asie centrale	1
#C49A00	1.62	1999	Belgique	20	Belgique	Europe et Asie centrale	1
#C49A00	1.67	2000	Belgique	20	Belgique	Europe et Asie centrale	1
#C49A00	1.6632	2001	Belgique	20	Belgique	Europe et Asie centrale	1
#C49A00	1.6599	2002	Belgique	20	Belgique	Europe et Asie centrale	1
#C49A00	1.66	2003	Belgique	20	Belgique	Europe et Asie centrale	1
#C49A00	1.72	2004	Belgique	20	Belgique	Europe et Asie centrale	1
#C49A00	1.76	2005	Belgique	20	Belgique	Europe et Asie centrale	1
#C49A00	1.8	2006	Belgique	20	Belgique	Europe et Asie centrale	1
#C49A00	1.82	2007	Belgique	20	Belgique	Europe et Asie centrale	1
#C49A00	1.86	2008	Belgique	20	Belgique	Europe et Asie centrale	1
#C49A00	1.84	2009	Belgique	20	Belgique	Europe et Asie centrale	1
#C49A00	1.84	2010	Belgique	20	Belgique	Europe et Asie centrale	1
#C49A00	1.84	2011	Belgique	20	Belgique	Europe et Asie centrale	1
#FB61D7	6.291	1960	Burkina Faso	31	Burkina Faso	Afrique subsaharienne	1
#FB61D7	6.316	1961	Burkina Faso	31	Burkina Faso	Afrique subsaharienne	1
#FB61D7	6.344	1962	Burkina Faso	31	Burkina Faso	Afrique subsaharienne	1
#FB61D7	6.377	1963	Burkina Faso	31	Burkina Faso	Afrique subsaharienne	1
#FB61D7	6.414	1964	Burkina Faso	31	Burkina Faso	Afrique subsaharienne	1
#FB61D7	6.454	1965	Burkina Faso	31	Burkina Faso	Afrique subsaharienne	1
#FB61D7	6.493	1966	Burkina Faso	31	Burkina Faso	Afrique subsaharienne	1
#FB61D7	6.53	1967	Burkina Faso	31	Burkina Faso	Afrique subsaharienne	1
#FB61D7	6.563	1968	Burkina Faso	31	Burkina Faso	Afrique subsaharienne	1
#FB61D7	6.593	1969	Burkina Faso	31	Burkina Faso	Afrique subsaharienne	1
#FB61D7	6.624	1970	Burkina Faso	31	Burkina Faso	Afrique subsaharienne	1
#FB61D7	6.658	1971	Burkina Faso	31	Burkina Faso	Afrique subsaharienne	1
#FB61D7	6.7	1972	Burkina Faso	31	Burkina Faso	Afrique subsaharienne	1
#FB61D7	6.75	1973	Burkina Faso	31	Burkina Faso	Afrique subsaharienne	1
#FB61D7	6.807	1974	Burkina Faso	31	Burkina Faso	Afrique subsaharienne	1
#FB61D7	6.868	1975	Burkina Faso	31	Burkina Faso	Afrique subsaharienne	1
#FB61D7	6.927	1976	Burkina Faso	31	Burkina Faso	Afrique subsaharienne	1
#FB61D7	6.98	1977	Burkina Faso	31	Burkina Faso	Afrique subsaharienne	1
#FB61D7	7.022	1978	Burkina Faso	31	Burkina Faso	Afrique subsaharienne	1
#FB61D7	7.053	1979	Burkina Faso	31	Burkina Faso	Afrique subsaharienne	1
#FB61D7	7.069	1980	Burkina Faso	31	Burkina Faso	Afrique subsaharienne	1
#FB61D7	7.074	1981	Burkina Faso	31	Burkina Faso	Afrique subsaharienne	1
#FB61D7	7.07	1982	Burkina Faso	31	Burkina Faso	Afrique subsaharienne	1
#FB61D7	7.059	1983	Burkina Faso	31	Burkina Faso	Afrique subsaharienne	1
#FB61D7	7.043	1984	Burkina Faso	31	Burkina Faso	Afrique subsaharienne	1
#FB61D7	7.022	1985	Burkina Faso	31	Burkina Faso	Afrique subsaharienne	1
#FB61D7	6.996	1986	Burkina Faso	31	Burkina Faso	Afrique subsaharienne	1
#FB61D7	6.965	1987	Burkina Faso	31	Burkina Faso	Afrique subsaharienne	1
#FB61D7	6.93	1988	Burkina Faso	31	Burkina Faso	Afrique subsaharienne	1
#FB61D7	6.889	1989	Burkina Faso	31	Burkina Faso	Afrique subsaharienne	1
#FB61D7	6.844	1990	Burkina Faso	31	Burkina Faso	Afrique subsaharienne	1
#FB61D7	6.794	1991	Burkina Faso	31	Burkina Faso	Afrique subsaharienne	1
#FB61D7	6.739	1992	Burkina Faso	31	Burkina Faso	Afrique subsaharienne	1
#FB61D7	6.681	1993	Burkina Faso	31	Burkina Faso	Afrique subsaharienne	1
#FB61D7	6.62	1994	Burkina Faso	31	Burkina Faso	Afrique subsaharienne	1
#FB61D7	6.558	1995	Burkina Faso	31	Burkina Faso	Afrique subsaharienne	1
#FB61D7	6.495	1996	Burkina Faso	31	Burkina Faso	Afrique subsaharienne	1
#FB61D7	6.432	1997	Burkina Faso	31	Burkina Faso	Afrique subsaharienne	1
#FB61D7	6.372	1998	Burkina Faso	31	Burkina Faso	Afrique subsaharienne	1
#FB61D7	6.314	1999	Burkina Faso	31	Burkina Faso	Afrique subsaharienne	1
#FB61D7	6.259	2000	Burkina Faso	31	Burkina Faso	Afrique subsaharienne	1
#FB61D7	6.208	2001	Burkina Faso	31	Burkina Faso	Afrique subsaharienne	1
#FB61D7	6.161	2002	Burkina Faso	31	Burkina Faso	Afrique subsaharienne	1
#FB61D7	6.117	2003	Burkina Faso	31	Burkina Faso	Afrique subsaharienne	1
#FB61D7	6.075	2004	Burkina Faso	31	Burkina Faso	Afrique subsaharienne	1
#FB61D7	6.036	2005	Burkina Faso	31	Burkina Faso	Afrique subsaharienne	1
#FB61D7	5.998	2006	Burkina Faso	31	Burkina Faso	Afrique subsaharienne	1
#FB61D7	5.961	2007	Burkina Faso	31	Burkina Faso	Afrique subsaharienne	1
#FB61D7	5.924	2008	Burkina Faso	31	Burkina Faso	Afrique subsaharienne	1
#FB61D7	5.887	2009	Burkina Faso	31	Burkina Faso	Afrique subsaharienne	1
#FB61D7	5.85	2010	Burkina Faso	31	Burkina Faso	Afrique subsaharienne	1
#FB61D7	5.812	2011	Burkina Faso	31	Burkina Faso	Afrique subsaharienne	1
#C49A00	2.308	1960	Bulgarie	30	Bulgarie	Europe et Asie centrale	1
#C49A00	2.29	1961	Bulgarie	30	Bulgarie	Europe et Asie centrale	1
#C49A00	2.24	1962	Bulgarie	30	Bulgarie	Europe et Asie centrale	1
#C49A00	2.21	1963	Bulgarie	30	Bulgarie	Europe et Asie centrale	1
#C49A00	2.19	1964	Bulgarie	30	Bulgarie	Europe et Asie centrale	1
#C49A00	2.09	1965	Bulgarie	30	Bulgarie	Europe et Asie centrale	1
#C49A00	2.03	1966	Bulgarie	30	Bulgarie	Europe et Asie centrale	1
#C49A00	2.02	1967	Bulgarie	30	Bulgarie	Europe et Asie centrale	1
#C49A00	2.27	1968	Bulgarie	30	Bulgarie	Europe et Asie centrale	1
#C49A00	2.27	1969	Bulgarie	30	Bulgarie	Europe et Asie centrale	1
#C49A00	2.17	1970	Bulgarie	30	Bulgarie	Europe et Asie centrale	1
#C49A00	2.1	1971	Bulgarie	30	Bulgarie	Europe et Asie centrale	1
#C49A00	2.03	1972	Bulgarie	30	Bulgarie	Europe et Asie centrale	1
#C49A00	2.15	1973	Bulgarie	30	Bulgarie	Europe et Asie centrale	1
#C49A00	2.29	1974	Bulgarie	30	Bulgarie	Europe et Asie centrale	1
#C49A00	2.23	1975	Bulgarie	30	Bulgarie	Europe et Asie centrale	1
#C49A00	2.24	1976	Bulgarie	30	Bulgarie	Europe et Asie centrale	1
#C49A00	2.2	1977	Bulgarie	30	Bulgarie	Europe et Asie centrale	1
#C49A00	2.15	1978	Bulgarie	30	Bulgarie	Europe et Asie centrale	1
#C49A00	2.15	1979	Bulgarie	30	Bulgarie	Europe et Asie centrale	1
#C49A00	2.05	1980	Bulgarie	30	Bulgarie	Europe et Asie centrale	1
#C49A00	2.01	1981	Bulgarie	30	Bulgarie	Europe et Asie centrale	1
#C49A00	2.02	1982	Bulgarie	30	Bulgarie	Europe et Asie centrale	1
#C49A00	2	1983	Bulgarie	30	Bulgarie	Europe et Asie centrale	1
#C49A00	1.99	1984	Bulgarie	30	Bulgarie	Europe et Asie centrale	1
#C49A00	1.95	1985	Bulgarie	30	Bulgarie	Europe et Asie centrale	1
#C49A00	1.99	1986	Bulgarie	30	Bulgarie	Europe et Asie centrale	1
#C49A00	1.96	1987	Bulgarie	30	Bulgarie	Europe et Asie centrale	1
#C49A00	1.97	1988	Bulgarie	30	Bulgarie	Europe et Asie centrale	1
#C49A00	1.9	1989	Bulgarie	30	Bulgarie	Europe et Asie centrale	1
#C49A00	1.81	1990	Bulgarie	30	Bulgarie	Europe et Asie centrale	1
#C49A00	1.65	1991	Bulgarie	30	Bulgarie	Europe et Asie centrale	1
#C49A00	1.54	1992	Bulgarie	30	Bulgarie	Europe et Asie centrale	1
#C49A00	1.45	1993	Bulgarie	30	Bulgarie	Europe et Asie centrale	1
#C49A00	1.37	1994	Bulgarie	30	Bulgarie	Europe et Asie centrale	1
#C49A00	1.23	1995	Bulgarie	30	Bulgarie	Europe et Asie centrale	1
#C49A00	1.24	1996	Bulgarie	30	Bulgarie	Europe et Asie centrale	1
#C49A00	1.09	1997	Bulgarie	30	Bulgarie	Europe et Asie centrale	1
#C49A00	1.11	1998	Bulgarie	30	Bulgarie	Europe et Asie centrale	1
#C49A00	1.23	1999	Bulgarie	30	Bulgarie	Europe et Asie centrale	1
#C49A00	1.26	2000	Bulgarie	30	Bulgarie	Europe et Asie centrale	1
#C49A00	1.21	2001	Bulgarie	30	Bulgarie	Europe et Asie centrale	1
#C49A00	1.21	2002	Bulgarie	30	Bulgarie	Europe et Asie centrale	1
#C49A00	1.23	2003	Bulgarie	30	Bulgarie	Europe et Asie centrale	1
#C49A00	1.29	2004	Bulgarie	30	Bulgarie	Europe et Asie centrale	1
#C49A00	1.32	2005	Bulgarie	30	Bulgarie	Europe et Asie centrale	1
#C49A00	1.38	2006	Bulgarie	30	Bulgarie	Europe et Asie centrale	1
#C49A00	1.42	2007	Bulgarie	30	Bulgarie	Europe et Asie centrale	1
#C49A00	1.48	2008	Bulgarie	30	Bulgarie	Europe et Asie centrale	1
#C49A00	1.57	2009	Bulgarie	30	Bulgarie	Europe et Asie centrale	1
#C49A00	1.49	2010	Bulgarie	30	Bulgarie	Europe et Asie centrale	1
#C49A00	1.51	2011	Bulgarie	30	Bulgarie	Europe et Asie centrale	1
#00C094	7.09	1960	Bahreïn	16	Bahreïn	Moyen-Orient et Afrique du Nord	1
#00C094	7.132	1961	Bahreïn	16	Bahreïn	Moyen-Orient et Afrique du Nord	1
#00C094	7.168	1962	Bahreïn	16	Bahreïn	Moyen-Orient et Afrique du Nord	1
#00C094	7.19	1963	Bahreïn	16	Bahreïn	Moyen-Orient et Afrique du Nord	1
#00C094	7.192	1964	Bahreïn	16	Bahreïn	Moyen-Orient et Afrique du Nord	1
#00C094	7.165	1965	Bahreïn	16	Bahreïn	Moyen-Orient et Afrique du Nord	1
#00C094	7.101	1966	Bahreïn	16	Bahreïn	Moyen-Orient et Afrique du Nord	1
#00C094	6.998	1967	Bahreïn	16	Bahreïn	Moyen-Orient et Afrique du Nord	1
#00C094	6.86	1968	Bahreïn	16	Bahreïn	Moyen-Orient et Afrique du Nord	1
#00C094	6.69	1969	Bahreïn	16	Bahreïn	Moyen-Orient et Afrique du Nord	1
#00C094	6.498	1970	Bahreïn	16	Bahreïn	Moyen-Orient et Afrique du Nord	1
#00C094	6.293	1971	Bahreïn	16	Bahreïn	Moyen-Orient et Afrique du Nord	1
#00C094	6.089	1972	Bahreïn	16	Bahreïn	Moyen-Orient et Afrique du Nord	1
#00C094	5.895	1973	Bahreïn	16	Bahreïn	Moyen-Orient et Afrique du Nord	1
#00C094	5.716	1974	Bahreïn	16	Bahreïn	Moyen-Orient et Afrique du Nord	1
#00C094	5.556	1975	Bahreïn	16	Bahreïn	Moyen-Orient et Afrique du Nord	1
#00C094	5.414	1976	Bahreïn	16	Bahreïn	Moyen-Orient et Afrique du Nord	1
#00C094	5.283	1977	Bahreïn	16	Bahreïn	Moyen-Orient et Afrique du Nord	1
#00C094	5.157	1978	Bahreïn	16	Bahreïn	Moyen-Orient et Afrique du Nord	1
#00C094	5.036	1979	Bahreïn	16	Bahreïn	Moyen-Orient et Afrique du Nord	1
#00C094	4.917	1980	Bahreïn	16	Bahreïn	Moyen-Orient et Afrique du Nord	1
#00C094	4.803	1981	Bahreïn	16	Bahreïn	Moyen-Orient et Afrique du Nord	1
#00C094	4.692	1982	Bahreïn	16	Bahreïn	Moyen-Orient et Afrique du Nord	1
#00C094	4.583	1983	Bahreïn	16	Bahreïn	Moyen-Orient et Afrique du Nord	1
#00C094	4.476	1984	Bahreïn	16	Bahreïn	Moyen-Orient et Afrique du Nord	1
#00C094	4.365	1985	Bahreïn	16	Bahreïn	Moyen-Orient et Afrique du Nord	1
#00C094	4.249	1986	Bahreïn	16	Bahreïn	Moyen-Orient et Afrique du Nord	1
#00C094	4.124	1987	Bahreïn	16	Bahreïn	Moyen-Orient et Afrique du Nord	1
#00C094	3.991	1988	Bahreïn	16	Bahreïn	Moyen-Orient et Afrique du Nord	1
#00C094	3.852	1989	Bahreïn	16	Bahreïn	Moyen-Orient et Afrique du Nord	1
#00C094	3.709	1990	Bahreïn	16	Bahreïn	Moyen-Orient et Afrique du Nord	1
#00C094	3.567	1991	Bahreïn	16	Bahreïn	Moyen-Orient et Afrique du Nord	1
#00C094	3.43	1992	Bahreïn	16	Bahreïn	Moyen-Orient et Afrique du Nord	1
#00C094	3.303	1993	Bahreïn	16	Bahreïn	Moyen-Orient et Afrique du Nord	1
#00C094	3.188	1994	Bahreïn	16	Bahreïn	Moyen-Orient et Afrique du Nord	1
#00C094	3.085	1995	Bahreïn	16	Bahreïn	Moyen-Orient et Afrique du Nord	1
#00C094	2.994	1996	Bahreïn	16	Bahreïn	Moyen-Orient et Afrique du Nord	1
#00C094	2.913	1997	Bahreïn	16	Bahreïn	Moyen-Orient et Afrique du Nord	1
#00C094	2.84	1998	Bahreïn	16	Bahreïn	Moyen-Orient et Afrique du Nord	1
#00C094	2.775	1999	Bahreïn	16	Bahreïn	Moyen-Orient et Afrique du Nord	1
#00C094	2.72	2000	Bahreïn	16	Bahreïn	Moyen-Orient et Afrique du Nord	1
#00C094	2.677	2001	Bahreïn	16	Bahreïn	Moyen-Orient et Afrique du Nord	1
#00C094	2.647	2002	Bahreïn	16	Bahreïn	Moyen-Orient et Afrique du Nord	1
#00C094	2.629	2003	Bahreïn	16	Bahreïn	Moyen-Orient et Afrique du Nord	1
#00C094	2.621	2004	Bahreïn	16	Bahreïn	Moyen-Orient et Afrique du Nord	1
#00C094	2.618	2005	Bahreïn	16	Bahreïn	Moyen-Orient et Afrique du Nord	1
#00C094	2.616	2006	Bahreïn	16	Bahreïn	Moyen-Orient et Afrique du Nord	1
#00C094	2.609	2007	Bahreïn	16	Bahreïn	Moyen-Orient et Afrique du Nord	1
#00C094	2.595	2008	Bahreïn	16	Bahreïn	Moyen-Orient et Afrique du Nord	1
#00C094	2.572	2009	Bahreïn	16	Bahreïn	Moyen-Orient et Afrique du Nord	1
#00C094	2.54	2010	Bahreïn	16	Bahreïn	Moyen-Orient et Afrique du Nord	1
#00C094	2.501	2011	Bahreïn	16	Bahreïn	Moyen-Orient et Afrique du Nord	1
#FB61D7	6.801	1960	Burundi	32	Burundi	Afrique subsaharienne	1
#FB61D7	6.801	1961	Burundi	32	Burundi	Afrique subsaharienne	1
#FB61D7	6.801	1962	Burundi	32	Burundi	Afrique subsaharienne	1
#FB61D7	6.801	1963	Burundi	32	Burundi	Afrique subsaharienne	1
#FB61D7	6.801	1964	Burundi	32	Burundi	Afrique subsaharienne	1
#FB61D7	6.801	1965	Burundi	32	Burundi	Afrique subsaharienne	1
#FB61D7	6.801	1966	Burundi	32	Burundi	Afrique subsaharienne	1
#FB61D7	6.801	1967	Burundi	32	Burundi	Afrique subsaharienne	1
#FB61D7	6.801	1968	Burundi	32	Burundi	Afrique subsaharienne	1
#FB61D7	6.801	1969	Burundi	32	Burundi	Afrique subsaharienne	1
#FB61D7	6.802	1970	Burundi	32	Burundi	Afrique subsaharienne	1
#FB61D7	6.805	1971	Burundi	32	Burundi	Afrique subsaharienne	1
#FB61D7	6.811	1972	Burundi	32	Burundi	Afrique subsaharienne	1
#FB61D7	6.817	1973	Burundi	32	Burundi	Afrique subsaharienne	1
#FB61D7	6.823	1974	Burundi	32	Burundi	Afrique subsaharienne	1
#FB61D7	6.823	1975	Burundi	32	Burundi	Afrique subsaharienne	1
#FB61D7	6.813	1976	Burundi	32	Burundi	Afrique subsaharienne	1
#FB61D7	6.79	1977	Burundi	32	Burundi	Afrique subsaharienne	1
#FB61D7	6.753	1978	Burundi	32	Burundi	Afrique subsaharienne	1
#FB61D7	6.705	1979	Burundi	32	Burundi	Afrique subsaharienne	1
#FB61D7	6.651	1980	Burundi	32	Burundi	Afrique subsaharienne	1
#FB61D7	6.597	1981	Burundi	32	Burundi	Afrique subsaharienne	1
#FB61D7	6.549	1982	Burundi	32	Burundi	Afrique subsaharienne	1
#FB61D7	6.514	1983	Burundi	32	Burundi	Afrique subsaharienne	1
#FB61D7	6.491	1984	Burundi	32	Burundi	Afrique subsaharienne	1
#FB61D7	6.483	1985	Burundi	32	Burundi	Afrique subsaharienne	1
#FB61D7	6.485	1986	Burundi	32	Burundi	Afrique subsaharienne	1
#FB61D7	6.494	1987	Burundi	32	Burundi	Afrique subsaharienne	1
#FB61D7	6.503	1988	Burundi	32	Burundi	Afrique subsaharienne	1
#FB61D7	6.508	1989	Burundi	32	Burundi	Afrique subsaharienne	1
#FB61D7	6.505	1990	Burundi	32	Burundi	Afrique subsaharienne	1
#FB61D7	6.492	1991	Burundi	32	Burundi	Afrique subsaharienne	1
#FB61D7	6.468	1992	Burundi	32	Burundi	Afrique subsaharienne	1
#FB61D7	6.432	1993	Burundi	32	Burundi	Afrique subsaharienne	1
#FB61D7	6.381	1994	Burundi	32	Burundi	Afrique subsaharienne	1
#FB61D7	6.316	1995	Burundi	32	Burundi	Afrique subsaharienne	1
#FB61D7	6.233	1996	Burundi	32	Burundi	Afrique subsaharienne	1
#FB61D7	6.136	1997	Burundi	32	Burundi	Afrique subsaharienne	1
#FB61D7	6.026	1998	Burundi	32	Burundi	Afrique subsaharienne	1
#FB61D7	5.904	1999	Burundi	32	Burundi	Afrique subsaharienne	1
#FB61D7	5.772	2000	Burundi	32	Burundi	Afrique subsaharienne	1
#FB61D7	5.632	2001	Burundi	32	Burundi	Afrique subsaharienne	1
#FB61D7	5.484	2002	Burundi	32	Burundi	Afrique subsaharienne	1
#FB61D7	5.333	2003	Burundi	32	Burundi	Afrique subsaharienne	1
#FB61D7	5.18	2004	Burundi	32	Burundi	Afrique subsaharienne	1
#FB61D7	5.028	2005	Burundi	32	Burundi	Afrique subsaharienne	1
#FB61D7	4.88	2006	Burundi	32	Burundi	Afrique subsaharienne	1
#FB61D7	4.736	2007	Burundi	32	Burundi	Afrique subsaharienne	1
#FB61D7	4.597	2008	Burundi	32	Burundi	Afrique subsaharienne	1
#FB61D7	4.465	2009	Burundi	32	Burundi	Afrique subsaharienne	1
#FB61D7	4.338	2010	Burundi	32	Burundi	Afrique subsaharienne	1
#FB61D7	4.218	2011	Burundi	32	Burundi	Afrique subsaharienne	1
#FB61D7	6.282	1960	Bénin	22	Bénin	Afrique subsaharienne	1
#FB61D7	6.339	1961	Bénin	22	Bénin	Afrique subsaharienne	1
#FB61D7	6.394	1962	Bénin	22	Bénin	Afrique subsaharienne	1
#FB61D7	6.447	1963	Bénin	22	Bénin	Afrique subsaharienne	1
#FB61D7	6.497	1964	Bénin	22	Bénin	Afrique subsaharienne	1
#FB61D7	6.544	1965	Bénin	22	Bénin	Afrique subsaharienne	1
#FB61D7	6.588	1966	Bénin	22	Bénin	Afrique subsaharienne	1
#FB61D7	6.63	1967	Bénin	22	Bénin	Afrique subsaharienne	1
#FB61D7	6.671	1968	Bénin	22	Bénin	Afrique subsaharienne	1
#FB61D7	6.71	1969	Bénin	22	Bénin	Afrique subsaharienne	1
#FB61D7	6.748	1970	Bénin	22	Bénin	Afrique subsaharienne	1
#FB61D7	6.786	1971	Bénin	22	Bénin	Afrique subsaharienne	1
#FB61D7	6.823	1972	Bénin	22	Bénin	Afrique subsaharienne	1
#FB61D7	6.86	1973	Bénin	22	Bénin	Afrique subsaharienne	1
#FB61D7	6.896	1974	Bénin	22	Bénin	Afrique subsaharienne	1
#FB61D7	6.929	1975	Bénin	22	Bénin	Afrique subsaharienne	1
#FB61D7	6.959	1976	Bénin	22	Bénin	Afrique subsaharienne	1
#FB61D7	6.984	1977	Bénin	22	Bénin	Afrique subsaharienne	1
#FB61D7	7.004	1978	Bénin	22	Bénin	Afrique subsaharienne	1
#FB61D7	7.018	1979	Bénin	22	Bénin	Afrique subsaharienne	1
#FB61D7	7.025	1980	Bénin	22	Bénin	Afrique subsaharienne	1
#FB61D7	7.025	1981	Bénin	22	Bénin	Afrique subsaharienne	1
#FB61D7	7.021	1982	Bénin	22	Bénin	Afrique subsaharienne	1
#FB61D7	7.01	1983	Bénin	22	Bénin	Afrique subsaharienne	1
#FB61D7	6.994	1984	Bénin	22	Bénin	Afrique subsaharienne	1
#FB61D7	6.972	1985	Bénin	22	Bénin	Afrique subsaharienne	1
#FB61D7	6.942	1986	Bénin	22	Bénin	Afrique subsaharienne	1
#FB61D7	6.904	1987	Bénin	22	Bénin	Afrique subsaharienne	1
#FB61D7	6.858	1988	Bénin	22	Bénin	Afrique subsaharienne	1
#FB61D7	6.805	1989	Bénin	22	Bénin	Afrique subsaharienne	1
#FB61D7	6.744	1990	Bénin	22	Bénin	Afrique subsaharienne	1
#FB61D7	6.677	1991	Bénin	22	Bénin	Afrique subsaharienne	1
#FB61D7	6.603	1992	Bénin	22	Bénin	Afrique subsaharienne	1
#FB61D7	6.526	1993	Bénin	22	Bénin	Afrique subsaharienne	1
#FB61D7	6.446	1994	Bénin	22	Bénin	Afrique subsaharienne	1
#FB61D7	6.364	1995	Bénin	22	Bénin	Afrique subsaharienne	1
#FB61D7	6.282	1996	Bénin	22	Bénin	Afrique subsaharienne	1
#FB61D7	6.2	1997	Bénin	22	Bénin	Afrique subsaharienne	1
#FB61D7	6.12	1998	Bénin	22	Bénin	Afrique subsaharienne	1
#FB61D7	6.041	1999	Bénin	22	Bénin	Afrique subsaharienne	1
#FB61D7	5.966	2000	Bénin	22	Bénin	Afrique subsaharienne	1
#FB61D7	5.895	2001	Bénin	22	Bénin	Afrique subsaharienne	1
#FB61D7	5.828	2002	Bénin	22	Bénin	Afrique subsaharienne	1
#FB61D7	5.764	2003	Bénin	22	Bénin	Afrique subsaharienne	1
#FB61D7	5.702	2004	Bénin	22	Bénin	Afrique subsaharienne	1
#FB61D7	5.64	2005	Bénin	22	Bénin	Afrique subsaharienne	1
#FB61D7	5.577	2006	Bénin	22	Bénin	Afrique subsaharienne	1
#FB61D7	5.511	2007	Bénin	22	Bénin	Afrique subsaharienne	1
#FB61D7	5.44	2008	Bénin	22	Bénin	Afrique subsaharienne	1
#FB61D7	5.366	2009	Bénin	22	Bénin	Afrique subsaharienne	1
#FB61D7	5.287	2010	Bénin	22	Bénin	Afrique subsaharienne	1
#FB61D7	5.206	2011	Bénin	22	Bénin	Afrique subsaharienne	1
#00B6EB	1.74	2000	Bermudes	23	Bermudes	Amérique du Nord	1
#00B6EB	1.752	2005	Bermudes	23	Bermudes	Amérique du Nord	1
#00B6EB	1.7544	2006	Bermudes	23	Bermudes	Amérique du Nord	1
#00B6EB	1.7568	2007	Bermudes	23	Bermudes	Amérique du Nord	1
#00B6EB	1.7592	2008	Bermudes	23	Bermudes	Amérique du Nord	1
#00B6EB	1.7616	2009	Bermudes	23	Bermudes	Amérique du Nord	1
#00B6EB	1.764	2010	Bermudes	23	Bermudes	Amérique du Nord	1
#00B6EB	1.764	2011	Bermudes	23	Bermudes	Amérique du Nord	1
#F8766D	6.487	1960	Brunéi Darussalam	29	Brunéi Darussalam	Asie de l'Est et Pacifique	1
#F8766D	6.487	1961	Brunéi Darussalam	29	Brunéi Darussalam	Asie de l'Est et Pacifique	1
#F8766D	6.448	1962	Brunéi Darussalam	29	Brunéi Darussalam	Asie de l'Est et Pacifique	1
#F8766D	6.36	1963	Brunéi Darussalam	29	Brunéi Darussalam	Asie de l'Est et Pacifique	1
#F8766D	6.227	1964	Brunéi Darussalam	29	Brunéi Darussalam	Asie de l'Est et Pacifique	1
#F8766D	6.068	1965	Brunéi Darussalam	29	Brunéi Darussalam	Asie de l'Est et Pacifique	1
#F8766D	5.918	1966	Brunéi Darussalam	29	Brunéi Darussalam	Asie de l'Est et Pacifique	1
#F8766D	5.804	1967	Brunéi Darussalam	29	Brunéi Darussalam	Asie de l'Est et Pacifique	1
#F8766D	5.742	1968	Brunéi Darussalam	29	Brunéi Darussalam	Asie de l'Est et Pacifique	1
#F8766D	5.731	1969	Brunéi Darussalam	29	Brunéi Darussalam	Asie de l'Est et Pacifique	1
#F8766D	5.751	1970	Brunéi Darussalam	29	Brunéi Darussalam	Asie de l'Est et Pacifique	1
#F8766D	5.771	1971	Brunéi Darussalam	29	Brunéi Darussalam	Asie de l'Est et Pacifique	1
#F8766D	5.758	1972	Brunéi Darussalam	29	Brunéi Darussalam	Asie de l'Est et Pacifique	1
#F8766D	5.687	1973	Brunéi Darussalam	29	Brunéi Darussalam	Asie de l'Est et Pacifique	1
#F8766D	5.555	1974	Brunéi Darussalam	29	Brunéi Darussalam	Asie de l'Est et Pacifique	1
#F8766D	5.365	1975	Brunéi Darussalam	29	Brunéi Darussalam	Asie de l'Est et Pacifique	1
#F8766D	5.132	1976	Brunéi Darussalam	29	Brunéi Darussalam	Asie de l'Est et Pacifique	1
#F8766D	4.884	1977	Brunéi Darussalam	29	Brunéi Darussalam	Asie de l'Est et Pacifique	1
#F8766D	4.645	1978	Brunéi Darussalam	29	Brunéi Darussalam	Asie de l'Est et Pacifique	1
#F8766D	4.429	1979	Brunéi Darussalam	29	Brunéi Darussalam	Asie de l'Est et Pacifique	1
#F8766D	4.246	1980	Brunéi Darussalam	29	Brunéi Darussalam	Asie de l'Est et Pacifique	1
#F8766D	4.103	1981	Brunéi Darussalam	29	Brunéi Darussalam	Asie de l'Est et Pacifique	1
#F8766D	3.992	1982	Brunéi Darussalam	29	Brunéi Darussalam	Asie de l'Est et Pacifique	1
#F8766D	3.906	1983	Brunéi Darussalam	29	Brunéi Darussalam	Asie de l'Est et Pacifique	1
#F8766D	3.843	1984	Brunéi Darussalam	29	Brunéi Darussalam	Asie de l'Est et Pacifique	1
#F8766D	3.794	1985	Brunéi Darussalam	29	Brunéi Darussalam	Asie de l'Est et Pacifique	1
#F8766D	3.755	1986	Brunéi Darussalam	29	Brunéi Darussalam	Asie de l'Est et Pacifique	1
#F8766D	3.715	1987	Brunéi Darussalam	29	Brunéi Darussalam	Asie de l'Est et Pacifique	1
#F8766D	3.668	1988	Brunéi Darussalam	29	Brunéi Darussalam	Asie de l'Est et Pacifique	1
#F8766D	3.608	1989	Brunéi Darussalam	29	Brunéi Darussalam	Asie de l'Est et Pacifique	1
#F8766D	3.532	1990	Brunéi Darussalam	29	Brunéi Darussalam	Asie de l'Est et Pacifique	1
#F8766D	3.435	1991	Brunéi Darussalam	29	Brunéi Darussalam	Asie de l'Est et Pacifique	1
#F8766D	3.321	1992	Brunéi Darussalam	29	Brunéi Darussalam	Asie de l'Est et Pacifique	1
#F8766D	3.197	1993	Brunéi Darussalam	29	Brunéi Darussalam	Asie de l'Est et Pacifique	1
#F8766D	3.064	1994	Brunéi Darussalam	29	Brunéi Darussalam	Asie de l'Est et Pacifique	1
#F8766D	2.929	1995	Brunéi Darussalam	29	Brunéi Darussalam	Asie de l'Est et Pacifique	1
#F8766D	2.798	1996	Brunéi Darussalam	29	Brunéi Darussalam	Asie de l'Est et Pacifique	1
#F8766D	2.677	1997	Brunéi Darussalam	29	Brunéi Darussalam	Asie de l'Est et Pacifique	1
#F8766D	2.569	1998	Brunéi Darussalam	29	Brunéi Darussalam	Asie de l'Est et Pacifique	1
#F8766D	2.477	1999	Brunéi Darussalam	29	Brunéi Darussalam	Asie de l'Est et Pacifique	1
#F8766D	2.401	2000	Brunéi Darussalam	29	Brunéi Darussalam	Asie de l'Est et Pacifique	1
#F8766D	2.341	2001	Brunéi Darussalam	29	Brunéi Darussalam	Asie de l'Est et Pacifique	1
#F8766D	2.292	2002	Brunéi Darussalam	29	Brunéi Darussalam	Asie de l'Est et Pacifique	1
#F8766D	2.25	2003	Brunéi Darussalam	29	Brunéi Darussalam	Asie de l'Est et Pacifique	1
#F8766D	2.213	2004	Brunéi Darussalam	29	Brunéi Darussalam	Asie de l'Est et Pacifique	1
#F8766D	2.179	2005	Brunéi Darussalam	29	Brunéi Darussalam	Asie de l'Est et Pacifique	1
#F8766D	2.148	2006	Brunéi Darussalam	29	Brunéi Darussalam	Asie de l'Est et Pacifique	1
#F8766D	2.119	2007	Brunéi Darussalam	29	Brunéi Darussalam	Asie de l'Est et Pacifique	1
#F8766D	2.092	2008	Brunéi Darussalam	29	Brunéi Darussalam	Asie de l'Est et Pacifique	1
#F8766D	2.066	2009	Brunéi Darussalam	29	Brunéi Darussalam	Asie de l'Est et Pacifique	1
#F8766D	2.042	2010	Brunéi Darussalam	29	Brunéi Darussalam	Asie de l'Est et Pacifique	1
#F8766D	2.017	2011	Brunéi Darussalam	29	Brunéi Darussalam	Asie de l'Est et Pacifique	1
#53B400	6.696	1960	Bolivie	25	Bolivie	Amérique latine et Caraïbes	1
#53B400	6.672	1961	Bolivie	25	Bolivie	Amérique latine et Caraïbes	1
#53B400	6.648	1962	Bolivie	25	Bolivie	Amérique latine et Caraïbes	1
#53B400	6.627	1963	Bolivie	25	Bolivie	Amérique latine et Caraïbes	1
#53B400	6.607	1964	Bolivie	25	Bolivie	Amérique latine et Caraïbes	1
#53B400	6.593	1965	Bolivie	25	Bolivie	Amérique latine et Caraïbes	1
#53B400	6.586	1966	Bolivie	25	Bolivie	Amérique latine et Caraïbes	1
#53B400	6.585	1967	Bolivie	25	Bolivie	Amérique latine et Caraïbes	1
#53B400	6.587	1968	Bolivie	25	Bolivie	Amérique latine et Caraïbes	1
#53B400	6.587	1969	Bolivie	25	Bolivie	Amérique latine et Caraïbes	1
#53B400	6.578	1970	Bolivie	25	Bolivie	Amérique latine et Caraïbes	1
#53B400	6.549	1971	Bolivie	25	Bolivie	Amérique latine et Caraïbes	1
#53B400	6.496	1972	Bolivie	25	Bolivie	Amérique latine et Caraïbes	1
#53B400	6.415	1973	Bolivie	25	Bolivie	Amérique latine et Caraïbes	1
#53B400	6.31	1974	Bolivie	25	Bolivie	Amérique latine et Caraïbes	1
#53B400	6.183	1975	Bolivie	25	Bolivie	Amérique latine et Caraïbes	1
#53B400	6.043	1976	Bolivie	25	Bolivie	Amérique latine et Caraïbes	1
#53B400	5.899	1977	Bolivie	25	Bolivie	Amérique latine et Caraïbes	1
#53B400	5.761	1978	Bolivie	25	Bolivie	Amérique latine et Caraïbes	1
#53B400	5.634	1979	Bolivie	25	Bolivie	Amérique latine et Caraïbes	1
#53B400	5.521	1980	Bolivie	25	Bolivie	Amérique latine et Caraïbes	1
#53B400	5.423	1981	Bolivie	25	Bolivie	Amérique latine et Caraïbes	1
#53B400	5.337	1982	Bolivie	25	Bolivie	Amérique latine et Caraïbes	1
#53B400	5.259	1983	Bolivie	25	Bolivie	Amérique latine et Caraïbes	1
#53B400	5.189	1984	Bolivie	25	Bolivie	Amérique latine et Caraïbes	1
#53B400	5.127	1985	Bolivie	25	Bolivie	Amérique latine et Caraïbes	1
#53B400	5.074	1986	Bolivie	25	Bolivie	Amérique latine et Caraïbes	1
#53B400	5.029	1987	Bolivie	25	Bolivie	Amérique latine et Caraïbes	1
#53B400	4.989	1988	Bolivie	25	Bolivie	Amérique latine et Caraïbes	1
#53B400	4.952	1989	Bolivie	25	Bolivie	Amérique latine et Caraïbes	1
#53B400	4.913	1990	Bolivie	25	Bolivie	Amérique latine et Caraïbes	1
#53B400	4.866	1991	Bolivie	25	Bolivie	Amérique latine et Caraïbes	1
#53B400	4.81	1992	Bolivie	25	Bolivie	Amérique latine et Caraïbes	1
#53B400	4.742	1993	Bolivie	25	Bolivie	Amérique latine et Caraïbes	1
#53B400	4.663	1994	Bolivie	25	Bolivie	Amérique latine et Caraïbes	1
#53B400	4.575	1995	Bolivie	25	Bolivie	Amérique latine et Caraïbes	1
#53B400	4.482	1996	Bolivie	25	Bolivie	Amérique latine et Caraïbes	1
#53B400	4.39	1997	Bolivie	25	Bolivie	Amérique latine et Caraïbes	1
#53B400	4.302	1998	Bolivie	25	Bolivie	Amérique latine et Caraïbes	1
#53B400	4.219	1999	Bolivie	25	Bolivie	Amérique latine et Caraïbes	1
#53B400	4.14	2000	Bolivie	25	Bolivie	Amérique latine et Caraïbes	1
#53B400	4.063	2001	Bolivie	25	Bolivie	Amérique latine et Caraïbes	1
#53B400	3.983	2002	Bolivie	25	Bolivie	Amérique latine et Caraïbes	1
#53B400	3.899	2003	Bolivie	25	Bolivie	Amérique latine et Caraïbes	1
#53B400	3.811	2004	Bolivie	25	Bolivie	Amérique latine et Caraïbes	1
#53B400	3.721	2005	Bolivie	25	Bolivie	Amérique latine et Caraïbes	1
#53B400	3.634	2006	Bolivie	25	Bolivie	Amérique latine et Caraïbes	1
#53B400	3.551	2007	Bolivie	25	Bolivie	Amérique latine et Caraïbes	1
#53B400	3.475	2008	Bolivie	25	Bolivie	Amérique latine et Caraïbes	1
#53B400	3.407	2009	Bolivie	25	Bolivie	Amérique latine et Caraïbes	1
#53B400	3.348	2010	Bolivie	25	Bolivie	Amérique latine et Caraïbes	1
#53B400	3.294	2011	Bolivie	25	Bolivie	Amérique latine et Caraïbes	1
#53B400	6.21	1960	Brésil	28	Brésil	Amérique latine et Caraïbes	1
#53B400	6.19	1961	Brésil	28	Brésil	Amérique latine et Caraïbes	1
#53B400	6.143	1962	Brésil	28	Brésil	Amérique latine et Caraïbes	1
#53B400	6.063	1963	Brésil	28	Brésil	Amérique latine et Caraïbes	1
#53B400	5.953	1964	Brésil	28	Brésil	Amérique latine et Caraïbes	1
#53B400	5.815	1965	Brésil	28	Brésil	Amérique latine et Caraïbes	1
#53B400	5.658	1966	Brésil	28	Brésil	Amérique latine et Caraïbes	1
#53B400	5.491	1967	Brésil	28	Brésil	Amérique latine et Caraïbes	1
#53B400	5.326	1968	Brésil	28	Brésil	Amérique latine et Caraïbes	1
#53B400	5.168	1969	Brésil	28	Brésil	Amérique latine et Caraïbes	1
#53B400	5.024	1970	Brésil	28	Brésil	Amérique latine et Caraïbes	1
#53B400	4.896	1971	Brésil	28	Brésil	Amérique latine et Caraïbes	1
#53B400	4.782	1972	Brésil	28	Brésil	Amérique latine et Caraïbes	1
#53B400	4.679	1973	Brésil	28	Brésil	Amérique latine et Caraïbes	1
#53B400	4.585	1974	Brésil	28	Brésil	Amérique latine et Caraïbes	1
#53B400	4.499	1975	Brésil	28	Brésil	Amérique latine et Caraïbes	1
#53B400	4.418	1976	Brésil	28	Brésil	Amérique latine et Caraïbes	1
#53B400	4.339	1977	Brésil	28	Brésil	Amérique latine et Caraïbes	1
#53B400	4.256	1978	Brésil	28	Brésil	Amérique latine et Caraïbes	1
#53B400	4.169	1979	Brésil	28	Brésil	Amérique latine et Caraïbes	1
#53B400	4.073	1980	Brésil	28	Brésil	Amérique latine et Caraïbes	1
#53B400	3.966	1981	Brésil	28	Brésil	Amérique latine et Caraïbes	1
#53B400	3.848	1982	Brésil	28	Brésil	Amérique latine et Caraïbes	1
#53B400	3.721	1983	Brésil	28	Brésil	Amérique latine et Caraïbes	1
#53B400	3.587	1984	Brésil	28	Brésil	Amérique latine et Caraïbes	1
#53B400	3.449	1985	Brésil	28	Brésil	Amérique latine et Caraïbes	1
#53B400	3.308	1986	Brésil	28	Brésil	Amérique latine et Caraïbes	1
#53B400	3.17	1987	Brésil	28	Brésil	Amérique latine et Caraïbes	1
#53B400	3.039	1988	Brésil	28	Brésil	Amérique latine et Caraïbes	1
#53B400	2.917	1989	Brésil	28	Brésil	Amérique latine et Caraïbes	1
#53B400	2.809	1990	Brésil	28	Brésil	Amérique latine et Caraïbes	1
#53B400	2.717	1991	Brésil	28	Brésil	Amérique latine et Caraïbes	1
#53B400	2.643	1992	Brésil	28	Brésil	Amérique latine et Caraïbes	1
#53B400	2.583	1993	Brésil	28	Brésil	Amérique latine et Caraïbes	1
#53B400	2.537	1994	Brésil	28	Brésil	Amérique latine et Caraïbes	1
#53B400	2.502	1995	Brésil	28	Brésil	Amérique latine et Caraïbes	1
#53B400	2.474	1996	Brésil	28	Brésil	Amérique latine et Caraïbes	1
#53B400	2.451	1997	Brésil	28	Brésil	Amérique latine et Caraïbes	1
#53B400	2.427	1998	Brésil	28	Brésil	Amérique latine et Caraïbes	1
#53B400	2.399	1999	Brésil	28	Brésil	Amérique latine et Caraïbes	1
#53B400	2.364	2000	Brésil	28	Brésil	Amérique latine et Caraïbes	1
#53B400	2.319	2001	Brésil	28	Brésil	Amérique latine et Caraïbes	1
#53B400	2.264	2002	Brésil	28	Brésil	Amérique latine et Caraïbes	1
#53B400	2.203	2003	Brésil	28	Brésil	Amérique latine et Caraïbes	1
#53B400	2.136	2004	Brésil	28	Brésil	Amérique latine et Caraïbes	1
#53B400	2.068	2005	Brésil	28	Brésil	Amérique latine et Caraïbes	1
#53B400	2.002	2006	Brésil	28	Brésil	Amérique latine et Caraïbes	1
#53B400	1.944	2007	Brésil	28	Brésil	Amérique latine et Caraïbes	1
#53B400	1.895	2008	Brésil	28	Brésil	Amérique latine et Caraïbes	1
#53B400	1.857	2009	Brésil	28	Brésil	Amérique latine et Caraïbes	1
#53B400	1.83	2010	Brésil	28	Brésil	Amérique latine et Caraïbes	1
#53B400	1.811	2011	Brésil	28	Brésil	Amérique latine et Caraïbes	1
#53B400	4.495	1960	Bahamas	15	Bahamas	Amérique latine et Caraïbes	1
#53B400	4.496	1961	Bahamas	15	Bahamas	Amérique latine et Caraïbes	1
#53B400	4.45	1962	Bahamas	15	Bahamas	Amérique latine et Caraïbes	1
#53B400	4.356	1963	Bahamas	15	Bahamas	Amérique latine et Caraïbes	1
#53B400	4.22	1964	Bahamas	15	Bahamas	Amérique latine et Caraïbes	1
#53B400	4.057	1965	Bahamas	15	Bahamas	Amérique latine et Caraïbes	1
#53B400	3.893	1966	Bahamas	15	Bahamas	Amérique latine et Caraïbes	1
#53B400	3.75	1967	Bahamas	15	Bahamas	Amérique latine et Caraïbes	1
#53B400	3.641	1968	Bahamas	15	Bahamas	Amérique latine et Caraïbes	1
#53B400	3.571	1969	Bahamas	15	Bahamas	Amérique latine et Caraïbes	1
#53B400	3.531	1970	Bahamas	15	Bahamas	Amérique latine et Caraïbes	1
#53B400	3.504	1971	Bahamas	15	Bahamas	Amérique latine et Caraïbes	1
#53B400	3.469	1972	Bahamas	15	Bahamas	Amérique latine et Caraïbes	1
#53B400	3.411	1973	Bahamas	15	Bahamas	Amérique latine et Caraïbes	1
#53B400	3.33	1974	Bahamas	15	Bahamas	Amérique latine et Caraïbes	1
#53B400	3.234	1975	Bahamas	15	Bahamas	Amérique latine et Caraïbes	1
#53B400	3.139	1976	Bahamas	15	Bahamas	Amérique latine et Caraïbes	1
#53B400	3.062	1977	Bahamas	15	Bahamas	Amérique latine et Caraïbes	1
#53B400	3.012	1978	Bahamas	15	Bahamas	Amérique latine et Caraïbes	1
#53B400	2.99	1979	Bahamas	15	Bahamas	Amérique latine et Caraïbes	1
#53B400	2.989	1980	Bahamas	15	Bahamas	Amérique latine et Caraïbes	1
#53B400	2.994	1981	Bahamas	15	Bahamas	Amérique latine et Caraïbes	1
#53B400	2.989	1982	Bahamas	15	Bahamas	Amérique latine et Caraïbes	1
#53B400	2.965	1983	Bahamas	15	Bahamas	Amérique latine et Caraïbes	1
#53B400	2.919	1984	Bahamas	15	Bahamas	Amérique latine et Caraïbes	1
#53B400	2.857	1985	Bahamas	15	Bahamas	Amérique latine et Caraïbes	1
#53B400	2.789	1986	Bahamas	15	Bahamas	Amérique latine et Caraïbes	1
#53B400	2.728	1987	Bahamas	15	Bahamas	Amérique latine et Caraïbes	1
#53B400	2.683	1988	Bahamas	15	Bahamas	Amérique latine et Caraïbes	1
#53B400	2.654	1989	Bahamas	15	Bahamas	Amérique latine et Caraïbes	1
#53B400	2.639	1990	Bahamas	15	Bahamas	Amérique latine et Caraïbes	1
#53B400	2.631	1991	Bahamas	15	Bahamas	Amérique latine et Caraïbes	1
#53B400	2.621	1992	Bahamas	15	Bahamas	Amérique latine et Caraïbes	1
#53B400	2.601	1993	Bahamas	15	Bahamas	Amérique latine et Caraïbes	1
#53B400	2.566	1994	Bahamas	15	Bahamas	Amérique latine et Caraïbes	1
#53B400	2.514	1995	Bahamas	15	Bahamas	Amérique latine et Caraïbes	1
#53B400	2.443	1996	Bahamas	15	Bahamas	Amérique latine et Caraïbes	1
#53B400	2.357	1997	Bahamas	15	Bahamas	Amérique latine et Caraïbes	1
#53B400	2.263	1998	Bahamas	15	Bahamas	Amérique latine et Caraïbes	1
#53B400	2.165	1999	Bahamas	15	Bahamas	Amérique latine et Caraïbes	1
#53B400	2.071	2000	Bahamas	15	Bahamas	Amérique latine et Caraïbes	1
#53B400	1.989	2001	Bahamas	15	Bahamas	Amérique latine et Caraïbes	1
#53B400	1.925	2002	Bahamas	15	Bahamas	Amérique latine et Caraïbes	1
#53B400	1.881	2003	Bahamas	15	Bahamas	Amérique latine et Caraïbes	1
#53B400	1.858	2004	Bahamas	15	Bahamas	Amérique latine et Caraïbes	1
#53B400	1.854	2005	Bahamas	15	Bahamas	Amérique latine et Caraïbes	1
#53B400	1.862	2006	Bahamas	15	Bahamas	Amérique latine et Caraïbes	1
#53B400	1.876	2007	Bahamas	15	Bahamas	Amérique latine et Caraïbes	1
#53B400	1.888	2008	Bahamas	15	Bahamas	Amérique latine et Caraïbes	1
#53B400	1.895	2009	Bahamas	15	Bahamas	Amérique latine et Caraïbes	1
#53B400	1.896	2010	Bahamas	15	Bahamas	Amérique latine et Caraïbes	1
#53B400	1.891	2011	Bahamas	15	Bahamas	Amérique latine et Caraïbes	1
#A58AFF	6.67	1960	Bhoutan	24	Bhoutan	Asie du Sud	1
#A58AFF	6.67	1961	Bhoutan	24	Bhoutan	Asie du Sud	1
#A58AFF	6.67	1962	Bhoutan	24	Bhoutan	Asie du Sud	1
#A58AFF	6.67	1963	Bhoutan	24	Bhoutan	Asie du Sud	1
#A58AFF	6.67	1964	Bhoutan	24	Bhoutan	Asie du Sud	1
#A58AFF	6.67	1965	Bhoutan	24	Bhoutan	Asie du Sud	1
#A58AFF	6.67	1966	Bhoutan	24	Bhoutan	Asie du Sud	1
#A58AFF	6.67	1967	Bhoutan	24	Bhoutan	Asie du Sud	1
#A58AFF	6.67	1968	Bhoutan	24	Bhoutan	Asie du Sud	1
#A58AFF	6.67	1969	Bhoutan	24	Bhoutan	Asie du Sud	1
#A58AFF	6.671	1970	Bhoutan	24	Bhoutan	Asie du Sud	1
#A58AFF	6.674	1971	Bhoutan	24	Bhoutan	Asie du Sud	1
#A58AFF	6.679	1972	Bhoutan	24	Bhoutan	Asie du Sud	1
#A58AFF	6.685	1973	Bhoutan	24	Bhoutan	Asie du Sud	1
#A58AFF	6.69	1974	Bhoutan	24	Bhoutan	Asie du Sud	1
#A58AFF	6.692	1975	Bhoutan	24	Bhoutan	Asie du Sud	1
#A58AFF	6.685	1976	Bhoutan	24	Bhoutan	Asie du Sud	1
#A58AFF	6.668	1977	Bhoutan	24	Bhoutan	Asie du Sud	1
#A58AFF	6.64	1978	Bhoutan	24	Bhoutan	Asie du Sud	1
#A58AFF	6.601	1979	Bhoutan	24	Bhoutan	Asie du Sud	1
#A58AFF	6.553	1980	Bhoutan	24	Bhoutan	Asie du Sud	1
#A58AFF	6.501	1981	Bhoutan	24	Bhoutan	Asie du Sud	1
#A58AFF	6.449	1982	Bhoutan	24	Bhoutan	Asie du Sud	1
#A58AFF	6.399	1983	Bhoutan	24	Bhoutan	Asie du Sud	1
#A58AFF	6.348	1984	Bhoutan	24	Bhoutan	Asie du Sud	1
#A58AFF	6.292	1985	Bhoutan	24	Bhoutan	Asie du Sud	1
#A58AFF	6.225	1986	Bhoutan	24	Bhoutan	Asie du Sud	1
#A58AFF	6.141	1987	Bhoutan	24	Bhoutan	Asie du Sud	1
#A58AFF	6.036	1988	Bhoutan	24	Bhoutan	Asie du Sud	1
#A58AFF	5.907	1989	Bhoutan	24	Bhoutan	Asie du Sud	1
#A58AFF	5.753	1990	Bhoutan	24	Bhoutan	Asie du Sud	1
#A58AFF	5.573	1991	Bhoutan	24	Bhoutan	Asie du Sud	1
#A58AFF	5.372	1992	Bhoutan	24	Bhoutan	Asie du Sud	1
#A58AFF	5.155	1993	Bhoutan	24	Bhoutan	Asie du Sud	1
#A58AFF	4.929	1994	Bhoutan	24	Bhoutan	Asie du Sud	1
#A58AFF	4.7	1995	Bhoutan	24	Bhoutan	Asie du Sud	1
#A58AFF	4.474	1996	Bhoutan	24	Bhoutan	Asie du Sud	1
#A58AFF	4.256	1997	Bhoutan	24	Bhoutan	Asie du Sud	1
#A58AFF	4.048	1998	Bhoutan	24	Bhoutan	Asie du Sud	1
#A58AFF	3.855	1999	Bhoutan	24	Bhoutan	Asie du Sud	1
#A58AFF	3.676	2000	Bhoutan	24	Bhoutan	Asie du Sud	1
#A58AFF	3.51	2001	Bhoutan	24	Bhoutan	Asie du Sud	1
#A58AFF	3.352	2002	Bhoutan	24	Bhoutan	Asie du Sud	1
#A58AFF	3.199	2003	Bhoutan	24	Bhoutan	Asie du Sud	1
#A58AFF	3.053	2004	Bhoutan	24	Bhoutan	Asie du Sud	1
#A58AFF	2.914	2005	Bhoutan	24	Bhoutan	Asie du Sud	1
#A58AFF	2.785	2006	Bhoutan	24	Bhoutan	Asie du Sud	1
#A58AFF	2.668	2007	Bhoutan	24	Bhoutan	Asie du Sud	1
#A58AFF	2.565	2008	Bhoutan	24	Bhoutan	Asie du Sud	1
#A58AFF	2.476	2009	Bhoutan	24	Bhoutan	Asie du Sud	1
#A58AFF	2.399	2010	Bhoutan	24	Bhoutan	Asie du Sud	1
#A58AFF	2.332	2011	Bhoutan	24	Bhoutan	Asie du Sud	1
#FB61D7	6.615	1960	Botswana	27	Botswana	Afrique subsaharienne	1
#FB61D7	6.632	1961	Botswana	27	Botswana	Afrique subsaharienne	1
#FB61D7	6.649	1962	Botswana	27	Botswana	Afrique subsaharienne	1
#FB61D7	6.666	1963	Botswana	27	Botswana	Afrique subsaharienne	1
#FB61D7	6.681	1964	Botswana	27	Botswana	Afrique subsaharienne	1
#FB61D7	6.693	1965	Botswana	27	Botswana	Afrique subsaharienne	1
#FB61D7	6.698	1966	Botswana	27	Botswana	Afrique subsaharienne	1
#FB61D7	6.696	1967	Botswana	27	Botswana	Afrique subsaharienne	1
#FB61D7	6.686	1968	Botswana	27	Botswana	Afrique subsaharienne	1
#FB61D7	6.667	1969	Botswana	27	Botswana	Afrique subsaharienne	1
#FB61D7	6.641	1970	Botswana	27	Botswana	Afrique subsaharienne	1
#FB61D7	6.611	1971	Botswana	27	Botswana	Afrique subsaharienne	1
#FB61D7	6.579	1972	Botswana	27	Botswana	Afrique subsaharienne	1
#FB61D7	6.546	1973	Botswana	27	Botswana	Afrique subsaharienne	1
#FB61D7	6.512	1974	Botswana	27	Botswana	Afrique subsaharienne	1
#FB61D7	6.477	1975	Botswana	27	Botswana	Afrique subsaharienne	1
#FB61D7	6.44	1976	Botswana	27	Botswana	Afrique subsaharienne	1
#FB61D7	6.399	1977	Botswana	27	Botswana	Afrique subsaharienne	1
#FB61D7	6.35	1978	Botswana	27	Botswana	Afrique subsaharienne	1
#FB61D7	6.291	1979	Botswana	27	Botswana	Afrique subsaharienne	1
#FB61D7	6.217	1980	Botswana	27	Botswana	Afrique subsaharienne	1
#FB61D7	6.125	1981	Botswana	27	Botswana	Afrique subsaharienne	1
#FB61D7	6.012	1982	Botswana	27	Botswana	Afrique subsaharienne	1
#FB61D7	5.88	1983	Botswana	27	Botswana	Afrique subsaharienne	1
#FB61D7	5.731	1984	Botswana	27	Botswana	Afrique subsaharienne	1
#FB61D7	5.567	1985	Botswana	27	Botswana	Afrique subsaharienne	1
#FB61D7	5.393	1986	Botswana	27	Botswana	Afrique subsaharienne	1
#FB61D7	5.214	1987	Botswana	27	Botswana	Afrique subsaharienne	1
#FB61D7	5.036	1988	Botswana	27	Botswana	Afrique subsaharienne	1
#FB61D7	4.863	1989	Botswana	27	Botswana	Afrique subsaharienne	1
#FB61D7	4.698	1990	Botswana	27	Botswana	Afrique subsaharienne	1
#FB61D7	4.542	1991	Botswana	27	Botswana	Afrique subsaharienne	1
#FB61D7	4.394	1992	Botswana	27	Botswana	Afrique subsaharienne	1
#FB61D7	4.252	1993	Botswana	27	Botswana	Afrique subsaharienne	1
#FB61D7	4.117	1994	Botswana	27	Botswana	Afrique subsaharienne	1
#FB61D7	3.989	1995	Botswana	27	Botswana	Afrique subsaharienne	1
#FB61D7	3.866	1996	Botswana	27	Botswana	Afrique subsaharienne	1
#FB61D7	3.746	1997	Botswana	27	Botswana	Afrique subsaharienne	1
#FB61D7	3.631	1998	Botswana	27	Botswana	Afrique subsaharienne	1
#FB61D7	3.519	1999	Botswana	27	Botswana	Afrique subsaharienne	1
#FB61D7	3.414	2000	Botswana	27	Botswana	Afrique subsaharienne	1
#FB61D7	3.316	2001	Botswana	27	Botswana	Afrique subsaharienne	1
#FB61D7	3.228	2002	Botswana	27	Botswana	Afrique subsaharienne	1
#FB61D7	3.149	2003	Botswana	27	Botswana	Afrique subsaharienne	1
#FB61D7	3.08	2004	Botswana	27	Botswana	Afrique subsaharienne	1
#FB61D7	3.019	2005	Botswana	27	Botswana	Afrique subsaharienne	1
#FB61D7	2.963	2006	Botswana	27	Botswana	Afrique subsaharienne	1
#FB61D7	2.91	2007	Botswana	27	Botswana	Afrique subsaharienne	1
#FB61D7	2.857	2008	Botswana	27	Botswana	Afrique subsaharienne	1
#FB61D7	2.804	2009	Botswana	27	Botswana	Afrique subsaharienne	1
#FB61D7	2.75	2010	Botswana	27	Botswana	Afrique subsaharienne	1
#FB61D7	2.696	2011	Botswana	27	Botswana	Afrique subsaharienne	1
#C49A00	2.67	1960	Bélarus	19	Bélarus	Europe et Asie centrale	1
#C49A00	2.59	1961	Bélarus	19	Bélarus	Europe et Asie centrale	1
#C49A00	2.5	1962	Bélarus	19	Bélarus	Europe et Asie centrale	1
#C49A00	2.4	1963	Bélarus	19	Bélarus	Europe et Asie centrale	1
#C49A00	2.31	1964	Bélarus	19	Bélarus	Europe et Asie centrale	1
#C49A00	2.27	1965	Bélarus	19	Bélarus	Europe et Asie centrale	1
#C49A00	2.29	1966	Bélarus	19	Bélarus	Europe et Asie centrale	1
#C49A00	2.26	1967	Bélarus	19	Bélarus	Europe et Asie centrale	1
#C49A00	2.22	1968	Bélarus	19	Bélarus	Europe et Asie centrale	1
#C49A00	2.26	1969	Bélarus	19	Bélarus	Europe et Asie centrale	1
#C49A00	2.31	1970	Bélarus	19	Bélarus	Europe et Asie centrale	1
#C49A00	2.31	1971	Bélarus	19	Bélarus	Europe et Asie centrale	1
#C49A00	2.28	1972	Bélarus	19	Bélarus	Europe et Asie centrale	1
#C49A00	2.25	1973	Bélarus	19	Bélarus	Europe et Asie centrale	1
#C49A00	2.21	1974	Bélarus	19	Bélarus	Europe et Asie centrale	1
#C49A00	2.17	1975	Bélarus	19	Bélarus	Europe et Asie centrale	1
#C49A00	2.12	1976	Bélarus	19	Bélarus	Europe et Asie centrale	1
#C49A00	2.08	1977	Bélarus	19	Bélarus	Europe et Asie centrale	1
#C49A00	2.06	1978	Bélarus	19	Bélarus	Europe et Asie centrale	1
#C49A00	2.05	1979	Bélarus	19	Bélarus	Europe et Asie centrale	1
#C49A00	2.03	1980	Bélarus	19	Bélarus	Europe et Asie centrale	1
#C49A00	2.02	1981	Bélarus	19	Bélarus	Europe et Asie centrale	1
#C49A00	2.05	1982	Bélarus	19	Bélarus	Europe et Asie centrale	1
#C49A00	2.11	1983	Bélarus	19	Bélarus	Europe et Asie centrale	1
#C49A00	2.11	1984	Bélarus	19	Bélarus	Europe et Asie centrale	1
#C49A00	2.09	1985	Bélarus	19	Bélarus	Europe et Asie centrale	1
#C49A00	2.09	1986	Bélarus	19	Bélarus	Europe et Asie centrale	1
#C49A00	2.03	1987	Bélarus	19	Bélarus	Europe et Asie centrale	1
#C49A00	2.04	1988	Bélarus	19	Bélarus	Europe et Asie centrale	1
#C49A00	2.03	1989	Bélarus	19	Bélarus	Europe et Asie centrale	1
#C49A00	1.91	1990	Bélarus	19	Bélarus	Europe et Asie centrale	1
#C49A00	1.8	1991	Bélarus	19	Bélarus	Europe et Asie centrale	1
#C49A00	1.75	1992	Bélarus	19	Bélarus	Europe et Asie centrale	1
#C49A00	1.61	1993	Bélarus	19	Bélarus	Europe et Asie centrale	1
#C49A00	1.51	1994	Bélarus	19	Bélarus	Europe et Asie centrale	1
#C49A00	1.386	1995	Bélarus	19	Bélarus	Europe et Asie centrale	1
#C49A00	1.31	1996	Bélarus	19	Bélarus	Europe et Asie centrale	1
#C49A00	1.23	1997	Bélarus	19	Bélarus	Europe et Asie centrale	1
#C49A00	1.27	1998	Bélarus	19	Bélarus	Europe et Asie centrale	1
#C49A00	1.31	1999	Bélarus	19	Bélarus	Europe et Asie centrale	1
#C49A00	1.31	2000	Bélarus	19	Bélarus	Europe et Asie centrale	1
#C49A00	1.27	2001	Bélarus	19	Bélarus	Europe et Asie centrale	1
#C49A00	1.22	2002	Bélarus	19	Bélarus	Europe et Asie centrale	1
#C49A00	1.21	2003	Bélarus	19	Bélarus	Europe et Asie centrale	1
#C49A00	1.2	2004	Bélarus	19	Bélarus	Europe et Asie centrale	1
#C49A00	1.21	2005	Bélarus	19	Bélarus	Europe et Asie centrale	1
#C49A00	1.287	2006	Bélarus	19	Bélarus	Europe et Asie centrale	1
#C49A00	1.37	2007	Bélarus	19	Bélarus	Europe et Asie centrale	1
#C49A00	1.42	2008	Bélarus	19	Bélarus	Europe et Asie centrale	1
#C49A00	1.42	2009	Bélarus	19	Bélarus	Europe et Asie centrale	1
#C49A00	1.44	2010	Bélarus	19	Bélarus	Europe et Asie centrale	1
#C49A00	1.51	2011	Bélarus	19	Bélarus	Europe et Asie centrale	1
#53B400	6.5	1960	Belize	21	Belize	Amérique latine et Caraïbes	1
#53B400	6.48	1961	Belize	21	Belize	Amérique latine et Caraïbes	1
#53B400	6.46	1962	Belize	21	Belize	Amérique latine et Caraïbes	1
#53B400	6.44	1963	Belize	21	Belize	Amérique latine et Caraïbes	1
#53B400	6.42	1964	Belize	21	Belize	Amérique latine et Caraïbes	1
#53B400	6.4	1965	Belize	21	Belize	Amérique latine et Caraïbes	1
#53B400	6.379	1966	Belize	21	Belize	Amérique latine et Caraïbes	1
#53B400	6.358	1967	Belize	21	Belize	Amérique latine et Caraïbes	1
#53B400	6.337	1968	Belize	21	Belize	Amérique latine et Caraïbes	1
#53B400	6.316	1969	Belize	21	Belize	Amérique latine et Caraïbes	1
#53B400	6.299	1970	Belize	21	Belize	Amérique latine et Caraïbes	1
#53B400	6.288	1971	Belize	21	Belize	Amérique latine et Caraïbes	1
#53B400	6.284	1972	Belize	21	Belize	Amérique latine et Caraïbes	1
#53B400	6.285	1973	Belize	21	Belize	Amérique latine et Caraïbes	1
#53B400	6.287	1974	Belize	21	Belize	Amérique latine et Caraïbes	1
#53B400	6.278	1975	Belize	21	Belize	Amérique latine et Caraïbes	1
#53B400	6.25	1976	Belize	21	Belize	Amérique latine et Caraïbes	1
#53B400	6.195	1977	Belize	21	Belize	Amérique latine et Caraïbes	1
#53B400	6.109	1978	Belize	21	Belize	Amérique latine et Caraïbes	1
#53B400	5.992	1979	Belize	21	Belize	Amérique latine et Caraïbes	1
#53B400	5.849	1980	Belize	21	Belize	Amérique latine et Caraïbes	1
#53B400	5.684	1981	Belize	21	Belize	Amérique latine et Caraïbes	1
#53B400	5.51	1982	Belize	21	Belize	Amérique latine et Caraïbes	1
#53B400	5.336	1983	Belize	21	Belize	Amérique latine et Caraïbes	1
#53B400	5.17	1984	Belize	21	Belize	Amérique latine et Caraïbes	1
#53B400	5.019	1985	Belize	21	Belize	Amérique latine et Caraïbes	1
#53B400	4.886	1986	Belize	21	Belize	Amérique latine et Caraïbes	1
#53B400	4.771	1987	Belize	21	Belize	Amérique latine et Caraïbes	1
#53B400	4.671	1988	Belize	21	Belize	Amérique latine et Caraïbes	1
#53B400	4.584	1989	Belize	21	Belize	Amérique latine et Caraïbes	1
#53B400	4.508	1990	Belize	21	Belize	Amérique latine et Caraïbes	1
#53B400	4.436	1991	Belize	21	Belize	Amérique latine et Caraïbes	1
#53B400	4.363	1992	Belize	21	Belize	Amérique latine et Caraïbes	1
#53B400	4.286	1993	Belize	21	Belize	Amérique latine et Caraïbes	1
#53B400	4.201	1994	Belize	21	Belize	Amérique latine et Caraïbes	1
#53B400	4.108	1995	Belize	21	Belize	Amérique latine et Caraïbes	1
#53B400	4.008	1996	Belize	21	Belize	Amérique latine et Caraïbes	1
#53B400	3.905	1997	Belize	21	Belize	Amérique latine et Caraïbes	1
#53B400	3.8	1998	Belize	21	Belize	Amérique latine et Caraïbes	1
#53B400	3.696	1999	Belize	21	Belize	Amérique latine et Caraïbes	1
#53B400	3.594	2000	Belize	21	Belize	Amérique latine et Caraïbes	1
#53B400	3.493	2001	Belize	21	Belize	Amérique latine et Caraïbes	1
#53B400	3.396	2002	Belize	21	Belize	Amérique latine et Caraïbes	1
#53B400	3.301	2003	Belize	21	Belize	Amérique latine et Caraïbes	1
#53B400	3.209	2004	Belize	21	Belize	Amérique latine et Caraïbes	1
#53B400	3.124	2005	Belize	21	Belize	Amérique latine et Caraïbes	1
#53B400	3.044	2006	Belize	21	Belize	Amérique latine et Caraïbes	1
#53B400	2.971	2007	Belize	21	Belize	Amérique latine et Caraïbes	1
#53B400	2.905	2008	Belize	21	Belize	Amérique latine et Caraïbes	1
#53B400	2.845	2009	Belize	21	Belize	Amérique latine et Caraïbes	1
#53B400	2.79	2010	Belize	21	Belize	Amérique latine et Caraïbes	1
#53B400	2.741	2011	Belize	21	Belize	Amérique latine et Caraïbes	1
#00B6EB	3.811	1960	Canada	35	Canada	Amérique du Nord	1
#00B6EB	3.753	1961	Canada	35	Canada	Amérique du Nord	1
#00B6EB	3.681	1962	Canada	35	Canada	Amérique du Nord	1
#00B6EB	3.607	1963	Canada	35	Canada	Amérique du Nord	1
#00B6EB	3.456	1964	Canada	35	Canada	Amérique du Nord	1
#00B6EB	3.115	1965	Canada	35	Canada	Amérique du Nord	1
#00B6EB	2.749	1966	Canada	35	Canada	Amérique du Nord	1
#00B6EB	2.528	1967	Canada	35	Canada	Amérique du Nord	1
#00B6EB	2.386	1968	Canada	35	Canada	Amérique du Nord	1
#00B6EB	2.334	1969	Canada	35	Canada	Amérique du Nord	1
#00B6EB	2.258	1970	Canada	35	Canada	Amérique du Nord	1
#00B6EB	2.141	1971	Canada	35	Canada	Amérique du Nord	1
#00B6EB	1.98	1972	Canada	35	Canada	Amérique du Nord	1
#00B6EB	1.89	1973	Canada	35	Canada	Amérique du Nord	1
#00B6EB	1.837	1974	Canada	35	Canada	Amérique du Nord	1
#00B6EB	1.824	1975	Canada	35	Canada	Amérique du Nord	1
#00B6EB	1.796	1976	Canada	35	Canada	Amérique du Nord	1
#00B6EB	1.782	1977	Canada	35	Canada	Amérique du Nord	1
#00B6EB	1.768	1978	Canada	35	Canada	Amérique du Nord	1
#00B6EB	1.754	1979	Canada	35	Canada	Amérique du Nord	1
#00B6EB	1.74	1980	Canada	35	Canada	Amérique du Nord	1
#00B6EB	1.7	1981	Canada	35	Canada	Amérique du Nord	1
#00B6EB	1.69	1982	Canada	35	Canada	Amérique du Nord	1
#00B6EB	1.68	1983	Canada	35	Canada	Amérique du Nord	1
#00B6EB	1.65	1984	Canada	35	Canada	Amérique du Nord	1
#00B6EB	1.67	1985	Canada	35	Canada	Amérique du Nord	1
#00B6EB	1.675	1986	Canada	35	Canada	Amérique du Nord	1
#00B6EB	1.68	1987	Canada	35	Canada	Amérique du Nord	1
#00B6EB	1.68	1988	Canada	35	Canada	Amérique du Nord	1
#00B6EB	1.77	1989	Canada	35	Canada	Amérique du Nord	1
#00B6EB	1.83	1990	Canada	35	Canada	Amérique du Nord	1
#00B6EB	1.7	1991	Canada	35	Canada	Amérique du Nord	1
#00B6EB	1.71	1992	Canada	35	Canada	Amérique du Nord	1
#00B6EB	1.7	1993	Canada	35	Canada	Amérique du Nord	1
#00B6EB	1.6695	1994	Canada	35	Canada	Amérique du Nord	1
#00B6EB	1.639	1995	Canada	35	Canada	Amérique du Nord	1
#00B6EB	1.592	1996	Canada	35	Canada	Amérique du Nord	1
#00B6EB	1.55	1997	Canada	35	Canada	Amérique du Nord	1
#00B6EB	1.53	1998	Canada	35	Canada	Amérique du Nord	1
#00B6EB	1.51	1999	Canada	35	Canada	Amérique du Nord	1
#00B6EB	1.49	2000	Canada	35	Canada	Amérique du Nord	1
#00B6EB	1.505	2001	Canada	35	Canada	Amérique du Nord	1
#00B6EB	1.52	2002	Canada	35	Canada	Amérique du Nord	1
#00B6EB	1.53	2003	Canada	35	Canada	Amérique du Nord	1
#00B6EB	1.53	2004	Canada	35	Canada	Amérique du Nord	1
#00B6EB	1.54	2005	Canada	35	Canada	Amérique du Nord	1
#00B6EB	1.5862	2006	Canada	35	Canada	Amérique du Nord	1
#00B6EB	1.6589	2007	Canada	35	Canada	Amérique du Nord	1
#00B6EB	1.6808	2008	Canada	35	Canada	Amérique du Nord	1
#00B6EB	1.668	2009	Canada	35	Canada	Amérique du Nord	1
#00B6EB	1.6269	2010	Canada	35	Canada	Amérique du Nord	1
#00B6EB	1.6269	2011	Canada	35	Canada	Amérique du Nord	1
#FB61D7	6.001	1960	Congo, République démocratique du	44	Congo, République démocratique du	Afrique subsaharienne	1
#FB61D7	6.015	1961	Congo, République démocratique du	44	Congo, République démocratique du	Afrique subsaharienne	1
#FB61D7	6.03	1962	Congo, République démocratique du	44	Congo, République démocratique du	Afrique subsaharienne	1
#FB61D7	6.048	1963	Congo, République démocratique du	44	Congo, République démocratique du	Afrique subsaharienne	1
#FB61D7	6.067	1964	Congo, République démocratique du	44	Congo, République démocratique du	Afrique subsaharienne	1
#FB61D7	6.089	1965	Congo, République démocratique du	44	Congo, République démocratique du	Afrique subsaharienne	1
#FB61D7	6.111	1966	Congo, République démocratique du	44	Congo, République démocratique du	Afrique subsaharienne	1
#FB61D7	6.135	1967	Congo, République démocratique du	44	Congo, République démocratique du	Afrique subsaharienne	1
#FB61D7	6.161	1968	Congo, République démocratique du	44	Congo, République démocratique du	Afrique subsaharienne	1
#FB61D7	6.187	1969	Congo, République démocratique du	44	Congo, République démocratique du	Afrique subsaharienne	1
#FB61D7	6.214	1970	Congo, République démocratique du	44	Congo, République démocratique du	Afrique subsaharienne	1
#FB61D7	6.242	1971	Congo, République démocratique du	44	Congo, République démocratique du	Afrique subsaharienne	1
#FB61D7	6.271	1972	Congo, République démocratique du	44	Congo, République démocratique du	Afrique subsaharienne	1
#FB61D7	6.301	1973	Congo, République démocratique du	44	Congo, République démocratique du	Afrique subsaharienne	1
#FB61D7	6.333	1974	Congo, République démocratique du	44	Congo, République démocratique du	Afrique subsaharienne	1
#FB61D7	6.366	1975	Congo, République démocratique du	44	Congo, République démocratique du	Afrique subsaharienne	1
#FB61D7	6.403	1976	Congo, République démocratique du	44	Congo, République démocratique du	Afrique subsaharienne	1
#FB61D7	6.443	1977	Congo, République démocratique du	44	Congo, République démocratique du	Afrique subsaharienne	1
#FB61D7	6.487	1978	Congo, République démocratique du	44	Congo, République démocratique du	Afrique subsaharienne	1
#FB61D7	6.535	1979	Congo, République démocratique du	44	Congo, République démocratique du	Afrique subsaharienne	1
#FB61D7	6.585	1980	Congo, République démocratique du	44	Congo, République démocratique du	Afrique subsaharienne	1
#FB61D7	6.638	1981	Congo, République démocratique du	44	Congo, République démocratique du	Afrique subsaharienne	1
#FB61D7	6.693	1982	Congo, République démocratique du	44	Congo, République démocratique du	Afrique subsaharienne	1
#FB61D7	6.748	1983	Congo, République démocratique du	44	Congo, République démocratique du	Afrique subsaharienne	1
#FB61D7	6.802	1984	Congo, République démocratique du	44	Congo, République démocratique du	Afrique subsaharienne	1
#FB61D7	6.856	1985	Congo, République démocratique du	44	Congo, République démocratique du	Afrique subsaharienne	1
#FB61D7	6.907	1986	Congo, République démocratique du	44	Congo, République démocratique du	Afrique subsaharienne	1
#FB61D7	6.957	1987	Congo, République démocratique du	44	Congo, République démocratique du	Afrique subsaharienne	1
#FB61D7	7.005	1988	Congo, République démocratique du	44	Congo, République démocratique du	Afrique subsaharienne	1
#FB61D7	7.047	1989	Congo, République démocratique du	44	Congo, République démocratique du	Afrique subsaharienne	1
#FB61D7	7.084	1990	Congo, République démocratique du	44	Congo, République démocratique du	Afrique subsaharienne	1
#FB61D7	7.112	1991	Congo, République démocratique du	44	Congo, République démocratique du	Afrique subsaharienne	1
#FB61D7	7.131	1992	Congo, République démocratique du	44	Congo, République démocratique du	Afrique subsaharienne	1
#FB61D7	7.14	1993	Congo, République démocratique du	44	Congo, République démocratique du	Afrique subsaharienne	1
#FB61D7	7.138	1994	Congo, République démocratique du	44	Congo, République démocratique du	Afrique subsaharienne	1
#FB61D7	7.125	1995	Congo, République démocratique du	44	Congo, République démocratique du	Afrique subsaharienne	1
#FB61D7	7.102	1996	Congo, République démocratique du	44	Congo, République démocratique du	Afrique subsaharienne	1
#FB61D7	7.068	1997	Congo, République démocratique du	44	Congo, République démocratique du	Afrique subsaharienne	1
#FB61D7	7.026	1998	Congo, République démocratique du	44	Congo, République démocratique du	Afrique subsaharienne	1
#FB61D7	6.974	1999	Congo, République démocratique du	44	Congo, République démocratique du	Afrique subsaharienne	1
#FB61D7	6.911	2000	Congo, République démocratique du	44	Congo, République démocratique du	Afrique subsaharienne	1
#FB61D7	6.835	2001	Congo, République démocratique du	44	Congo, République démocratique du	Afrique subsaharienne	1
#FB61D7	6.746	2002	Congo, République démocratique du	44	Congo, République démocratique du	Afrique subsaharienne	1
#FB61D7	6.644	2003	Congo, République démocratique du	44	Congo, République démocratique du	Afrique subsaharienne	1
#FB61D7	6.531	2004	Congo, République démocratique du	44	Congo, République démocratique du	Afrique subsaharienne	1
#FB61D7	6.409	2005	Congo, République démocratique du	44	Congo, République démocratique du	Afrique subsaharienne	1
#FB61D7	6.281	2006	Congo, République démocratique du	44	Congo, République démocratique du	Afrique subsaharienne	1
#FB61D7	6.152	2007	Congo, République démocratique du	44	Congo, République démocratique du	Afrique subsaharienne	1
#FB61D7	6.023	2008	Congo, République démocratique du	44	Congo, République démocratique du	Afrique subsaharienne	1
#FB61D7	5.897	2009	Congo, République démocratique du	44	Congo, République démocratique du	Afrique subsaharienne	1
#FB61D7	5.775	2010	Congo, République démocratique du	44	Congo, République démocratique du	Afrique subsaharienne	1
#FB61D7	5.657	2011	Congo, République démocratique du	44	Congo, République démocratique du	Afrique subsaharienne	1
#FB61D7	5.84	1960	République centrafricaine	157	République centrafricaine	Afrique subsaharienne	1
#FB61D7	5.867	1961	République centrafricaine	157	République centrafricaine	Afrique subsaharienne	1
#FB61D7	5.891	1962	République centrafricaine	157	République centrafricaine	Afrique subsaharienne	1
#FB61D7	5.91	1963	République centrafricaine	157	République centrafricaine	Afrique subsaharienne	1
#FB61D7	5.925	1964	République centrafricaine	157	République centrafricaine	Afrique subsaharienne	1
#FB61D7	5.937	1965	République centrafricaine	157	République centrafricaine	Afrique subsaharienne	1
#FB61D7	5.945	1966	République centrafricaine	157	République centrafricaine	Afrique subsaharienne	1
#FB61D7	5.95	1967	République centrafricaine	157	République centrafricaine	Afrique subsaharienne	1
#FB61D7	5.953	1968	République centrafricaine	157	République centrafricaine	Afrique subsaharienne	1
#FB61D7	5.954	1969	République centrafricaine	157	République centrafricaine	Afrique subsaharienne	1
#FB61D7	5.954	1970	République centrafricaine	157	République centrafricaine	Afrique subsaharienne	1
#FB61D7	5.954	1971	République centrafricaine	157	République centrafricaine	Afrique subsaharienne	1
#FB61D7	5.953	1972	République centrafricaine	157	République centrafricaine	Afrique subsaharienne	1
#FB61D7	5.952	1973	République centrafricaine	157	République centrafricaine	Afrique subsaharienne	1
#FB61D7	5.951	1974	République centrafricaine	157	République centrafricaine	Afrique subsaharienne	1
#FB61D7	5.95	1975	République centrafricaine	157	République centrafricaine	Afrique subsaharienne	1
#FB61D7	5.951	1976	République centrafricaine	157	République centrafricaine	Afrique subsaharienne	1
#FB61D7	5.952	1977	République centrafricaine	157	République centrafricaine	Afrique subsaharienne	1
#FB61D7	5.953	1978	République centrafricaine	157	République centrafricaine	Afrique subsaharienne	1
#FB61D7	5.954	1979	République centrafricaine	157	République centrafricaine	Afrique subsaharienne	1
#FB61D7	5.954	1980	République centrafricaine	157	République centrafricaine	Afrique subsaharienne	1
#FB61D7	5.955	1981	République centrafricaine	157	République centrafricaine	Afrique subsaharienne	1
#FB61D7	5.956	1982	République centrafricaine	157	République centrafricaine	Afrique subsaharienne	1
#FB61D7	5.955	1983	République centrafricaine	157	République centrafricaine	Afrique subsaharienne	1
#FB61D7	5.952	1984	République centrafricaine	157	République centrafricaine	Afrique subsaharienne	1
#FB61D7	5.944	1985	République centrafricaine	157	République centrafricaine	Afrique subsaharienne	1
#FB61D7	5.927	1986	République centrafricaine	157	République centrafricaine	Afrique subsaharienne	1
#FB61D7	5.902	1987	République centrafricaine	157	République centrafricaine	Afrique subsaharienne	1
#FB61D7	5.868	1988	République centrafricaine	157	République centrafricaine	Afrique subsaharienne	1
#FB61D7	5.826	1989	République centrafricaine	157	République centrafricaine	Afrique subsaharienne	1
#FB61D7	5.78	1990	République centrafricaine	157	République centrafricaine	Afrique subsaharienne	1
#FB61D7	5.734	1991	République centrafricaine	157	République centrafricaine	Afrique subsaharienne	1
#FB61D7	5.691	1992	République centrafricaine	157	République centrafricaine	Afrique subsaharienne	1
#FB61D7	5.653	1993	République centrafricaine	157	République centrafricaine	Afrique subsaharienne	1
#FB61D7	5.622	1994	République centrafricaine	157	République centrafricaine	Afrique subsaharienne	1
#FB61D7	5.596	1995	République centrafricaine	157	République centrafricaine	Afrique subsaharienne	1
#FB61D7	5.573	1996	République centrafricaine	157	République centrafricaine	Afrique subsaharienne	1
#FB61D7	5.55	1997	République centrafricaine	157	République centrafricaine	Afrique subsaharienne	1
#FB61D7	5.522	1998	République centrafricaine	157	République centrafricaine	Afrique subsaharienne	1
#FB61D7	5.488	1999	République centrafricaine	157	République centrafricaine	Afrique subsaharienne	1
#FB61D7	5.446	2000	République centrafricaine	157	République centrafricaine	Afrique subsaharienne	1
#FB61D7	5.392	2001	République centrafricaine	157	République centrafricaine	Afrique subsaharienne	1
#FB61D7	5.329	2002	République centrafricaine	157	République centrafricaine	Afrique subsaharienne	1
#FB61D7	5.256	2003	République centrafricaine	157	République centrafricaine	Afrique subsaharienne	1
#FB61D7	5.175	2004	République centrafricaine	157	République centrafricaine	Afrique subsaharienne	1
#FB61D7	5.088	2005	République centrafricaine	157	République centrafricaine	Afrique subsaharienne	1
#FB61D7	4.996	2006	République centrafricaine	157	République centrafricaine	Afrique subsaharienne	1
#FB61D7	4.903	2007	République centrafricaine	157	République centrafricaine	Afrique subsaharienne	1
#FB61D7	4.81	2008	République centrafricaine	157	République centrafricaine	Afrique subsaharienne	1
#FB61D7	4.719	2009	République centrafricaine	157	République centrafricaine	Afrique subsaharienne	1
#FB61D7	4.631	2010	République centrafricaine	157	République centrafricaine	Afrique subsaharienne	1
#FB61D7	4.546	2011	République centrafricaine	157	République centrafricaine	Afrique subsaharienne	1
#FB61D7	5.88	1960	Congo, République du	45	Congo, République du	Afrique subsaharienne	1
#FB61D7	5.922	1961	Congo, République du	45	Congo, République du	Afrique subsaharienne	1
#FB61D7	5.967	1962	Congo, République du	45	Congo, République du	Afrique subsaharienne	1
#FB61D7	6.012	1963	Congo, République du	45	Congo, République du	Afrique subsaharienne	1
#FB61D7	6.056	1964	Congo, République du	45	Congo, République du	Afrique subsaharienne	1
#FB61D7	6.098	1965	Congo, République du	45	Congo, République du	Afrique subsaharienne	1
#FB61D7	6.138	1966	Congo, République du	45	Congo, République du	Afrique subsaharienne	1
#FB61D7	6.174	1967	Congo, République du	45	Congo, République du	Afrique subsaharienne	1
#FB61D7	6.207	1968	Congo, République du	45	Congo, République du	Afrique subsaharienne	1
#FB61D7	6.235	1969	Congo, République du	45	Congo, République du	Afrique subsaharienne	1
#FB61D7	6.259	1970	Congo, République du	45	Congo, République du	Afrique subsaharienne	1
#FB61D7	6.28	1971	Congo, République du	45	Congo, République du	Afrique subsaharienne	1
#FB61D7	6.297	1972	Congo, République du	45	Congo, République du	Afrique subsaharienne	1
#FB61D7	6.312	1973	Congo, République du	45	Congo, République du	Afrique subsaharienne	1
#FB61D7	6.321	1974	Congo, République du	45	Congo, République du	Afrique subsaharienne	1
#FB61D7	6.325	1975	Congo, République du	45	Congo, République du	Afrique subsaharienne	1
#FB61D7	6.318	1976	Congo, République du	45	Congo, République du	Afrique subsaharienne	1
#FB61D7	6.301	1977	Congo, République du	45	Congo, République du	Afrique subsaharienne	1
#FB61D7	6.273	1978	Congo, République du	45	Congo, République du	Afrique subsaharienne	1
#FB61D7	6.231	1979	Congo, République du	45	Congo, République du	Afrique subsaharienne	1
#FB61D7	6.178	1980	Congo, République du	45	Congo, République du	Afrique subsaharienne	1
#FB61D7	6.112	1981	Congo, République du	45	Congo, République du	Afrique subsaharienne	1
#FB61D7	6.036	1982	Congo, République du	45	Congo, République du	Afrique subsaharienne	1
#FB61D7	5.952	1983	Congo, République du	45	Congo, République du	Afrique subsaharienne	1
#FB61D7	5.864	1984	Congo, République du	45	Congo, République du	Afrique subsaharienne	1
#FB61D7	5.774	1985	Congo, République du	45	Congo, République du	Afrique subsaharienne	1
#FB61D7	5.684	1986	Congo, République du	45	Congo, République du	Afrique subsaharienne	1
#FB61D7	5.596	1987	Congo, République du	45	Congo, République du	Afrique subsaharienne	1
#FB61D7	5.511	1988	Congo, République du	45	Congo, République du	Afrique subsaharienne	1
#FB61D7	5.431	1989	Congo, République du	45	Congo, République du	Afrique subsaharienne	1
#FB61D7	5.358	1990	Congo, République du	45	Congo, République du	Afrique subsaharienne	1
#FB61D7	5.293	1991	Congo, République du	45	Congo, République du	Afrique subsaharienne	1
#FB61D7	5.235	1992	Congo, République du	45	Congo, République du	Afrique subsaharienne	1
#FB61D7	5.183	1993	Congo, République du	45	Congo, République du	Afrique subsaharienne	1
#FB61D7	5.137	1994	Congo, République du	45	Congo, République du	Afrique subsaharienne	1
#FB61D7	5.096	1995	Congo, République du	45	Congo, République du	Afrique subsaharienne	1
#FB61D7	5.06	1996	Congo, République du	45	Congo, République du	Afrique subsaharienne	1
#FB61D7	5.026	1997	Congo, République du	45	Congo, République du	Afrique subsaharienne	1
#FB61D7	4.995	1998	Congo, République du	45	Congo, République du	Afrique subsaharienne	1
#FB61D7	4.964	1999	Congo, République du	45	Congo, République du	Afrique subsaharienne	1
#FB61D7	4.932	2000	Congo, République du	45	Congo, République du	Afrique subsaharienne	1
#FB61D7	4.899	2001	Congo, République du	45	Congo, République du	Afrique subsaharienne	1
#FB61D7	4.864	2002	Congo, République du	45	Congo, République du	Afrique subsaharienne	1
#FB61D7	4.827	2003	Congo, République du	45	Congo, République du	Afrique subsaharienne	1
#FB61D7	4.788	2004	Congo, République du	45	Congo, République du	Afrique subsaharienne	1
#FB61D7	4.748	2005	Congo, République du	45	Congo, République du	Afrique subsaharienne	1
#FB61D7	4.706	2006	Congo, République du	45	Congo, République du	Afrique subsaharienne	1
#FB61D7	4.665	2007	Congo, République du	45	Congo, République du	Afrique subsaharienne	1
#FB61D7	4.625	2008	Congo, République du	45	Congo, République du	Afrique subsaharienne	1
#FB61D7	4.584	2009	Congo, République du	45	Congo, République du	Afrique subsaharienne	1
#FB61D7	4.544	2010	Congo, République du	45	Congo, République du	Afrique subsaharienne	1
#FB61D7	4.504	2011	Congo, République du	45	Congo, République du	Afrique subsaharienne	1
#C49A00	2.336	1960	Suisse	183	Suisse	Europe et Asie centrale	1
#C49A00	2.484	1961	Suisse	183	Suisse	Europe et Asie centrale	1
#C49A00	2.464	1962	Suisse	183	Suisse	Europe et Asie centrale	1
#C49A00	2.68	1963	Suisse	183	Suisse	Europe et Asie centrale	1
#C49A00	2.852	1964	Suisse	183	Suisse	Europe et Asie centrale	1
#C49A00	2.568	1965	Suisse	183	Suisse	Europe et Asie centrale	1
#C49A00	2.472	1966	Suisse	183	Suisse	Europe et Asie centrale	1
#C49A00	2.374	1967	Suisse	183	Suisse	Europe et Asie centrale	1
#C49A00	2.287	1968	Suisse	183	Suisse	Europe et Asie centrale	1
#C49A00	2.123	1969	Suisse	183	Suisse	Europe et Asie centrale	1
#C49A00	2.087	1970	Suisse	183	Suisse	Europe et Asie centrale	1
#C49A00	2.033	1971	Suisse	183	Suisse	Europe et Asie centrale	1
#C49A00	1.923	1972	Suisse	183	Suisse	Europe et Asie centrale	1
#C49A00	1.823	1973	Suisse	183	Suisse	Europe et Asie centrale	1
#C49A00	1.731	1974	Suisse	183	Suisse	Europe et Asie centrale	1
#C49A00	1.598	1975	Suisse	183	Suisse	Europe et Asie centrale	1
#C49A00	1.531	1976	Suisse	183	Suisse	Europe et Asie centrale	1
#C49A00	1.521	1977	Suisse	183	Suisse	Europe et Asie centrale	1
#C49A00	1.493	1978	Suisse	183	Suisse	Europe et Asie centrale	1
#C49A00	1.505	1979	Suisse	183	Suisse	Europe et Asie centrale	1
#C49A00	1.55	1980	Suisse	183	Suisse	Europe et Asie centrale	1
#C49A00	1.55	1981	Suisse	183	Suisse	Europe et Asie centrale	1
#C49A00	1.56	1982	Suisse	183	Suisse	Europe et Asie centrale	1
#C49A00	1.51	1983	Suisse	183	Suisse	Europe et Asie centrale	1
#C49A00	1.52	1984	Suisse	183	Suisse	Europe et Asie centrale	1
#C49A00	1.51	1985	Suisse	183	Suisse	Europe et Asie centrale	1
#C49A00	1.52	1986	Suisse	183	Suisse	Europe et Asie centrale	1
#C49A00	1.55	1987	Suisse	183	Suisse	Europe et Asie centrale	1
#C49A00	1.57	1988	Suisse	183	Suisse	Europe et Asie centrale	1
#C49A00	1.56	1989	Suisse	183	Suisse	Europe et Asie centrale	1
#C49A00	1.59	1990	Suisse	183	Suisse	Europe et Asie centrale	1
#C49A00	1.58	1991	Suisse	183	Suisse	Europe et Asie centrale	1
#C49A00	1.58	1992	Suisse	183	Suisse	Europe et Asie centrale	1
#C49A00	1.51	1993	Suisse	183	Suisse	Europe et Asie centrale	1
#C49A00	1.49	1994	Suisse	183	Suisse	Europe et Asie centrale	1
#C49A00	1.47	1995	Suisse	183	Suisse	Europe et Asie centrale	1
#C49A00	1.5	1996	Suisse	183	Suisse	Europe et Asie centrale	1
#C49A00	1.48	1997	Suisse	183	Suisse	Europe et Asie centrale	1
#C49A00	1.47	1998	Suisse	183	Suisse	Europe et Asie centrale	1
#C49A00	1.48	1999	Suisse	183	Suisse	Europe et Asie centrale	1
#C49A00	1.5	2000	Suisse	183	Suisse	Europe et Asie centrale	1
#C49A00	1.38	2001	Suisse	183	Suisse	Europe et Asie centrale	1
#C49A00	1.39	2002	Suisse	183	Suisse	Europe et Asie centrale	1
#C49A00	1.39	2003	Suisse	183	Suisse	Europe et Asie centrale	1
#C49A00	1.42	2004	Suisse	183	Suisse	Europe et Asie centrale	1
#C49A00	1.42	2005	Suisse	183	Suisse	Europe et Asie centrale	1
#C49A00	1.44	2006	Suisse	183	Suisse	Europe et Asie centrale	1
#C49A00	1.46	2007	Suisse	183	Suisse	Europe et Asie centrale	1
#C49A00	1.48	2008	Suisse	183	Suisse	Europe et Asie centrale	1
#C49A00	1.5	2009	Suisse	183	Suisse	Europe et Asie centrale	1
#C49A00	1.52	2010	Suisse	183	Suisse	Europe et Asie centrale	1
#C49A00	1.52	2011	Suisse	183	Suisse	Europe et Asie centrale	1
#FB61D7	7.351	1960	Côte d'Ivoire	49	Côte d'Ivoire	Afrique subsaharienne	1
#FB61D7	7.427	1961	Côte d'Ivoire	49	Côte d'Ivoire	Afrique subsaharienne	1
#FB61D7	7.501	1962	Côte d'Ivoire	49	Côte d'Ivoire	Afrique subsaharienne	1
#FB61D7	7.572	1963	Côte d'Ivoire	49	Côte d'Ivoire	Afrique subsaharienne	1
#FB61D7	7.639	1964	Côte d'Ivoire	49	Côte d'Ivoire	Afrique subsaharienne	1
#FB61D7	7.701	1965	Côte d'Ivoire	49	Côte d'Ivoire	Afrique subsaharienne	1
#FB61D7	7.757	1966	Côte d'Ivoire	49	Côte d'Ivoire	Afrique subsaharienne	1
#FB61D7	7.806	1967	Côte d'Ivoire	49	Côte d'Ivoire	Afrique subsaharienne	1
#FB61D7	7.849	1968	Côte d'Ivoire	49	Côte d'Ivoire	Afrique subsaharienne	1
#FB61D7	7.883	1969	Côte d'Ivoire	49	Côte d'Ivoire	Afrique subsaharienne	1
#FB61D7	7.908	1970	Côte d'Ivoire	49	Côte d'Ivoire	Afrique subsaharienne	1
#FB61D7	7.927	1971	Côte d'Ivoire	49	Côte d'Ivoire	Afrique subsaharienne	1
#FB61D7	7.937	1972	Côte d'Ivoire	49	Côte d'Ivoire	Afrique subsaharienne	1
#FB61D7	7.94	1973	Côte d'Ivoire	49	Côte d'Ivoire	Afrique subsaharienne	1
#FB61D7	7.934	1974	Côte d'Ivoire	49	Côte d'Ivoire	Afrique subsaharienne	1
#FB61D7	7.917	1975	Côte d'Ivoire	49	Côte d'Ivoire	Afrique subsaharienne	1
#FB61D7	7.886	1976	Côte d'Ivoire	49	Côte d'Ivoire	Afrique subsaharienne	1
#FB61D7	7.84	1977	Côte d'Ivoire	49	Côte d'Ivoire	Afrique subsaharienne	1
#FB61D7	7.778	1978	Côte d'Ivoire	49	Côte d'Ivoire	Afrique subsaharienne	1
#FB61D7	7.701	1979	Côte d'Ivoire	49	Côte d'Ivoire	Afrique subsaharienne	1
#FB61D7	7.608	1980	Côte d'Ivoire	49	Côte d'Ivoire	Afrique subsaharienne	1
#FB61D7	7.501	1981	Côte d'Ivoire	49	Côte d'Ivoire	Afrique subsaharienne	1
#FB61D7	7.382	1982	Côte d'Ivoire	49	Côte d'Ivoire	Afrique subsaharienne	1
#FB61D7	7.253	1983	Côte d'Ivoire	49	Côte d'Ivoire	Afrique subsaharienne	1
#FB61D7	7.117	1984	Côte d'Ivoire	49	Côte d'Ivoire	Afrique subsaharienne	1
#FB61D7	6.977	1985	Côte d'Ivoire	49	Côte d'Ivoire	Afrique subsaharienne	1
#FB61D7	6.834	1986	Côte d'Ivoire	49	Côte d'Ivoire	Afrique subsaharienne	1
#FB61D7	6.689	1987	Côte d'Ivoire	49	Côte d'Ivoire	Afrique subsaharienne	1
#FB61D7	6.543	1988	Côte d'Ivoire	49	Côte d'Ivoire	Afrique subsaharienne	1
#FB61D7	6.399	1989	Côte d'Ivoire	49	Côte d'Ivoire	Afrique subsaharienne	1
#FB61D7	6.257	1990	Côte d'Ivoire	49	Côte d'Ivoire	Afrique subsaharienne	1
#FB61D7	6.117	1991	Côte d'Ivoire	49	Côte d'Ivoire	Afrique subsaharienne	1
#FB61D7	5.977	1992	Côte d'Ivoire	49	Côte d'Ivoire	Afrique subsaharienne	1
#FB61D7	5.84	1993	Côte d'Ivoire	49	Côte d'Ivoire	Afrique subsaharienne	1
#FB61D7	5.706	1994	Côte d'Ivoire	49	Côte d'Ivoire	Afrique subsaharienne	1
#FB61D7	5.581	1995	Côte d'Ivoire	49	Côte d'Ivoire	Afrique subsaharienne	1
#FB61D7	5.469	1996	Côte d'Ivoire	49	Côte d'Ivoire	Afrique subsaharienne	1
#FB61D7	5.371	1997	Côte d'Ivoire	49	Côte d'Ivoire	Afrique subsaharienne	1
#FB61D7	5.289	1998	Côte d'Ivoire	49	Côte d'Ivoire	Afrique subsaharienne	1
#FB61D7	5.22	1999	Côte d'Ivoire	49	Côte d'Ivoire	Afrique subsaharienne	1
#FB61D7	5.162	2000	Côte d'Ivoire	49	Côte d'Ivoire	Afrique subsaharienne	1
#FB61D7	5.109	2001	Côte d'Ivoire	49	Côte d'Ivoire	Afrique subsaharienne	1
#FB61D7	5.055	2002	Côte d'Ivoire	49	Côte d'Ivoire	Afrique subsaharienne	1
#FB61D7	4.997	2003	Côte d'Ivoire	49	Côte d'Ivoire	Afrique subsaharienne	1
#FB61D7	4.932	2004	Côte d'Ivoire	49	Côte d'Ivoire	Afrique subsaharienne	1
#FB61D7	4.858	2005	Côte d'Ivoire	49	Côte d'Ivoire	Afrique subsaharienne	1
#FB61D7	4.777	2006	Côte d'Ivoire	49	Côte d'Ivoire	Afrique subsaharienne	1
#FB61D7	4.691	2007	Côte d'Ivoire	49	Côte d'Ivoire	Afrique subsaharienne	1
#FB61D7	4.605	2008	Côte d'Ivoire	49	Côte d'Ivoire	Afrique subsaharienne	1
#FB61D7	4.518	2009	Côte d'Ivoire	49	Côte d'Ivoire	Afrique subsaharienne	1
#FB61D7	4.432	2010	Côte d'Ivoire	49	Côte d'Ivoire	Afrique subsaharienne	1
#FB61D7	4.348	2011	Côte d'Ivoire	49	Côte d'Ivoire	Afrique subsaharienne	1
#53B400	5.582	1960	Chili	37	Chili	Amérique latine et Caraïbes	1
#53B400	5.543	1961	Chili	37	Chili	Amérique latine et Caraïbes	1
#53B400	5.463	1962	Chili	37	Chili	Amérique latine et Caraïbes	1
#53B400	5.342	1963	Chili	37	Chili	Amérique latine et Caraïbes	1
#53B400	5.185	1964	Chili	37	Chili	Amérique latine et Caraïbes	1
#53B400	5	1965	Chili	37	Chili	Amérique latine et Caraïbes	1
#53B400	4.799	1966	Chili	37	Chili	Amérique latine et Caraïbes	1
#53B400	4.593	1967	Chili	37	Chili	Amérique latine et Caraïbes	1
#53B400	4.392	1968	Chili	37	Chili	Amérique latine et Caraïbes	1
#53B400	4.202	1969	Chili	37	Chili	Amérique latine et Caraïbes	1
#53B400	4.023	1970	Chili	37	Chili	Amérique latine et Caraïbes	1
#53B400	3.851	1971	Chili	37	Chili	Amérique latine et Caraïbes	1
#53B400	3.679	1972	Chili	37	Chili	Amérique latine et Caraïbes	1
#53B400	3.504	1973	Chili	37	Chili	Amérique latine et Caraïbes	1
#53B400	3.33	1974	Chili	37	Chili	Amérique latine et Caraïbes	1
#53B400	3.163	1975	Chili	37	Chili	Amérique latine et Caraïbes	1
#53B400	3.013	1976	Chili	37	Chili	Amérique latine et Caraïbes	1
#53B400	2.887	1977	Chili	37	Chili	Amérique latine et Caraïbes	1
#53B400	2.788	1978	Chili	37	Chili	Amérique latine et Caraïbes	1
#53B400	2.718	1979	Chili	37	Chili	Amérique latine et Caraïbes	1
#53B400	2.675	1980	Chili	37	Chili	Amérique latine et Caraïbes	1
#53B400	2.656	1981	Chili	37	Chili	Amérique latine et Caraïbes	1
#53B400	2.65	1982	Chili	37	Chili	Amérique latine et Caraïbes	1
#53B400	2.651	1983	Chili	37	Chili	Amérique latine et Caraïbes	1
#53B400	2.655	1984	Chili	37	Chili	Amérique latine et Caraïbes	1
#53B400	2.657	1985	Chili	37	Chili	Amérique latine et Caraïbes	1
#53B400	2.656	1986	Chili	37	Chili	Amérique latine et Caraïbes	1
#53B400	2.653	1987	Chili	37	Chili	Amérique latine et Caraïbes	1
#53B400	2.649	1988	Chili	37	Chili	Amérique latine et Caraïbes	1
#53B400	2.64	1989	Chili	37	Chili	Amérique latine et Caraïbes	1
#53B400	2.624	1990	Chili	37	Chili	Amérique latine et Caraïbes	1
#53B400	2.597	1991	Chili	37	Chili	Amérique latine et Caraïbes	1
#53B400	2.559	1992	Chili	37	Chili	Amérique latine et Caraïbes	1
#53B400	2.51	1993	Chili	37	Chili	Amérique latine et Caraïbes	1
#53B400	2.453	1994	Chili	37	Chili	Amérique latine et Caraïbes	1
#53B400	2.388	1995	Chili	37	Chili	Amérique latine et Caraïbes	1
#53B400	2.321	1996	Chili	37	Chili	Amérique latine et Caraïbes	1
#53B400	2.254	1997	Chili	37	Chili	Amérique latine et Caraïbes	1
#53B400	2.192	1998	Chili	37	Chili	Amérique latine et Caraïbes	1
#53B400	2.135	1999	Chili	37	Chili	Amérique latine et Caraïbes	1
#53B400	2.087	2000	Chili	37	Chili	Amérique latine et Caraïbes	1
#53B400	2.047	2001	Chili	37	Chili	Amérique latine et Caraïbes	1
#53B400	2.014	2002	Chili	37	Chili	Amérique latine et Caraïbes	1
#53B400	1.985	2003	Chili	37	Chili	Amérique latine et Caraïbes	1
#53B400	1.96	2004	Chili	37	Chili	Amérique latine et Caraïbes	1
#53B400	1.939	2005	Chili	37	Chili	Amérique latine et Caraïbes	1
#53B400	1.92	2006	Chili	37	Chili	Amérique latine et Caraïbes	1
#53B400	1.904	2007	Chili	37	Chili	Amérique latine et Caraïbes	1
#53B400	1.889	2008	Chili	37	Chili	Amérique latine et Caraïbes	1
#53B400	1.876	2009	Chili	37	Chili	Amérique latine et Caraïbes	1
#53B400	1.862	2010	Chili	37	Chili	Amérique latine et Caraïbes	1
#53B400	1.849	2011	Chili	37	Chili	Amérique latine et Caraïbes	1
#FB61D7	5.774	1960	Cameroun	34	Cameroun	Afrique subsaharienne	1
#FB61D7	5.819	1961	Cameroun	34	Cameroun	Afrique subsaharienne	1
#FB61D7	5.866	1962	Cameroun	34	Cameroun	Afrique subsaharienne	1
#FB61D7	5.913	1963	Cameroun	34	Cameroun	Afrique subsaharienne	1
#FB61D7	5.958	1964	Cameroun	34	Cameroun	Afrique subsaharienne	1
#FB61D7	6.001	1965	Cameroun	34	Cameroun	Afrique subsaharienne	1
#FB61D7	6.043	1966	Cameroun	34	Cameroun	Afrique subsaharienne	1
#FB61D7	6.084	1967	Cameroun	34	Cameroun	Afrique subsaharienne	1
#FB61D7	6.126	1968	Cameroun	34	Cameroun	Afrique subsaharienne	1
#FB61D7	6.168	1969	Cameroun	34	Cameroun	Afrique subsaharienne	1
#FB61D7	6.208	1970	Cameroun	34	Cameroun	Afrique subsaharienne	1
#FB61D7	6.247	1971	Cameroun	34	Cameroun	Afrique subsaharienne	1
#FB61D7	6.283	1972	Cameroun	34	Cameroun	Afrique subsaharienne	1
#FB61D7	6.315	1973	Cameroun	34	Cameroun	Afrique subsaharienne	1
#FB61D7	6.343	1974	Cameroun	34	Cameroun	Afrique subsaharienne	1
#FB61D7	6.366	1975	Cameroun	34	Cameroun	Afrique subsaharienne	1
#FB61D7	6.387	1976	Cameroun	34	Cameroun	Afrique subsaharienne	1
#FB61D7	6.404	1977	Cameroun	34	Cameroun	Afrique subsaharienne	1
#FB61D7	6.419	1978	Cameroun	34	Cameroun	Afrique subsaharienne	1
#FB61D7	6.428	1979	Cameroun	34	Cameroun	Afrique subsaharienne	1
#FB61D7	6.431	1980	Cameroun	34	Cameroun	Afrique subsaharienne	1
#FB61D7	6.425	1981	Cameroun	34	Cameroun	Afrique subsaharienne	1
#FB61D7	6.407	1982	Cameroun	34	Cameroun	Afrique subsaharienne	1
#FB61D7	6.377	1983	Cameroun	34	Cameroun	Afrique subsaharienne	1
#FB61D7	6.335	1984	Cameroun	34	Cameroun	Afrique subsaharienne	1
#FB61D7	6.282	1985	Cameroun	34	Cameroun	Afrique subsaharienne	1
#FB61D7	6.22	1986	Cameroun	34	Cameroun	Afrique subsaharienne	1
#FB61D7	6.152	1987	Cameroun	34	Cameroun	Afrique subsaharienne	1
#FB61D7	6.08	1988	Cameroun	34	Cameroun	Afrique subsaharienne	1
#FB61D7	6.004	1989	Cameroun	34	Cameroun	Afrique subsaharienne	1
#FB61D7	5.923	1990	Cameroun	34	Cameroun	Afrique subsaharienne	1
#FB61D7	5.832	1991	Cameroun	34	Cameroun	Afrique subsaharienne	1
#FB61D7	5.731	1992	Cameroun	34	Cameroun	Afrique subsaharienne	1
#FB61D7	5.62	1993	Cameroun	34	Cameroun	Afrique subsaharienne	1
#FB61D7	5.502	1994	Cameroun	34	Cameroun	Afrique subsaharienne	1
#FB61D7	5.384	1995	Cameroun	34	Cameroun	Afrique subsaharienne	1
#FB61D7	5.273	1996	Cameroun	34	Cameroun	Afrique subsaharienne	1
#FB61D7	5.175	1997	Cameroun	34	Cameroun	Afrique subsaharienne	1
#FB61D7	5.094	1998	Cameroun	34	Cameroun	Afrique subsaharienne	1
#FB61D7	5.03	1999	Cameroun	34	Cameroun	Afrique subsaharienne	1
#FB61D7	4.983	2000	Cameroun	34	Cameroun	Afrique subsaharienne	1
#FB61D7	4.947	2001	Cameroun	34	Cameroun	Afrique subsaharienne	1
#FB61D7	4.917	2002	Cameroun	34	Cameroun	Afrique subsaharienne	1
#FB61D7	4.886	2003	Cameroun	34	Cameroun	Afrique subsaharienne	1
#FB61D7	4.85	2004	Cameroun	34	Cameroun	Afrique subsaharienne	1
#FB61D7	4.807	2005	Cameroun	34	Cameroun	Afrique subsaharienne	1
#FB61D7	4.756	2006	Cameroun	34	Cameroun	Afrique subsaharienne	1
#FB61D7	4.696	2007	Cameroun	34	Cameroun	Afrique subsaharienne	1
#FB61D7	4.631	2008	Cameroun	34	Cameroun	Afrique subsaharienne	1
#FB61D7	4.561	2009	Cameroun	34	Cameroun	Afrique subsaharienne	1
#FB61D7	4.487	2010	Cameroun	34	Cameroun	Afrique subsaharienne	1
#FB61D7	4.409	2011	Cameroun	34	Cameroun	Afrique subsaharienne	1
#F8766D	5.469	1960	Chine	38	Chine	Asie de l'Est et Pacifique	1
#F8766D	5.523	1961	Chine	38	Chine	Asie de l'Est et Pacifique	1
#F8766D	5.602	1962	Chine	38	Chine	Asie de l'Est et Pacifique	1
#F8766D	5.697	1963	Chine	38	Chine	Asie de l'Est et Pacifique	1
#F8766D	5.793	1964	Chine	38	Chine	Asie de l'Est et Pacifique	1
#F8766D	5.872	1965	Chine	38	Chine	Asie de l'Est et Pacifique	1
#F8766D	5.914	1966	Chine	38	Chine	Asie de l'Est et Pacifique	1
#F8766D	5.906	1967	Chine	38	Chine	Asie de l'Est et Pacifique	1
#F8766D	5.841	1968	Chine	38	Chine	Asie de l'Est et Pacifique	1
#F8766D	5.712	1969	Chine	38	Chine	Asie de l'Est et Pacifique	1
#F8766D	5.512	1970	Chine	38	Chine	Asie de l'Est et Pacifique	1
#F8766D	5.24	1971	Chine	38	Chine	Asie de l'Est et Pacifique	1
#F8766D	4.91	1972	Chine	38	Chine	Asie de l'Est et Pacifique	1
#F8766D	4.544	1973	Chine	38	Chine	Asie de l'Est et Pacifique	1
#F8766D	4.16	1974	Chine	38	Chine	Asie de l'Est et Pacifique	1
#F8766D	3.783	1975	Chine	38	Chine	Asie de l'Est et Pacifique	1
#F8766D	3.439	1976	Chine	38	Chine	Asie de l'Est et Pacifique	1
#F8766D	3.144	1977	Chine	38	Chine	Asie de l'Est et Pacifique	1
#F8766D	2.907	1978	Chine	38	Chine	Asie de l'Est et Pacifique	1
#F8766D	2.736	1979	Chine	38	Chine	Asie de l'Est et Pacifique	1
#F8766D	2.632	1980	Chine	38	Chine	Asie de l'Est et Pacifique	1
#F8766D	2.589	1981	Chine	38	Chine	Asie de l'Est et Pacifique	1
#F8766D	2.586	1982	Chine	38	Chine	Asie de l'Est et Pacifique	1
#F8766D	2.602	1983	Chine	38	Chine	Asie de l'Est et Pacifique	1
#F8766D	2.625	1984	Chine	38	Chine	Asie de l'Est et Pacifique	1
#F8766D	2.639	1985	Chine	38	Chine	Asie de l'Est et Pacifique	1
#F8766D	2.629	1986	Chine	38	Chine	Asie de l'Est et Pacifique	1
#F8766D	2.594	1987	Chine	38	Chine	Asie de l'Est et Pacifique	1
#F8766D	2.532	1988	Chine	38	Chine	Asie de l'Est et Pacifique	1
#F8766D	2.444	1989	Chine	38	Chine	Asie de l'Est et Pacifique	1
#F8766D	2.336	1990	Chine	38	Chine	Asie de l'Est et Pacifique	1
#F8766D	2.219	1991	Chine	38	Chine	Asie de l'Est et Pacifique	1
#F8766D	2.106	1992	Chine	38	Chine	Asie de l'Est et Pacifique	1
#F8766D	2.007	1993	Chine	38	Chine	Asie de l'Est et Pacifique	1
#F8766D	1.927	1994	Chine	38	Chine	Asie de l'Est et Pacifique	1
#F8766D	1.868	1995	Chine	38	Chine	Asie de l'Est et Pacifique	1
#F8766D	1.828	1996	Chine	38	Chine	Asie de l'Est et Pacifique	1
#F8766D	1.799	1997	Chine	38	Chine	Asie de l'Est et Pacifique	1
#F8766D	1.776	1998	Chine	38	Chine	Asie de l'Est et Pacifique	1
#F8766D	1.755	1999	Chine	38	Chine	Asie de l'Est et Pacifique	1
#F8766D	1.737	2000	Chine	38	Chine	Asie de l'Est et Pacifique	1
#F8766D	1.72	2001	Chine	38	Chine	Asie de l'Est et Pacifique	1
#F8766D	1.705	2002	Chine	38	Chine	Asie de l'Est et Pacifique	1
#F8766D	1.692	2003	Chine	38	Chine	Asie de l'Est et Pacifique	1
#F8766D	1.68	2004	Chine	38	Chine	Asie de l'Est et Pacifique	1
#F8766D	1.668	2005	Chine	38	Chine	Asie de l'Est et Pacifique	1
#F8766D	1.656	2006	Chine	38	Chine	Asie de l'Est et Pacifique	1
#F8766D	1.643	2007	Chine	38	Chine	Asie de l'Est et Pacifique	1
#F8766D	1.629	2008	Chine	38	Chine	Asie de l'Est et Pacifique	1
#F8766D	1.614	2009	Chine	38	Chine	Asie de l'Est et Pacifique	1
#F8766D	1.598	2010	Chine	38	Chine	Asie de l'Est et Pacifique	1
#F8766D	1.582	2011	Chine	38	Chine	Asie de l'Est et Pacifique	1
#53B400	6.807	1960	Colombie	42	Colombie	Amérique latine et Caraïbes	1
#53B400	6.8	1961	Colombie	42	Colombie	Amérique latine et Caraïbes	1
#53B400	6.776	1962	Colombie	42	Colombie	Amérique latine et Caraïbes	1
#53B400	6.731	1963	Colombie	42	Colombie	Amérique latine et Caraïbes	1
#53B400	6.661	1964	Colombie	42	Colombie	Amérique latine et Caraïbes	1
#53B400	6.559	1965	Colombie	42	Colombie	Amérique latine et Caraïbes	1
#53B400	6.422	1966	Colombie	42	Colombie	Amérique latine et Caraïbes	1
#53B400	6.25	1967	Colombie	42	Colombie	Amérique latine et Caraïbes	1
#53B400	6.05	1968	Colombie	42	Colombie	Amérique latine et Caraïbes	1
#53B400	5.83	1969	Colombie	42	Colombie	Amérique latine et Caraïbes	1
#53B400	5.599	1970	Colombie	42	Colombie	Amérique latine et Caraïbes	1
#53B400	5.37	1971	Colombie	42	Colombie	Amérique latine et Caraïbes	1
#53B400	5.153	1972	Colombie	42	Colombie	Amérique latine et Caraïbes	1
#53B400	4.956	1973	Colombie	42	Colombie	Amérique latine et Caraïbes	1
#53B400	4.782	1974	Colombie	42	Colombie	Amérique latine et Caraïbes	1
#53B400	4.631	1975	Colombie	42	Colombie	Amérique latine et Caraïbes	1
#53B400	4.497	1976	Colombie	42	Colombie	Amérique latine et Caraïbes	1
#53B400	4.372	1977	Colombie	42	Colombie	Amérique latine et Caraïbes	1
#53B400	4.247	1978	Colombie	42	Colombie	Amérique latine et Caraïbes	1
#53B400	4.121	1979	Colombie	42	Colombie	Amérique latine et Caraïbes	1
#53B400	3.993	1980	Colombie	42	Colombie	Amérique latine et Caraïbes	1
#53B400	3.867	1981	Colombie	42	Colombie	Amérique latine et Caraïbes	1
#53B400	3.744	1982	Colombie	42	Colombie	Amérique latine et Caraïbes	1
#53B400	3.63	1983	Colombie	42	Colombie	Amérique latine et Caraïbes	1
#53B400	3.525	1984	Colombie	42	Colombie	Amérique latine et Caraïbes	1
#53B400	3.43	1985	Colombie	42	Colombie	Amérique latine et Caraïbes	1
#53B400	3.347	1986	Colombie	42	Colombie	Amérique latine et Caraïbes	1
#53B400	3.275	1987	Colombie	42	Colombie	Amérique latine et Caraïbes	1
#53B400	3.211	1988	Colombie	42	Colombie	Amérique latine et Caraïbes	1
#53B400	3.155	1989	Colombie	42	Colombie	Amérique latine et Caraïbes	1
#53B400	3.104	1990	Colombie	42	Colombie	Amérique latine et Caraïbes	1
#53B400	3.057	1991	Colombie	42	Colombie	Amérique latine et Caraïbes	1
#53B400	3.012	1992	Colombie	42	Colombie	Amérique latine et Caraïbes	1
#53B400	2.966	1993	Colombie	42	Colombie	Amérique latine et Caraïbes	1
#53B400	2.92	1994	Colombie	42	Colombie	Amérique latine et Caraïbes	1
#53B400	2.872	1995	Colombie	42	Colombie	Amérique latine et Caraïbes	1
#53B400	2.823	1996	Colombie	42	Colombie	Amérique latine et Caraïbes	1
#53B400	2.775	1997	Colombie	42	Colombie	Amérique latine et Caraïbes	1
#53B400	2.727	1998	Colombie	42	Colombie	Amérique latine et Caraïbes	1
#53B400	2.682	1999	Colombie	42	Colombie	Amérique latine et Caraïbes	1
#53B400	2.64	2000	Colombie	42	Colombie	Amérique latine et Caraïbes	1
#53B400	2.603	2001	Colombie	42	Colombie	Amérique latine et Caraïbes	1
#53B400	2.57	2002	Colombie	42	Colombie	Amérique latine et Caraïbes	1
#53B400	2.542	2003	Colombie	42	Colombie	Amérique latine et Caraïbes	1
#53B400	2.518	2004	Colombie	42	Colombie	Amérique latine et Caraïbes	1
#53B400	2.496	2005	Colombie	42	Colombie	Amérique latine et Caraïbes	1
#53B400	2.475	2006	Colombie	42	Colombie	Amérique latine et Caraïbes	1
#53B400	2.454	2007	Colombie	42	Colombie	Amérique latine et Caraïbes	1
#53B400	2.43	2008	Colombie	42	Colombie	Amérique latine et Caraïbes	1
#53B400	2.403	2009	Colombie	42	Colombie	Amérique latine et Caraïbes	1
#53B400	2.1	2010	Colombie	42	Colombie	Amérique latine et Caraïbes	1
#53B400	2.1	2011	Colombie	42	Colombie	Amérique latine et Caraïbes	1
#53B400	7.311	1960	Costa Rica	48	Costa Rica	Amérique latine et Caraïbes	1
#53B400	7.295	1961	Costa Rica	48	Costa Rica	Amérique latine et Caraïbes	1
#53B400	7.221	1962	Costa Rica	48	Costa Rica	Amérique latine et Caraïbes	1
#53B400	7.085	1963	Costa Rica	48	Costa Rica	Amérique latine et Caraïbes	1
#53B400	6.886	1964	Costa Rica	48	Costa Rica	Amérique latine et Caraïbes	1
#53B400	6.631	1965	Costa Rica	48	Costa Rica	Amérique latine et Caraïbes	1
#53B400	6.328	1966	Costa Rica	48	Costa Rica	Amérique latine et Caraïbes	1
#53B400	5.997	1967	Costa Rica	48	Costa Rica	Amérique latine et Caraïbes	1
#53B400	5.657	1968	Costa Rica	48	Costa Rica	Amérique latine et Caraïbes	1
#53B400	5.324	1969	Costa Rica	48	Costa Rica	Amérique latine et Caraïbes	1
#53B400	5.012	1970	Costa Rica	48	Costa Rica	Amérique latine et Caraïbes	1
#53B400	4.733	1971	Costa Rica	48	Costa Rica	Amérique latine et Caraïbes	1
#53B400	4.488	1972	Costa Rica	48	Costa Rica	Amérique latine et Caraïbes	1
#53B400	4.278	1973	Costa Rica	48	Costa Rica	Amérique latine et Caraïbes	1
#53B400	4.105	1974	Costa Rica	48	Costa Rica	Amérique latine et Caraïbes	1
#53B400	3.968	1975	Costa Rica	48	Costa Rica	Amérique latine et Caraïbes	1
#53B400	3.864	1976	Costa Rica	48	Costa Rica	Amérique latine et Caraïbes	1
#53B400	3.784	1977	Costa Rica	48	Costa Rica	Amérique latine et Caraïbes	1
#53B400	3.719	1978	Costa Rica	48	Costa Rica	Amérique latine et Caraïbes	1
#53B400	3.665	1979	Costa Rica	48	Costa Rica	Amérique latine et Caraïbes	1
#53B400	3.618	1980	Costa Rica	48	Costa Rica	Amérique latine et Caraïbes	1
#53B400	3.577	1981	Costa Rica	48	Costa Rica	Amérique latine et Caraïbes	1
#53B400	3.544	1982	Costa Rica	48	Costa Rica	Amérique latine et Caraïbes	1
#53B400	3.517	1983	Costa Rica	48	Costa Rica	Amérique latine et Caraïbes	1
#53B400	3.491	1984	Costa Rica	48	Costa Rica	Amérique latine et Caraïbes	1
#53B400	3.463	1985	Costa Rica	48	Costa Rica	Amérique latine et Caraïbes	1
#53B400	3.427	1986	Costa Rica	48	Costa Rica	Amérique latine et Caraïbes	1
#53B400	3.38	1987	Costa Rica	48	Costa Rica	Amérique latine et Caraïbes	1
#53B400	3.323	1988	Costa Rica	48	Costa Rica	Amérique latine et Caraïbes	1
#53B400	3.254	1989	Costa Rica	48	Costa Rica	Amérique latine et Caraïbes	1
#53B400	3.175	1990	Costa Rica	48	Costa Rica	Amérique latine et Caraïbes	1
#53B400	3.09	1991	Costa Rica	48	Costa Rica	Amérique latine et Caraïbes	1
#53B400	3.002	1992	Costa Rica	48	Costa Rica	Amérique latine et Caraïbes	1
#53B400	2.917	1993	Costa Rica	48	Costa Rica	Amérique latine et Caraïbes	1
#53B400	2.835	1994	Costa Rica	48	Costa Rica	Amérique latine et Caraïbes	1
#53B400	2.758	1995	Costa Rica	48	Costa Rica	Amérique latine et Caraïbes	1
#53B400	2.686	1996	Costa Rica	48	Costa Rica	Amérique latine et Caraïbes	1
#53B400	2.616	1997	Costa Rica	48	Costa Rica	Amérique latine et Caraïbes	1
#53B400	2.548	1998	Costa Rica	48	Costa Rica	Amérique latine et Caraïbes	1
#53B400	2.481	1999	Costa Rica	48	Costa Rica	Amérique latine et Caraïbes	1
#53B400	2.414	2000	Costa Rica	48	Costa Rica	Amérique latine et Caraïbes	1
#53B400	2.345	2001	Costa Rica	48	Costa Rica	Amérique latine et Caraïbes	1
#53B400	2.275	2002	Costa Rica	48	Costa Rica	Amérique latine et Caraïbes	1
#53B400	2.204	2003	Costa Rica	48	Costa Rica	Amérique latine et Caraïbes	1
#53B400	2.134	2004	Costa Rica	48	Costa Rica	Amérique latine et Caraïbes	1
#53B400	2.067	2005	Costa Rica	48	Costa Rica	Amérique latine et Caraïbes	1
#53B400	2.007	2006	Costa Rica	48	Costa Rica	Amérique latine et Caraïbes	1
#53B400	1.954	2007	Costa Rica	48	Costa Rica	Amérique latine et Caraïbes	1
#53B400	1.91	2008	Costa Rica	48	Costa Rica	Amérique latine et Caraïbes	1
#53B400	1.875	2009	Costa Rica	48	Costa Rica	Amérique latine et Caraïbes	1
#53B400	1.848	2010	Costa Rica	48	Costa Rica	Amérique latine et Caraïbes	1
#53B400	1.827	2011	Costa Rica	48	Costa Rica	Amérique latine et Caraïbes	1
#53B400	4.182	1960	Cuba	51	Cuba	Amérique latine et Caraïbes	1
#53B400	4.36	1961	Cuba	51	Cuba	Amérique latine et Caraïbes	1
#53B400	4.509	1962	Cuba	51	Cuba	Amérique latine et Caraïbes	1
#53B400	4.606	1963	Cuba	51	Cuba	Amérique latine et Caraïbes	1
#53B400	4.643	1964	Cuba	51	Cuba	Amérique latine et Caraïbes	1
#53B400	4.617	1965	Cuba	51	Cuba	Amérique latine et Caraïbes	1
#53B400	4.54	1966	Cuba	51	Cuba	Amérique latine et Caraïbes	1
#53B400	4.433	1967	Cuba	51	Cuba	Amérique latine et Caraïbes	1
#53B400	4.312	1968	Cuba	51	Cuba	Amérique latine et Caraïbes	1
#53B400	4.18	1969	Cuba	51	Cuba	Amérique latine et Caraïbes	1
#53B400	4.033	1970	Cuba	51	Cuba	Amérique latine et Caraïbes	1
#53B400	3.857	1971	Cuba	51	Cuba	Amérique latine et Caraïbes	1
#53B400	3.646	1972	Cuba	51	Cuba	Amérique latine et Caraïbes	1
#53B400	3.4	1973	Cuba	51	Cuba	Amérique latine et Caraïbes	1
#53B400	3.127	1974	Cuba	51	Cuba	Amérique latine et Caraïbes	1
#53B400	2.844	1975	Cuba	51	Cuba	Amérique latine et Caraïbes	1
#53B400	2.573	1976	Cuba	51	Cuba	Amérique latine et Caraïbes	1
#53B400	2.332	1977	Cuba	51	Cuba	Amérique latine et Caraïbes	1
#53B400	2.134	1978	Cuba	51	Cuba	Amérique latine et Caraïbes	1
#53B400	1.987	1979	Cuba	51	Cuba	Amérique latine et Caraïbes	1
#53B400	1.892	1980	Cuba	51	Cuba	Amérique latine et Caraïbes	1
#53B400	1.843	1981	Cuba	51	Cuba	Amérique latine et Caraïbes	1
#53B400	1.826	1982	Cuba	51	Cuba	Amérique latine et Caraïbes	1
#53B400	1.825	1983	Cuba	51	Cuba	Amérique latine et Caraïbes	1
#53B400	1.832	1984	Cuba	51	Cuba	Amérique latine et Caraïbes	1
#53B400	1.837	1985	Cuba	51	Cuba	Amérique latine et Caraïbes	1
#53B400	1.836	1986	Cuba	51	Cuba	Amérique latine et Caraïbes	1
#53B400	1.827	1987	Cuba	51	Cuba	Amérique latine et Caraïbes	1
#53B400	1.81	1988	Cuba	51	Cuba	Amérique latine et Caraïbes	1
#53B400	1.785	1989	Cuba	51	Cuba	Amérique latine et Caraïbes	1
#53B400	1.752	1990	Cuba	51	Cuba	Amérique latine et Caraïbes	1
#53B400	1.715	1991	Cuba	51	Cuba	Amérique latine et Caraïbes	1
#53B400	1.68	1992	Cuba	51	Cuba	Amérique latine et Caraïbes	1
#53B400	1.65	1993	Cuba	51	Cuba	Amérique latine et Caraïbes	1
#53B400	1.628	1994	Cuba	51	Cuba	Amérique latine et Caraïbes	1
#53B400	1.614	1995	Cuba	51	Cuba	Amérique latine et Caraïbes	1
#53B400	1.609	1996	Cuba	51	Cuba	Amérique latine et Caraïbes	1
#53B400	1.61	1997	Cuba	51	Cuba	Amérique latine et Caraïbes	1
#53B400	1.615	1998	Cuba	51	Cuba	Amérique latine et Caraïbes	1
#53B400	1.621	1999	Cuba	51	Cuba	Amérique latine et Caraïbes	1
#53B400	1.626	2000	Cuba	51	Cuba	Amérique latine et Caraïbes	1
#53B400	1.626	2001	Cuba	51	Cuba	Amérique latine et Caraïbes	1
#53B400	1.621	2002	Cuba	51	Cuba	Amérique latine et Caraïbes	1
#53B400	1.61	2003	Cuba	51	Cuba	Amérique latine et Caraïbes	1
#53B400	1.592	2004	Cuba	51	Cuba	Amérique latine et Caraïbes	1
#53B400	1.57	2005	Cuba	51	Cuba	Amérique latine et Caraïbes	1
#53B400	1.545	2006	Cuba	51	Cuba	Amérique latine et Caraïbes	1
#53B400	1.52	2007	Cuba	51	Cuba	Amérique latine et Caraïbes	1
#53B400	1.499	2008	Cuba	51	Cuba	Amérique latine et Caraïbes	1
#53B400	1.481	2009	Cuba	51	Cuba	Amérique latine et Caraïbes	1
#53B400	1.467	2010	Cuba	51	Cuba	Amérique latine et Caraïbes	1
#53B400	1.457	2011	Cuba	51	Cuba	Amérique latine et Caraïbes	1
#FB61D7	6.885	1960	Cap-Vert	36	Cap-Vert	Afrique subsaharienne	1
#FB61D7	6.922	1961	Cap-Vert	36	Cap-Vert	Afrique subsaharienne	1
#FB61D7	6.953	1962	Cap-Vert	36	Cap-Vert	Afrique subsaharienne	1
#FB61D7	6.976	1963	Cap-Vert	36	Cap-Vert	Afrique subsaharienne	1
#FB61D7	6.989	1964	Cap-Vert	36	Cap-Vert	Afrique subsaharienne	1
#FB61D7	6.993	1965	Cap-Vert	36	Cap-Vert	Afrique subsaharienne	1
#FB61D7	6.99	1966	Cap-Vert	36	Cap-Vert	Afrique subsaharienne	1
#FB61D7	6.982	1967	Cap-Vert	36	Cap-Vert	Afrique subsaharienne	1
#FB61D7	6.97	1968	Cap-Vert	36	Cap-Vert	Afrique subsaharienne	1
#FB61D7	6.954	1969	Cap-Vert	36	Cap-Vert	Afrique subsaharienne	1
#FB61D7	6.935	1970	Cap-Vert	36	Cap-Vert	Afrique subsaharienne	1
#FB61D7	6.913	1971	Cap-Vert	36	Cap-Vert	Afrique subsaharienne	1
#FB61D7	6.887	1972	Cap-Vert	36	Cap-Vert	Afrique subsaharienne	1
#FB61D7	6.855	1973	Cap-Vert	36	Cap-Vert	Afrique subsaharienne	1
#FB61D7	6.818	1974	Cap-Vert	36	Cap-Vert	Afrique subsaharienne	1
#FB61D7	6.771	1975	Cap-Vert	36	Cap-Vert	Afrique subsaharienne	1
#FB61D7	6.714	1976	Cap-Vert	36	Cap-Vert	Afrique subsaharienne	1
#FB61D7	6.645	1977	Cap-Vert	36	Cap-Vert	Afrique subsaharienne	1
#FB61D7	6.564	1978	Cap-Vert	36	Cap-Vert	Afrique subsaharienne	1
#FB61D7	6.473	1979	Cap-Vert	36	Cap-Vert	Afrique subsaharienne	1
#FB61D7	6.375	1980	Cap-Vert	36	Cap-Vert	Afrique subsaharienne	1
#FB61D7	6.274	1981	Cap-Vert	36	Cap-Vert	Afrique subsaharienne	1
#FB61D7	6.174	1982	Cap-Vert	36	Cap-Vert	Afrique subsaharienne	1
#FB61D7	6.075	1983	Cap-Vert	36	Cap-Vert	Afrique subsaharienne	1
#FB61D7	5.979	1984	Cap-Vert	36	Cap-Vert	Afrique subsaharienne	1
#FB61D7	5.883	1985	Cap-Vert	36	Cap-Vert	Afrique subsaharienne	1
#FB61D7	5.784	1986	Cap-Vert	36	Cap-Vert	Afrique subsaharienne	1
#FB61D7	5.68	1987	Cap-Vert	36	Cap-Vert	Afrique subsaharienne	1
#FB61D7	5.565	1988	Cap-Vert	36	Cap-Vert	Afrique subsaharienne	1
#FB61D7	5.441	1989	Cap-Vert	36	Cap-Vert	Afrique subsaharienne	1
#FB61D7	5.307	1990	Cap-Vert	36	Cap-Vert	Afrique subsaharienne	1
#FB61D7	5.164	1991	Cap-Vert	36	Cap-Vert	Afrique subsaharienne	1
#FB61D7	5.016	1992	Cap-Vert	36	Cap-Vert	Afrique subsaharienne	1
#FB61D7	4.863	1993	Cap-Vert	36	Cap-Vert	Afrique subsaharienne	1
#FB61D7	4.708	1994	Cap-Vert	36	Cap-Vert	Afrique subsaharienne	1
#FB61D7	4.55	1995	Cap-Vert	36	Cap-Vert	Afrique subsaharienne	1
#FB61D7	4.388	1996	Cap-Vert	36	Cap-Vert	Afrique subsaharienne	1
#FB61D7	4.221	1997	Cap-Vert	36	Cap-Vert	Afrique subsaharienne	1
#FB61D7	4.05	1998	Cap-Vert	36	Cap-Vert	Afrique subsaharienne	1
#FB61D7	3.876	1999	Cap-Vert	36	Cap-Vert	Afrique subsaharienne	1
#FB61D7	3.701	2000	Cap-Vert	36	Cap-Vert	Afrique subsaharienne	1
#FB61D7	3.528	2001	Cap-Vert	36	Cap-Vert	Afrique subsaharienne	1
#FB61D7	3.358	2002	Cap-Vert	36	Cap-Vert	Afrique subsaharienne	1
#FB61D7	3.195	2003	Cap-Vert	36	Cap-Vert	Afrique subsaharienne	1
#FB61D7	3.041	2004	Cap-Vert	36	Cap-Vert	Afrique subsaharienne	1
#FB61D7	2.899	2005	Cap-Vert	36	Cap-Vert	Afrique subsaharienne	1
#FB61D7	2.772	2006	Cap-Vert	36	Cap-Vert	Afrique subsaharienne	1
#FB61D7	2.659	2007	Cap-Vert	36	Cap-Vert	Afrique subsaharienne	1
#FB61D7	2.561	2008	Cap-Vert	36	Cap-Vert	Afrique subsaharienne	1
#FB61D7	2.477	2009	Cap-Vert	36	Cap-Vert	Afrique subsaharienne	1
#FB61D7	2.405	2010	Cap-Vert	36	Cap-Vert	Afrique subsaharienne	1
#FB61D7	2.344	2011	Cap-Vert	36	Cap-Vert	Afrique subsaharienne	1
#53B400	2.1	2006	Curacao	52	Curacao	Amérique latine et Caraïbes	1
#53B400	2	2007	Curacao	52	Curacao	Amérique latine et Caraïbes	1
#53B400	2.2	2008	Curacao	52	Curacao	Amérique latine et Caraïbes	1
#53B400	2.1	2009	Curacao	52	Curacao	Amérique latine et Caraïbes	1
#C49A00	3.5	1960	Chypre	40	Chypre	Europe et Asie centrale	1
#C49A00	3.471	1961	Chypre	40	Chypre	Europe et Asie centrale	1
#C49A00	3.421	1962	Chypre	40	Chypre	Europe et Asie centrale	1
#C49A00	3.346	1963	Chypre	40	Chypre	Europe et Asie centrale	1
#C49A00	3.249	1964	Chypre	40	Chypre	Europe et Asie centrale	1
#C49A00	3.133	1965	Chypre	40	Chypre	Europe et Asie centrale	1
#C49A00	3.01	1966	Chypre	40	Chypre	Europe et Asie centrale	1
#C49A00	2.889	1967	Chypre	40	Chypre	Europe et Asie centrale	1
#C49A00	2.779	1968	Chypre	40	Chypre	Europe et Asie centrale	1
#C49A00	2.686	1969	Chypre	40	Chypre	Europe et Asie centrale	1
#C49A00	2.61	1970	Chypre	40	Chypre	Europe et Asie centrale	1
#C49A00	2.547	1971	Chypre	40	Chypre	Europe et Asie centrale	1
#C49A00	2.491	1972	Chypre	40	Chypre	Europe et Asie centrale	1
#C49A00	2.44	1973	Chypre	40	Chypre	Europe et Asie centrale	1
#C49A00	2.393	1974	Chypre	40	Chypre	Europe et Asie centrale	1
#C49A00	2.352	1975	Chypre	40	Chypre	Europe et Asie centrale	1
#C49A00	2.323	1976	Chypre	40	Chypre	Europe et Asie centrale	1
#C49A00	2.31	1977	Chypre	40	Chypre	Europe et Asie centrale	1
#C49A00	2.312	1978	Chypre	40	Chypre	Europe et Asie centrale	1
#C49A00	2.328	1979	Chypre	40	Chypre	Europe et Asie centrale	1
#C49A00	2.354	1980	Chypre	40	Chypre	Europe et Asie centrale	1
#C49A00	2.385	1981	Chypre	40	Chypre	Europe et Asie centrale	1
#C49A00	2.415	1982	Chypre	40	Chypre	Europe et Asie centrale	1
#C49A00	2.438	1983	Chypre	40	Chypre	Europe et Asie centrale	1
#C49A00	2.453	1984	Chypre	40	Chypre	Europe et Asie centrale	1
#C49A00	2.458	1985	Chypre	40	Chypre	Europe et Asie centrale	1
#C49A00	2.456	1986	Chypre	40	Chypre	Europe et Asie centrale	1
#C49A00	2.45	1987	Chypre	40	Chypre	Europe et Asie centrale	1
#C49A00	2.442	1988	Chypre	40	Chypre	Europe et Asie centrale	1
#C49A00	2.43	1989	Chypre	40	Chypre	Europe et Asie centrale	1
#C49A00	2.411	1990	Chypre	40	Chypre	Europe et Asie centrale	1
#C49A00	2.381	1991	Chypre	40	Chypre	Europe et Asie centrale	1
#C49A00	2.337	1992	Chypre	40	Chypre	Europe et Asie centrale	1
#C49A00	2.278	1993	Chypre	40	Chypre	Europe et Asie centrale	1
#C49A00	2.206	1994	Chypre	40	Chypre	Europe et Asie centrale	1
#C49A00	2.124	1995	Chypre	40	Chypre	Europe et Asie centrale	1
#C49A00	2.035	1996	Chypre	40	Chypre	Europe et Asie centrale	1
#C49A00	1.945	1997	Chypre	40	Chypre	Europe et Asie centrale	1
#C49A00	1.86	1998	Chypre	40	Chypre	Europe et Asie centrale	1
#C49A00	1.781	1999	Chypre	40	Chypre	Europe et Asie centrale	1
#C49A00	1.714	2000	Chypre	40	Chypre	Europe et Asie centrale	1
#C49A00	1.658	2001	Chypre	40	Chypre	Europe et Asie centrale	1
#C49A00	1.613	2002	Chypre	40	Chypre	Europe et Asie centrale	1
#C49A00	1.577	2003	Chypre	40	Chypre	Europe et Asie centrale	1
#C49A00	1.55	2004	Chypre	40	Chypre	Europe et Asie centrale	1
#C49A00	1.529	2005	Chypre	40	Chypre	Europe et Asie centrale	1
#C49A00	1.514	2006	Chypre	40	Chypre	Europe et Asie centrale	1
#C49A00	1.503	2007	Chypre	40	Chypre	Europe et Asie centrale	1
#C49A00	1.493	2008	Chypre	40	Chypre	Europe et Asie centrale	1
#C49A00	1.485	2009	Chypre	40	Chypre	Europe et Asie centrale	1
#C49A00	1.476	2010	Chypre	40	Chypre	Europe et Asie centrale	1
#C49A00	1.468	2011	Chypre	40	Chypre	Europe et Asie centrale	1
#C49A00	2.075	1960	République tchèque	162	République tchèque	Europe et Asie centrale	1
#C49A00	2.11	1961	République tchèque	162	République tchèque	Europe et Asie centrale	1
#C49A00	2.12	1962	République tchèque	162	République tchèque	Europe et Asie centrale	1
#C49A00	2.31	1963	République tchèque	162	République tchèque	Europe et Asie centrale	1
#C49A00	2.34	1964	République tchèque	162	République tchèque	Europe et Asie centrale	1
#C49A00	2.165	1965	République tchèque	162	République tchèque	Europe et Asie centrale	1
#C49A00	2.02	1966	République tchèque	162	République tchèque	Europe et Asie centrale	1
#C49A00	1.9	1967	République tchèque	162	République tchèque	Europe et Asie centrale	1
#C49A00	1.84	1968	République tchèque	162	République tchèque	Europe et Asie centrale	1
#C49A00	1.87	1969	République tchèque	162	République tchèque	Europe et Asie centrale	1
#C49A00	1.929	1970	République tchèque	162	République tchèque	Europe et Asie centrale	1
#C49A00	1.99	1971	République tchèque	162	République tchèque	Europe et Asie centrale	1
#C49A00	2.09	1972	République tchèque	162	République tchèque	Europe et Asie centrale	1
#C49A00	2.31	1973	République tchèque	162	République tchèque	Europe et Asie centrale	1
#C49A00	2.46	1974	République tchèque	162	République tchèque	Europe et Asie centrale	1
#C49A00	2.43	1975	République tchèque	162	République tchèque	Europe et Asie centrale	1
#C49A00	2.39	1976	République tchèque	162	République tchèque	Europe et Asie centrale	1
#C49A00	2.34	1977	République tchèque	162	République tchèque	Europe et Asie centrale	1
#C49A00	2.33	1978	République tchèque	162	République tchèque	Europe et Asie centrale	1
#C49A00	2.27	1979	République tchèque	162	République tchèque	Europe et Asie centrale	1
#C49A00	2.07	1980	République tchèque	162	République tchèque	Europe et Asie centrale	1
#C49A00	2	1981	République tchèque	162	République tchèque	Europe et Asie centrale	1
#C49A00	2.02	1982	République tchèque	162	République tchèque	Europe et Asie centrale	1
#C49A00	1.97	1983	République tchèque	162	République tchèque	Europe et Asie centrale	1
#C49A00	1.97	1984	République tchèque	162	République tchèque	Europe et Asie centrale	1
#C49A00	1.95	1985	République tchèque	162	République tchèque	Europe et Asie centrale	1
#C49A00	1.94	1986	République tchèque	162	République tchèque	Europe et Asie centrale	1
#C49A00	1.91	1987	République tchèque	162	République tchèque	Europe et Asie centrale	1
#C49A00	1.94	1988	République tchèque	162	République tchèque	Europe et Asie centrale	1
#C49A00	1.874	1989	République tchèque	162	République tchèque	Europe et Asie centrale	1
#C49A00	1.893	1990	République tchèque	162	République tchèque	Europe et Asie centrale	1
#C49A00	1.86	1991	République tchèque	162	République tchèque	Europe et Asie centrale	1
#C49A00	1.72	1992	République tchèque	162	République tchèque	Europe et Asie centrale	1
#C49A00	1.67	1993	République tchèque	162	République tchèque	Europe et Asie centrale	1
#C49A00	1.44	1994	République tchèque	162	République tchèque	Europe et Asie centrale	1
#C49A00	1.278	1995	République tchèque	162	République tchèque	Europe et Asie centrale	1
#C49A00	1.185	1996	République tchèque	162	République tchèque	Europe et Asie centrale	1
#C49A00	1.17	1997	République tchèque	162	République tchèque	Europe et Asie centrale	1
#C49A00	1.16	1998	République tchèque	162	République tchèque	Europe et Asie centrale	1
#C49A00	1.13	1999	République tchèque	162	République tchèque	Europe et Asie centrale	1
#C49A00	1.14	2000	République tchèque	162	République tchèque	Europe et Asie centrale	1
#C49A00	1.14	2001	République tchèque	162	République tchèque	Europe et Asie centrale	1
#C49A00	1.17	2002	République tchèque	162	République tchèque	Europe et Asie centrale	1
#C49A00	1.18	2003	République tchèque	162	République tchèque	Europe et Asie centrale	1
#C49A00	1.23	2004	République tchèque	162	République tchèque	Europe et Asie centrale	1
#C49A00	1.28	2005	République tchèque	162	République tchèque	Europe et Asie centrale	1
#C49A00	1.33	2006	République tchèque	162	République tchèque	Europe et Asie centrale	1
#C49A00	1.44	2007	République tchèque	162	République tchèque	Europe et Asie centrale	1
#C49A00	1.5	2008	République tchèque	162	République tchèque	Europe et Asie centrale	1
#C49A00	1.49	2009	République tchèque	162	République tchèque	Europe et Asie centrale	1
#C49A00	1.49	2010	République tchèque	162	République tchèque	Europe et Asie centrale	1
#C49A00	1.43	2011	République tchèque	162	République tchèque	Europe et Asie centrale	1
#C49A00	2.37	1960	Allemagne	5	Allemagne	Europe et Asie centrale	1
#C49A00	2.45	1961	Allemagne	5	Allemagne	Europe et Asie centrale	1
#C49A00	2.44	1962	Allemagne	5	Allemagne	Europe et Asie centrale	1
#C49A00	2.51	1963	Allemagne	5	Allemagne	Europe et Asie centrale	1
#C49A00	2.54	1964	Allemagne	5	Allemagne	Europe et Asie centrale	1
#C49A00	2.5	1965	Allemagne	5	Allemagne	Europe et Asie centrale	1
#C49A00	2.53	1966	Allemagne	5	Allemagne	Europe et Asie centrale	1
#C49A00	2.48	1967	Allemagne	5	Allemagne	Europe et Asie centrale	1
#C49A00	2.38	1968	Allemagne	5	Allemagne	Europe et Asie centrale	1
#C49A00	2.21	1969	Allemagne	5	Allemagne	Europe et Asie centrale	1
#C49A00	2.03	1970	Allemagne	5	Allemagne	Europe et Asie centrale	1
#C49A00	1.92	1971	Allemagne	5	Allemagne	Europe et Asie centrale	1
#C49A00	1.71	1972	Allemagne	5	Allemagne	Europe et Asie centrale	1
#C49A00	1.54	1973	Allemagne	5	Allemagne	Europe et Asie centrale	1
#C49A00	1.51	1974	Allemagne	5	Allemagne	Europe et Asie centrale	1
#C49A00	1.45	1975	Allemagne	5	Allemagne	Europe et Asie centrale	1
#C49A00	1.45	1976	Allemagne	5	Allemagne	Europe et Asie centrale	1
#C49A00	1.4	1977	Allemagne	5	Allemagne	Europe et Asie centrale	1
#C49A00	1.38	1978	Allemagne	5	Allemagne	Europe et Asie centrale	1
#C49A00	1.38	1979	Allemagne	5	Allemagne	Europe et Asie centrale	1
#C49A00	1.44	1980	Allemagne	5	Allemagne	Europe et Asie centrale	1
#C49A00	1.43	1981	Allemagne	5	Allemagne	Europe et Asie centrale	1
#C49A00	1.41	1982	Allemagne	5	Allemagne	Europe et Asie centrale	1
#C49A00	1.33	1983	Allemagne	5	Allemagne	Europe et Asie centrale	1
#C49A00	1.29	1984	Allemagne	5	Allemagne	Europe et Asie centrale	1
#C49A00	1.37	1985	Allemagne	5	Allemagne	Europe et Asie centrale	1
#C49A00	1.43	1986	Allemagne	5	Allemagne	Europe et Asie centrale	1
#C49A00	1.43	1987	Allemagne	5	Allemagne	Europe et Asie centrale	1
#C49A00	1.46	1988	Allemagne	5	Allemagne	Europe et Asie centrale	1
#C49A00	1.42	1989	Allemagne	5	Allemagne	Europe et Asie centrale	1
#C49A00	1.45	1990	Allemagne	5	Allemagne	Europe et Asie centrale	1
#C49A00	1.33	1991	Allemagne	5	Allemagne	Europe et Asie centrale	1
#C49A00	1.29	1992	Allemagne	5	Allemagne	Europe et Asie centrale	1
#C49A00	1.28	1993	Allemagne	5	Allemagne	Europe et Asie centrale	1
#C49A00	1.24	1994	Allemagne	5	Allemagne	Europe et Asie centrale	1
#C49A00	1.25	1995	Allemagne	5	Allemagne	Europe et Asie centrale	1
#C49A00	1.3	1996	Allemagne	5	Allemagne	Europe et Asie centrale	1
#C49A00	1.35	1997	Allemagne	5	Allemagne	Europe et Asie centrale	1
#C49A00	1.36	1998	Allemagne	5	Allemagne	Europe et Asie centrale	1
#C49A00	1.36	1999	Allemagne	5	Allemagne	Europe et Asie centrale	1
#C49A00	1.38	2000	Allemagne	5	Allemagne	Europe et Asie centrale	1
#C49A00	1.35	2001	Allemagne	5	Allemagne	Europe et Asie centrale	1
#C49A00	1.34	2002	Allemagne	5	Allemagne	Europe et Asie centrale	1
#C49A00	1.34	2003	Allemagne	5	Allemagne	Europe et Asie centrale	1
#C49A00	1.36	2004	Allemagne	5	Allemagne	Europe et Asie centrale	1
#C49A00	1.34	2005	Allemagne	5	Allemagne	Europe et Asie centrale	1
#C49A00	1.33	2006	Allemagne	5	Allemagne	Europe et Asie centrale	1
#C49A00	1.37	2007	Allemagne	5	Allemagne	Europe et Asie centrale	1
#C49A00	1.38	2008	Allemagne	5	Allemagne	Europe et Asie centrale	1
#C49A00	1.36	2009	Allemagne	5	Allemagne	Europe et Asie centrale	1
#C49A00	1.39	2010	Allemagne	5	Allemagne	Europe et Asie centrale	1
#C49A00	1.36	2011	Allemagne	5	Allemagne	Europe et Asie centrale	1
#00C094	7.816	1960	Djibouti	54	Djibouti	Moyen-Orient et Afrique du Nord	1
#00C094	7.814	1961	Djibouti	54	Djibouti	Moyen-Orient et Afrique du Nord	1
#00C094	7.805	1962	Djibouti	54	Djibouti	Moyen-Orient et Afrique du Nord	1
#00C094	7.79	1963	Djibouti	54	Djibouti	Moyen-Orient et Afrique du Nord	1
#00C094	7.765	1964	Djibouti	54	Djibouti	Moyen-Orient et Afrique du Nord	1
#00C094	7.731	1965	Djibouti	54	Djibouti	Moyen-Orient et Afrique du Nord	1
#00C094	7.685	1966	Djibouti	54	Djibouti	Moyen-Orient et Afrique du Nord	1
#00C094	7.63	1967	Djibouti	54	Djibouti	Moyen-Orient et Afrique du Nord	1
#00C094	7.565	1968	Djibouti	54	Djibouti	Moyen-Orient et Afrique du Nord	1
#00C094	7.494	1969	Djibouti	54	Djibouti	Moyen-Orient et Afrique du Nord	1
#00C094	7.415	1970	Djibouti	54	Djibouti	Moyen-Orient et Afrique du Nord	1
#00C094	7.332	1971	Djibouti	54	Djibouti	Moyen-Orient et Afrique du Nord	1
#00C094	7.244	1972	Djibouti	54	Djibouti	Moyen-Orient et Afrique du Nord	1
#00C094	7.156	1973	Djibouti	54	Djibouti	Moyen-Orient et Afrique du Nord	1
#00C094	7.068	1974	Djibouti	54	Djibouti	Moyen-Orient et Afrique du Nord	1
#00C094	6.985	1975	Djibouti	54	Djibouti	Moyen-Orient et Afrique du Nord	1
#00C094	6.909	1976	Djibouti	54	Djibouti	Moyen-Orient et Afrique du Nord	1
#00C094	6.841	1977	Djibouti	54	Djibouti	Moyen-Orient et Afrique du Nord	1
#00C094	6.781	1978	Djibouti	54	Djibouti	Moyen-Orient et Afrique du Nord	1
#00C094	6.729	1979	Djibouti	54	Djibouti	Moyen-Orient et Afrique du Nord	1
#00C094	6.686	1980	Djibouti	54	Djibouti	Moyen-Orient et Afrique du Nord	1
#00C094	6.65	1981	Djibouti	54	Djibouti	Moyen-Orient et Afrique du Nord	1
#00C094	6.62	1982	Djibouti	54	Djibouti	Moyen-Orient et Afrique du Nord	1
#00C094	6.592	1983	Djibouti	54	Djibouti	Moyen-Orient et Afrique du Nord	1
#00C094	6.562	1984	Djibouti	54	Djibouti	Moyen-Orient et Afrique du Nord	1
#00C094	6.527	1985	Djibouti	54	Djibouti	Moyen-Orient et Afrique du Nord	1
#00C094	6.481	1986	Djibouti	54	Djibouti	Moyen-Orient et Afrique du Nord	1
#00C094	6.424	1987	Djibouti	54	Djibouti	Moyen-Orient et Afrique du Nord	1
#00C094	6.353	1988	Djibouti	54	Djibouti	Moyen-Orient et Afrique du Nord	1
#00C094	6.267	1989	Djibouti	54	Djibouti	Moyen-Orient et Afrique du Nord	1
#00C094	6.166	1990	Djibouti	54	Djibouti	Moyen-Orient et Afrique du Nord	1
#00C094	6.048	1991	Djibouti	54	Djibouti	Moyen-Orient et Afrique du Nord	1
#00C094	5.918	1992	Djibouti	54	Djibouti	Moyen-Orient et Afrique du Nord	1
#00C094	5.779	1993	Djibouti	54	Djibouti	Moyen-Orient et Afrique du Nord	1
#00C094	5.633	1994	Djibouti	54	Djibouti	Moyen-Orient et Afrique du Nord	1
#00C094	5.486	1995	Djibouti	54	Djibouti	Moyen-Orient et Afrique du Nord	1
#00C094	5.339	1996	Djibouti	54	Djibouti	Moyen-Orient et Afrique du Nord	1
#00C094	5.196	1997	Djibouti	54	Djibouti	Moyen-Orient et Afrique du Nord	1
#00C094	5.058	1998	Djibouti	54	Djibouti	Moyen-Orient et Afrique du Nord	1
#00C094	4.926	1999	Djibouti	54	Djibouti	Moyen-Orient et Afrique du Nord	1
#00C094	4.801	2000	Djibouti	54	Djibouti	Moyen-Orient et Afrique du Nord	1
#00C094	4.681	2001	Djibouti	54	Djibouti	Moyen-Orient et Afrique du Nord	1
#00C094	4.562	2002	Djibouti	54	Djibouti	Moyen-Orient et Afrique du Nord	1
#00C094	4.445	2003	Djibouti	54	Djibouti	Moyen-Orient et Afrique du Nord	1
#00C094	4.329	2004	Djibouti	54	Djibouti	Moyen-Orient et Afrique du Nord	1
#00C094	4.215	2005	Djibouti	54	Djibouti	Moyen-Orient et Afrique du Nord	1
#00C094	4.106	2006	Djibouti	54	Djibouti	Moyen-Orient et Afrique du Nord	1
#00C094	4.005	2007	Djibouti	54	Djibouti	Moyen-Orient et Afrique du Nord	1
#00C094	3.912	2008	Djibouti	54	Djibouti	Moyen-Orient et Afrique du Nord	1
#00C094	3.827	2009	Djibouti	54	Djibouti	Moyen-Orient et Afrique du Nord	1
#00C094	3.75	2010	Djibouti	54	Djibouti	Moyen-Orient et Afrique du Nord	1
#00C094	3.679	2011	Djibouti	54	Djibouti	Moyen-Orient et Afrique du Nord	1
#C49A00	2.57	1960	Danemark	53	Danemark	Europe et Asie centrale	1
#C49A00	2.547	1961	Danemark	53	Danemark	Europe et Asie centrale	1
#C49A00	2.544	1962	Danemark	53	Danemark	Europe et Asie centrale	1
#C49A00	2.642	1963	Danemark	53	Danemark	Europe et Asie centrale	1
#C49A00	2.602	1964	Danemark	53	Danemark	Europe et Asie centrale	1
#C49A00	2.61	1965	Danemark	53	Danemark	Europe et Asie centrale	1
#C49A00	2.615	1966	Danemark	53	Danemark	Europe et Asie centrale	1
#C49A00	2.35	1967	Danemark	53	Danemark	Europe et Asie centrale	1
#C49A00	2.117	1968	Danemark	53	Danemark	Europe et Asie centrale	1
#C49A00	2	1969	Danemark	53	Danemark	Europe et Asie centrale	1
#C49A00	1.95	1970	Danemark	53	Danemark	Europe et Asie centrale	1
#C49A00	2.043	1971	Danemark	53	Danemark	Europe et Asie centrale	1
#C49A00	2.029	1972	Danemark	53	Danemark	Europe et Asie centrale	1
#C49A00	1.917	1973	Danemark	53	Danemark	Europe et Asie centrale	1
#C49A00	1.897	1974	Danemark	53	Danemark	Europe et Asie centrale	1
#C49A00	1.919	1975	Danemark	53	Danemark	Europe et Asie centrale	1
#C49A00	1.747	1976	Danemark	53	Danemark	Europe et Asie centrale	1
#C49A00	1.66	1977	Danemark	53	Danemark	Europe et Asie centrale	1
#C49A00	1.668	1978	Danemark	53	Danemark	Europe et Asie centrale	1
#C49A00	1.602	1979	Danemark	53	Danemark	Europe et Asie centrale	1
#C49A00	1.546	1980	Danemark	53	Danemark	Europe et Asie centrale	1
#C49A00	1.437	1981	Danemark	53	Danemark	Europe et Asie centrale	1
#C49A00	1.427	1982	Danemark	53	Danemark	Europe et Asie centrale	1
#C49A00	1.377	1983	Danemark	53	Danemark	Europe et Asie centrale	1
#C49A00	1.4	1984	Danemark	53	Danemark	Europe et Asie centrale	1
#C49A00	1.447	1985	Danemark	53	Danemark	Europe et Asie centrale	1
#C49A00	1.48	1986	Danemark	53	Danemark	Europe et Asie centrale	1
#C49A00	1.5	1987	Danemark	53	Danemark	Europe et Asie centrale	1
#C49A00	1.56	1988	Danemark	53	Danemark	Europe et Asie centrale	1
#C49A00	1.62	1989	Danemark	53	Danemark	Europe et Asie centrale	1
#C49A00	1.67	1990	Danemark	53	Danemark	Europe et Asie centrale	1
#C49A00	1.68	1991	Danemark	53	Danemark	Europe et Asie centrale	1
#C49A00	1.76	1992	Danemark	53	Danemark	Europe et Asie centrale	1
#C49A00	1.75	1993	Danemark	53	Danemark	Europe et Asie centrale	1
#C49A00	1.806	1994	Danemark	53	Danemark	Europe et Asie centrale	1
#C49A00	1.807	1995	Danemark	53	Danemark	Europe et Asie centrale	1
#C49A00	1.747	1996	Danemark	53	Danemark	Europe et Asie centrale	1
#C49A00	1.752	1997	Danemark	53	Danemark	Europe et Asie centrale	1
#C49A00	1.72	1998	Danemark	53	Danemark	Europe et Asie centrale	1
#C49A00	1.73	1999	Danemark	53	Danemark	Europe et Asie centrale	1
#C49A00	1.77	2000	Danemark	53	Danemark	Europe et Asie centrale	1
#C49A00	1.74	2001	Danemark	53	Danemark	Europe et Asie centrale	1
#C49A00	1.72	2002	Danemark	53	Danemark	Europe et Asie centrale	1
#C49A00	1.76	2003	Danemark	53	Danemark	Europe et Asie centrale	1
#C49A00	1.78	2004	Danemark	53	Danemark	Europe et Asie centrale	1
#C49A00	1.8	2005	Danemark	53	Danemark	Europe et Asie centrale	1
#C49A00	1.85	2006	Danemark	53	Danemark	Europe et Asie centrale	1
#C49A00	1.84	2007	Danemark	53	Danemark	Europe et Asie centrale	1
#C49A00	1.89	2008	Danemark	53	Danemark	Europe et Asie centrale	1
#C49A00	1.84	2009	Danemark	53	Danemark	Europe et Asie centrale	1
#C49A00	1.87	2010	Danemark	53	Danemark	Europe et Asie centrale	1
#C49A00	1.75	2011	Danemark	53	Danemark	Europe et Asie centrale	1
#53B400	3.52	1982	Dominique	55	Dominique	Amérique latine et Caraïbes	1
#53B400	3	1987	Dominique	55	Dominique	Amérique latine et Caraïbes	1
#53B400	2.5	1992	Dominique	55	Dominique	Amérique latine et Caraïbes	1
#53B400	1.9	1997	Dominique	55	Dominique	Amérique latine et Caraïbes	1
#53B400	1.9	2002	Dominique	55	Dominique	Amérique latine et Caraïbes	1
#53B400	7.555	1960	République dominicaine	159	République dominicaine	Amérique latine et Caraïbes	1
#53B400	7.488	1961	République dominicaine	159	République dominicaine	Amérique latine et Caraïbes	1
#53B400	7.404	1962	République dominicaine	159	République dominicaine	Amérique latine et Caraïbes	1
#53B400	7.304	1963	République dominicaine	159	République dominicaine	Amérique latine et Caraïbes	1
#53B400	7.187	1964	République dominicaine	159	République dominicaine	Amérique latine et Caraïbes	1
#53B400	7.054	1965	République dominicaine	159	République dominicaine	Amérique latine et Caraïbes	1
#53B400	6.904	1966	République dominicaine	159	République dominicaine	Amérique latine et Caraïbes	1
#53B400	6.739	1967	République dominicaine	159	République dominicaine	Amérique latine et Caraïbes	1
#53B400	6.562	1968	République dominicaine	159	République dominicaine	Amérique latine et Caraïbes	1
#53B400	6.376	1969	République dominicaine	159	République dominicaine	Amérique latine et Caraïbes	1
#53B400	6.182	1970	République dominicaine	159	République dominicaine	Amérique latine et Caraïbes	1
#53B400	5.983	1971	République dominicaine	159	République dominicaine	Amérique latine et Caraïbes	1
#53B400	5.782	1972	République dominicaine	159	République dominicaine	Amérique latine et Caraïbes	1
#53B400	5.58	1973	République dominicaine	159	République dominicaine	Amérique latine et Caraïbes	1
#53B400	5.383	1974	République dominicaine	159	République dominicaine	Amérique latine et Caraïbes	1
#53B400	5.193	1975	République dominicaine	159	République dominicaine	Amérique latine et Caraïbes	1
#53B400	5.014	1976	République dominicaine	159	République dominicaine	Amérique latine et Caraïbes	1
#53B400	4.848	1977	République dominicaine	159	République dominicaine	Amérique latine et Caraïbes	1
#53B400	4.693	1978	République dominicaine	159	République dominicaine	Amérique latine et Caraïbes	1
#53B400	4.552	1979	République dominicaine	159	République dominicaine	Amérique latine et Caraïbes	1
#53B400	4.422	1980	République dominicaine	159	République dominicaine	Amérique latine et Caraïbes	1
#53B400	4.302	1981	République dominicaine	159	République dominicaine	Amérique latine et Caraïbes	1
#53B400	4.19	1982	République dominicaine	159	République dominicaine	Amérique latine et Caraïbes	1
#53B400	4.082	1983	République dominicaine	159	République dominicaine	Amérique latine et Caraïbes	1
#53B400	3.978	1984	République dominicaine	159	République dominicaine	Amérique latine et Caraïbes	1
#53B400	3.878	1985	République dominicaine	159	République dominicaine	Amérique latine et Caraïbes	1
#53B400	3.783	1986	République dominicaine	159	République dominicaine	Amérique latine et Caraïbes	1
#53B400	3.695	1987	République dominicaine	159	République dominicaine	Amérique latine et Caraïbes	1
#53B400	3.613	1988	République dominicaine	159	République dominicaine	Amérique latine et Caraïbes	1
#53B400	3.537	1989	République dominicaine	159	République dominicaine	Amérique latine et Caraïbes	1
#53B400	3.466	1990	République dominicaine	159	République dominicaine	Amérique latine et Caraïbes	1
#53B400	3.397	1991	République dominicaine	159	République dominicaine	Amérique latine et Caraïbes	1
#53B400	3.33	1992	République dominicaine	159	République dominicaine	Amérique latine et Caraïbes	1
#53B400	3.262	1993	République dominicaine	159	République dominicaine	Amérique latine et Caraïbes	1
#53B400	3.195	1994	République dominicaine	159	République dominicaine	Amérique latine et Caraïbes	1
#53B400	3.13	1995	République dominicaine	159	République dominicaine	Amérique latine et Caraïbes	1
#53B400	3.069	1996	République dominicaine	159	République dominicaine	Amérique latine et Caraïbes	1
#53B400	3.014	1997	République dominicaine	159	République dominicaine	Amérique latine et Caraïbes	1
#53B400	2.966	1998	République dominicaine	159	République dominicaine	Amérique latine et Caraïbes	1
#53B400	2.926	1999	République dominicaine	159	République dominicaine	Amérique latine et Caraïbes	1
#53B400	2.892	2000	République dominicaine	159	République dominicaine	Amérique latine et Caraïbes	1
#53B400	2.863	2001	République dominicaine	159	République dominicaine	Amérique latine et Caraïbes	1
#53B400	2.836	2002	République dominicaine	159	République dominicaine	Amérique latine et Caraïbes	1
#53B400	2.809	2003	République dominicaine	159	République dominicaine	Amérique latine et Caraïbes	1
#53B400	2.781	2004	République dominicaine	159	République dominicaine	Amérique latine et Caraïbes	1
#53B400	2.752	2005	République dominicaine	159	République dominicaine	Amérique latine et Caraïbes	1
#53B400	2.72	2006	République dominicaine	159	République dominicaine	Amérique latine et Caraïbes	1
#53B400	2.686	2007	République dominicaine	159	République dominicaine	Amérique latine et Caraïbes	1
#53B400	2.651	2008	République dominicaine	159	République dominicaine	Amérique latine et Caraïbes	1
#53B400	2.615	2009	République dominicaine	159	République dominicaine	Amérique latine et Caraïbes	1
#53B400	2.58	2010	République dominicaine	159	République dominicaine	Amérique latine et Caraïbes	1
#53B400	2.544	2011	République dominicaine	159	République dominicaine	Amérique latine et Caraïbes	1
#00C094	7.329	1960	Algérie	4	Algérie	Moyen-Orient et Afrique du Nord	1
#00C094	7.348	1961	Algérie	4	Algérie	Moyen-Orient et Afrique du Nord	1
#00C094	7.364	1962	Algérie	4	Algérie	Moyen-Orient et Afrique du Nord	1
#00C094	7.376	1963	Algérie	4	Algérie	Moyen-Orient et Afrique du Nord	1
#00C094	7.384	1964	Algérie	4	Algérie	Moyen-Orient et Afrique du Nord	1
#00C094	7.388	1965	Algérie	4	Algérie	Moyen-Orient et Afrique du Nord	1
#00C094	7.39	1966	Algérie	4	Algérie	Moyen-Orient et Afrique du Nord	1
#00C094	7.392	1967	Algérie	4	Algérie	Moyen-Orient et Afrique du Nord	1
#00C094	7.394	1968	Algérie	4	Algérie	Moyen-Orient et Afrique du Nord	1
#00C094	7.396	1969	Algérie	4	Algérie	Moyen-Orient et Afrique du Nord	1
#00C094	7.398	1970	Algérie	4	Algérie	Moyen-Orient et Afrique du Nord	1
#00C094	7.398	1971	Algérie	4	Algérie	Moyen-Orient et Afrique du Nord	1
#00C094	7.394	1972	Algérie	4	Algérie	Moyen-Orient et Afrique du Nord	1
#00C094	7.384	1973	Algérie	4	Algérie	Moyen-Orient et Afrique du Nord	1
#00C094	7.364	1974	Algérie	4	Algérie	Moyen-Orient et Afrique du Nord	1
#00C094	7.332	1975	Algérie	4	Algérie	Moyen-Orient et Afrique du Nord	1
#00C094	7.284	1976	Algérie	4	Algérie	Moyen-Orient et Afrique du Nord	1
#00C094	7.22	1977	Algérie	4	Algérie	Moyen-Orient et Afrique du Nord	1
#00C094	7.138	1978	Algérie	4	Algérie	Moyen-Orient et Afrique du Nord	1
#00C094	7.035	1979	Algérie	4	Algérie	Moyen-Orient et Afrique du Nord	1
#00C094	6.909	1980	Algérie	4	Algérie	Moyen-Orient et Afrique du Nord	1
#00C094	6.757	1981	Algérie	4	Algérie	Moyen-Orient et Afrique du Nord	1
#00C094	6.58	1982	Algérie	4	Algérie	Moyen-Orient et Afrique du Nord	1
#00C094	6.38	1983	Algérie	4	Algérie	Moyen-Orient et Afrique du Nord	1
#00C094	6.161	1984	Algérie	4	Algérie	Moyen-Orient et Afrique du Nord	1
#00C094	5.928	1985	Algérie	4	Algérie	Moyen-Orient et Afrique du Nord	1
#00C094	5.686	1986	Algérie	4	Algérie	Moyen-Orient et Afrique du Nord	1
#00C094	5.441	1987	Algérie	4	Algérie	Moyen-Orient et Afrique du Nord	1
#00C094	5.195	1988	Algérie	4	Algérie	Moyen-Orient et Afrique du Nord	1
#00C094	4.954	1989	Algérie	4	Algérie	Moyen-Orient et Afrique du Nord	1
#00C094	4.713	1990	Algérie	4	Algérie	Moyen-Orient et Afrique du Nord	1
#00C094	4.468	1991	Algérie	4	Algérie	Moyen-Orient et Afrique du Nord	1
#00C094	4.216	1992	Algérie	4	Algérie	Moyen-Orient et Afrique du Nord	1
#00C094	3.957	1993	Algérie	4	Algérie	Moyen-Orient et Afrique du Nord	1
#00C094	3.697	1994	Algérie	4	Algérie	Moyen-Orient et Afrique du Nord	1
#00C094	3.446	1995	Algérie	4	Algérie	Moyen-Orient et Afrique du Nord	1
#00C094	3.214	1996	Algérie	4	Algérie	Moyen-Orient et Afrique du Nord	1
#00C094	3.012	1997	Algérie	4	Algérie	Moyen-Orient et Afrique du Nord	1
#00C094	2.845	1998	Algérie	4	Algérie	Moyen-Orient et Afrique du Nord	1
#00C094	2.715	1999	Algérie	4	Algérie	Moyen-Orient et Afrique du Nord	1
#00C094	2.622	2000	Algérie	4	Algérie	Moyen-Orient et Afrique du Nord	1
#00C094	2.56	2001	Algérie	4	Algérie	Moyen-Orient et Afrique du Nord	1
#00C094	2.519	2002	Algérie	4	Algérie	Moyen-Orient et Afrique du Nord	1
#00C094	2.49	2003	Algérie	4	Algérie	Moyen-Orient et Afrique du Nord	1
#00C094	2.466	2004	Algérie	4	Algérie	Moyen-Orient et Afrique du Nord	1
#00C094	2.442	2005	Algérie	4	Algérie	Moyen-Orient et Afrique du Nord	1
#00C094	2.415	2006	Algérie	4	Algérie	Moyen-Orient et Afrique du Nord	1
#00C094	2.383	2007	Algérie	4	Algérie	Moyen-Orient et Afrique du Nord	1
#00C094	2.348	2008	Algérie	4	Algérie	Moyen-Orient et Afrique du Nord	1
#00C094	2.308	2009	Algérie	4	Algérie	Moyen-Orient et Afrique du Nord	1
#00C094	2.264	2010	Algérie	4	Algérie	Moyen-Orient et Afrique du Nord	1
#00C094	2.217	2011	Algérie	4	Algérie	Moyen-Orient et Afrique du Nord	1
#53B400	6.716	1960	Équateur	59	Équateur	Amérique latine et Caraïbes	1
#53B400	6.715	1961	Équateur	59	Équateur	Amérique latine et Caraïbes	1
#53B400	6.708	1962	Équateur	59	Équateur	Amérique latine et Caraïbes	1
#53B400	6.695	1963	Équateur	59	Équateur	Amérique latine et Caraïbes	1
#53B400	6.672	1964	Équateur	59	Équateur	Amérique latine et Caraïbes	1
#53B400	6.639	1965	Équateur	59	Équateur	Amérique latine et Caraïbes	1
#53B400	6.592	1966	Équateur	59	Équateur	Amérique latine et Caraïbes	1
#53B400	6.532	1967	Équateur	59	Équateur	Amérique latine et Caraïbes	1
#53B400	6.46	1968	Équateur	59	Équateur	Amérique latine et Caraïbes	1
#53B400	6.376	1969	Équateur	59	Équateur	Amérique latine et Caraïbes	1
#53B400	6.282	1970	Équateur	59	Équateur	Amérique latine et Caraïbes	1
#53B400	6.179	1971	Équateur	59	Équateur	Amérique latine et Caraïbes	1
#53B400	6.07	1972	Équateur	59	Équateur	Amérique latine et Caraïbes	1
#53B400	5.955	1973	Équateur	59	Équateur	Amérique latine et Caraïbes	1
#53B400	5.838	1974	Équateur	59	Équateur	Amérique latine et Caraïbes	1
#53B400	5.717	1975	Équateur	59	Équateur	Amérique latine et Caraïbes	1
#53B400	5.594	1976	Équateur	59	Équateur	Amérique latine et Caraïbes	1
#53B400	5.466	1977	Équateur	59	Équateur	Amérique latine et Caraïbes	1
#53B400	5.334	1978	Équateur	59	Équateur	Amérique latine et Caraïbes	1
#53B400	5.198	1979	Équateur	59	Équateur	Amérique latine et Caraïbes	1
#53B400	5.059	1980	Équateur	59	Équateur	Amérique latine et Caraïbes	1
#53B400	4.917	1981	Équateur	59	Équateur	Amérique latine et Caraïbes	1
#53B400	4.773	1982	Équateur	59	Équateur	Amérique latine et Caraïbes	1
#53B400	4.629	1983	Équateur	59	Équateur	Amérique latine et Caraïbes	1
#53B400	4.485	1984	Équateur	59	Équateur	Amérique latine et Caraïbes	1
#53B400	4.342	1985	Équateur	59	Équateur	Amérique latine et Caraïbes	1
#53B400	4.201	1986	Équateur	59	Équateur	Amérique latine et Caraïbes	1
#53B400	4.061	1987	Équateur	59	Équateur	Amérique latine et Caraïbes	1
#53B400	3.925	1988	Équateur	59	Équateur	Amérique latine et Caraïbes	1
#53B400	3.793	1989	Équateur	59	Équateur	Amérique latine et Caraïbes	1
#53B400	3.67	1990	Équateur	59	Équateur	Amérique latine et Caraïbes	1
#53B400	3.557	1991	Équateur	59	Équateur	Amérique latine et Caraïbes	1
#53B400	3.456	1992	Équateur	59	Équateur	Amérique latine et Caraïbes	1
#53B400	3.368	1993	Équateur	59	Équateur	Amérique latine et Caraïbes	1
#53B400	3.292	1994	Équateur	59	Équateur	Amérique latine et Caraïbes	1
#53B400	3.226	1995	Équateur	59	Équateur	Amérique latine et Caraïbes	1
#53B400	3.167	1996	Équateur	59	Équateur	Amérique latine et Caraïbes	1
#53B400	3.113	1997	Équateur	59	Équateur	Amérique latine et Caraïbes	1
#53B400	3.06	1998	Équateur	59	Équateur	Amérique latine et Caraïbes	1
#53B400	3.007	1999	Équateur	59	Équateur	Amérique latine et Caraïbes	1
#53B400	2.953	2000	Équateur	59	Équateur	Amérique latine et Caraïbes	1
#53B400	2.898	2001	Équateur	59	Équateur	Amérique latine et Caraïbes	1
#53B400	2.844	2002	Équateur	59	Équateur	Amérique latine et Caraïbes	1
#53B400	2.791	2003	Équateur	59	Équateur	Amérique latine et Caraïbes	1
#53B400	2.739	2004	Équateur	59	Équateur	Amérique latine et Caraïbes	1
#53B400	2.69	2005	Équateur	59	Équateur	Amérique latine et Caraïbes	1
#53B400	2.644	2006	Équateur	59	Équateur	Amérique latine et Caraïbes	1
#53B400	2.599	2007	Équateur	59	Équateur	Amérique latine et Caraïbes	1
#53B400	2.557	2008	Équateur	59	Équateur	Amérique latine et Caraïbes	1
#53B400	2.517	2009	Équateur	59	Équateur	Amérique latine et Caraïbes	1
#53B400	2.479	2010	Équateur	59	Équateur	Amérique latine et Caraïbes	1
#53B400	2.443	2011	Équateur	59	Équateur	Amérique latine et Caraïbes	1
#C49A00	1.96	1960	Estonie	62	Estonie	Europe et Asie centrale	1
#C49A00	1.97	1961	Estonie	62	Estonie	Europe et Asie centrale	1
#C49A00	1.96	1962	Estonie	62	Estonie	Europe et Asie centrale	1
#C49A00	1.94	1963	Estonie	62	Estonie	Europe et Asie centrale	1
#C49A00	1.94	1964	Estonie	62	Estonie	Europe et Asie centrale	1
#C49A00	1.93	1965	Estonie	62	Estonie	Europe et Asie centrale	1
#C49A00	1.92	1966	Estonie	62	Estonie	Europe et Asie centrale	1
#C49A00	1.95	1967	Estonie	62	Estonie	Europe et Asie centrale	1
#C49A00	2.03	1968	Estonie	62	Estonie	Europe et Asie centrale	1
#C49A00	2.11	1969	Estonie	62	Estonie	Europe et Asie centrale	1
#C49A00	2.16	1970	Estonie	62	Estonie	Europe et Asie centrale	1
#C49A00	2.18	1971	Estonie	62	Estonie	Europe et Asie centrale	1
#C49A00	2.16	1972	Estonie	62	Estonie	Europe et Asie centrale	1
#C49A00	2.13	1973	Estonie	62	Estonie	Europe et Asie centrale	1
#C49A00	2.1	1974	Estonie	62	Estonie	Europe et Asie centrale	1
#C49A00	2.08	1975	Estonie	62	Estonie	Europe et Asie centrale	1
#C49A00	2.09	1976	Estonie	62	Estonie	Europe et Asie centrale	1
#C49A00	2.08	1977	Estonie	62	Estonie	Europe et Asie centrale	1
#C49A00	2.04	1978	Estonie	62	Estonie	Europe et Asie centrale	1
#C49A00	2.009	1979	Estonie	62	Estonie	Europe et Asie centrale	1
#C49A00	2.02	1980	Estonie	62	Estonie	Europe et Asie centrale	1
#C49A00	2.07	1981	Estonie	62	Estonie	Europe et Asie centrale	1
#C49A00	2.08	1982	Estonie	62	Estonie	Europe et Asie centrale	1
#C49A00	2.16	1983	Estonie	62	Estonie	Europe et Asie centrale	1
#C49A00	2.17	1984	Estonie	62	Estonie	Europe et Asie centrale	1
#C49A00	2.12	1985	Estonie	62	Estonie	Europe et Asie centrale	1
#C49A00	2.17	1986	Estonie	62	Estonie	Europe et Asie centrale	1
#C49A00	2.26	1987	Estonie	62	Estonie	Europe et Asie centrale	1
#C49A00	2.26	1988	Estonie	62	Estonie	Europe et Asie centrale	1
#C49A00	2.21	1989	Estonie	62	Estonie	Europe et Asie centrale	1
#C49A00	2.04	1990	Estonie	62	Estonie	Europe et Asie centrale	1
#C49A00	1.77	1991	Estonie	62	Estonie	Europe et Asie centrale	1
#C49A00	1.69	1992	Estonie	62	Estonie	Europe et Asie centrale	1
#C49A00	1.45	1993	Estonie	62	Estonie	Europe et Asie centrale	1
#C49A00	1.37	1994	Estonie	62	Estonie	Europe et Asie centrale	1
#C49A00	1.32	1995	Estonie	62	Estonie	Europe et Asie centrale	1
#C49A00	1.335	1996	Estonie	62	Estonie	Europe et Asie centrale	1
#C49A00	1.24	1997	Estonie	62	Estonie	Europe et Asie centrale	1
#C49A00	1.28	1998	Estonie	62	Estonie	Europe et Asie centrale	1
#C49A00	1.32	1999	Estonie	62	Estonie	Europe et Asie centrale	1
#C49A00	1.38	2000	Estonie	62	Estonie	Europe et Asie centrale	1
#C49A00	1.34	2001	Estonie	62	Estonie	Europe et Asie centrale	1
#C49A00	1.37	2002	Estonie	62	Estonie	Europe et Asie centrale	1
#C49A00	1.37	2003	Estonie	62	Estonie	Europe et Asie centrale	1
#C49A00	1.47	2004	Estonie	62	Estonie	Europe et Asie centrale	1
#C49A00	1.5	2005	Estonie	62	Estonie	Europe et Asie centrale	1
#C49A00	1.55	2006	Estonie	62	Estonie	Europe et Asie centrale	1
#C49A00	1.63	2007	Estonie	62	Estonie	Europe et Asie centrale	1
#C49A00	1.65	2008	Estonie	62	Estonie	Europe et Asie centrale	1
#C49A00	1.62	2009	Estonie	62	Estonie	Europe et Asie centrale	1
#C49A00	1.63	2010	Estonie	62	Estonie	Europe et Asie centrale	1
#C49A00	1.52	2011	Estonie	62	Estonie	Europe et Asie centrale	1
#00C094	6.65	1960	Égypte, République arabe d’	56	Égypte, République arabe d’	Moyen-Orient et Afrique du Nord	1
#00C094	6.623	1961	Égypte, République arabe d’	56	Égypte, République arabe d’	Moyen-Orient et Afrique du Nord	1
#00C094	6.584	1962	Égypte, République arabe d’	56	Égypte, République arabe d’	Moyen-Orient et Afrique du Nord	1
#00C094	6.534	1963	Égypte, République arabe d’	56	Égypte, République arabe d’	Moyen-Orient et Afrique du Nord	1
#00C094	6.475	1964	Égypte, République arabe d’	56	Égypte, République arabe d’	Moyen-Orient et Afrique du Nord	1
#00C094	6.406	1965	Égypte, République arabe d’	56	Égypte, République arabe d’	Moyen-Orient et Afrique du Nord	1
#00C094	6.327	1966	Égypte, République arabe d’	56	Égypte, République arabe d’	Moyen-Orient et Afrique du Nord	1
#00C094	6.238	1967	Égypte, République arabe d’	56	Égypte, République arabe d’	Moyen-Orient et Afrique du Nord	1
#00C094	6.141	1968	Égypte, République arabe d’	56	Égypte, République arabe d’	Moyen-Orient et Afrique du Nord	1
#00C094	6.04	1969	Égypte, République arabe d’	56	Égypte, République arabe d’	Moyen-Orient et Afrique du Nord	1
#00C094	5.94	1970	Égypte, République arabe d’	56	Égypte, République arabe d’	Moyen-Orient et Afrique du Nord	1
#00C094	5.846	1971	Égypte, République arabe d’	56	Égypte, République arabe d’	Moyen-Orient et Afrique du Nord	1
#00C094	5.763	1972	Égypte, République arabe d’	56	Égypte, République arabe d’	Moyen-Orient et Afrique du Nord	1
#00C094	5.692	1973	Égypte, République arabe d’	56	Égypte, République arabe d’	Moyen-Orient et Afrique du Nord	1
#00C094	5.633	1974	Égypte, République arabe d’	56	Égypte, République arabe d’	Moyen-Orient et Afrique du Nord	1
#00C094	5.585	1975	Égypte, République arabe d’	56	Égypte, République arabe d’	Moyen-Orient et Afrique du Nord	1
#00C094	5.545	1976	Égypte, République arabe d’	56	Égypte, République arabe d’	Moyen-Orient et Afrique du Nord	1
#00C094	5.507	1977	Égypte, République arabe d’	56	Égypte, République arabe d’	Moyen-Orient et Afrique du Nord	1
#00C094	5.465	1978	Égypte, République arabe d’	56	Égypte, République arabe d’	Moyen-Orient et Afrique du Nord	1
#00C094	5.418	1979	Égypte, République arabe d’	56	Égypte, République arabe d’	Moyen-Orient et Afrique du Nord	1
#00C094	5.366	1980	Égypte, République arabe d’	56	Égypte, République arabe d’	Moyen-Orient et Afrique du Nord	1
#00C094	5.31	1981	Égypte, République arabe d’	56	Égypte, République arabe d’	Moyen-Orient et Afrique du Nord	1
#00C094	5.251	1982	Égypte, République arabe d’	56	Égypte, République arabe d’	Moyen-Orient et Afrique du Nord	1
#00C094	5.189	1983	Égypte, République arabe d’	56	Égypte, République arabe d’	Moyen-Orient et Afrique du Nord	1
#00C094	5.123	1984	Égypte, République arabe d’	56	Égypte, République arabe d’	Moyen-Orient et Afrique du Nord	1
#00C094	5.045	1985	Égypte, République arabe d’	56	Égypte, République arabe d’	Moyen-Orient et Afrique du Nord	1
#00C094	4.947	1986	Égypte, République arabe d’	56	Égypte, République arabe d’	Moyen-Orient et Afrique du Nord	1
#00C094	4.827	1987	Égypte, République arabe d’	56	Égypte, République arabe d’	Moyen-Orient et Afrique du Nord	1
#00C094	4.684	1988	Égypte, République arabe d’	56	Égypte, République arabe d’	Moyen-Orient et Afrique du Nord	1
#00C094	4.522	1989	Égypte, République arabe d’	56	Égypte, République arabe d’	Moyen-Orient et Afrique du Nord	1
#00C094	4.35	1990	Égypte, République arabe d’	56	Égypte, République arabe d’	Moyen-Orient et Afrique du Nord	1
#00C094	4.179	1991	Égypte, République arabe d’	56	Égypte, République arabe d’	Moyen-Orient et Afrique du Nord	1
#00C094	4.018	1992	Égypte, République arabe d’	56	Égypte, République arabe d’	Moyen-Orient et Afrique du Nord	1
#00C094	3.876	1993	Égypte, République arabe d’	56	Égypte, République arabe d’	Moyen-Orient et Afrique du Nord	1
#00C094	3.757	1994	Égypte, République arabe d’	56	Égypte, République arabe d’	Moyen-Orient et Afrique du Nord	1
#00C094	3.659	1995	Égypte, République arabe d’	56	Égypte, République arabe d’	Moyen-Orient et Afrique du Nord	1
#00C094	3.58	1996	Égypte, République arabe d’	56	Égypte, République arabe d’	Moyen-Orient et Afrique du Nord	1
#00C094	3.512	1997	Égypte, République arabe d’	56	Égypte, République arabe d’	Moyen-Orient et Afrique du Nord	1
#00C094	3.447	1998	Égypte, République arabe d’	56	Égypte, République arabe d’	Moyen-Orient et Afrique du Nord	1
#00C094	3.382	1999	Égypte, République arabe d’	56	Égypte, République arabe d’	Moyen-Orient et Afrique du Nord	1
#00C094	3.315	2000	Égypte, République arabe d’	56	Égypte, République arabe d’	Moyen-Orient et Afrique du Nord	1
#00C094	3.247	2001	Égypte, République arabe d’	56	Égypte, République arabe d’	Moyen-Orient et Afrique du Nord	1
#00C094	3.18	2002	Égypte, République arabe d’	56	Égypte, République arabe d’	Moyen-Orient et Afrique du Nord	1
#00C094	3.114	2003	Égypte, République arabe d’	56	Égypte, République arabe d’	Moyen-Orient et Afrique du Nord	1
#00C094	3.05	2004	Égypte, République arabe d’	56	Égypte, République arabe d’	Moyen-Orient et Afrique du Nord	1
#00C094	2.989	2005	Égypte, République arabe d’	56	Égypte, République arabe d’	Moyen-Orient et Afrique du Nord	1
#00C094	2.931	2006	Égypte, République arabe d’	56	Égypte, République arabe d’	Moyen-Orient et Afrique du Nord	1
#00C094	2.877	2007	Égypte, République arabe d’	56	Égypte, République arabe d’	Moyen-Orient et Afrique du Nord	1
#00C094	2.825	2008	Égypte, République arabe d’	56	Égypte, République arabe d’	Moyen-Orient et Afrique du Nord	1
#00C094	2.778	2009	Égypte, République arabe d’	56	Égypte, République arabe d’	Moyen-Orient et Afrique du Nord	1
#00C094	2.733	2010	Égypte, République arabe d’	56	Égypte, République arabe d’	Moyen-Orient et Afrique du Nord	1
#00C094	2.691	2011	Égypte, République arabe d’	56	Égypte, République arabe d’	Moyen-Orient et Afrique du Nord	1
#FB61D7	6.899	1960	Érythrée	60	Érythrée	Afrique subsaharienne	1
#FB61D7	6.87	1961	Érythrée	60	Érythrée	Afrique subsaharienne	1
#FB61D7	6.84	1962	Érythrée	60	Érythrée	Afrique subsaharienne	1
#FB61D7	6.812	1963	Érythrée	60	Érythrée	Afrique subsaharienne	1
#FB61D7	6.785	1964	Érythrée	60	Érythrée	Afrique subsaharienne	1
#FB61D7	6.759	1965	Érythrée	60	Érythrée	Afrique subsaharienne	1
#FB61D7	6.733	1966	Érythrée	60	Érythrée	Afrique subsaharienne	1
#FB61D7	6.703	1967	Érythrée	60	Érythrée	Afrique subsaharienne	1
#FB61D7	6.671	1968	Érythrée	60	Érythrée	Afrique subsaharienne	1
#FB61D7	6.637	1969	Érythrée	60	Érythrée	Afrique subsaharienne	1
#FB61D7	6.602	1970	Érythrée	60	Érythrée	Afrique subsaharienne	1
#FB61D7	6.569	1971	Érythrée	60	Érythrée	Afrique subsaharienne	1
#FB61D7	6.542	1972	Érythrée	60	Érythrée	Afrique subsaharienne	1
#FB61D7	6.52	1973	Érythrée	60	Érythrée	Afrique subsaharienne	1
#FB61D7	6.505	1974	Érythrée	60	Érythrée	Afrique subsaharienne	1
#FB61D7	6.497	1975	Érythrée	60	Érythrée	Afrique subsaharienne	1
#FB61D7	6.496	1976	Érythrée	60	Érythrée	Afrique subsaharienne	1
#FB61D7	6.5	1977	Érythrée	60	Érythrée	Afrique subsaharienne	1
#FB61D7	6.505	1978	Érythrée	60	Érythrée	Afrique subsaharienne	1
#FB61D7	6.51	1979	Érythrée	60	Érythrée	Afrique subsaharienne	1
#FB61D7	6.513	1980	Érythrée	60	Érythrée	Afrique subsaharienne	1
#FB61D7	6.509	1981	Érythrée	60	Érythrée	Afrique subsaharienne	1
#FB61D7	6.499	1982	Érythrée	60	Érythrée	Afrique subsaharienne	1
#FB61D7	6.481	1983	Érythrée	60	Érythrée	Afrique subsaharienne	1
#FB61D7	6.456	1984	Érythrée	60	Érythrée	Afrique subsaharienne	1
#FB61D7	6.423	1985	Érythrée	60	Érythrée	Afrique subsaharienne	1
#FB61D7	6.386	1986	Érythrée	60	Érythrée	Afrique subsaharienne	1
#FB61D7	6.345	1987	Érythrée	60	Érythrée	Afrique subsaharienne	1
#FB61D7	6.304	1988	Érythrée	60	Érythrée	Afrique subsaharienne	1
#FB61D7	6.26	1989	Érythrée	60	Érythrée	Afrique subsaharienne	1
#FB61D7	6.215	1990	Érythrée	60	Érythrée	Afrique subsaharienne	1
#FB61D7	6.164	1991	Érythrée	60	Érythrée	Afrique subsaharienne	1
#FB61D7	6.107	1992	Érythrée	60	Érythrée	Afrique subsaharienne	1
#FB61D7	6.042	1993	Érythrée	60	Érythrée	Afrique subsaharienne	1
#FB61D7	5.97	1994	Érythrée	60	Érythrée	Afrique subsaharienne	1
#FB61D7	5.889	1995	Érythrée	60	Érythrée	Afrique subsaharienne	1
#FB61D7	5.803	1996	Érythrée	60	Érythrée	Afrique subsaharienne	1
#FB61D7	5.713	1997	Érythrée	60	Érythrée	Afrique subsaharienne	1
#FB61D7	5.62	1998	Érythrée	60	Érythrée	Afrique subsaharienne	1
#FB61D7	5.526	1999	Érythrée	60	Érythrée	Afrique subsaharienne	1
#FB61D7	5.43	2000	Érythrée	60	Érythrée	Afrique subsaharienne	1
#FB61D7	5.334	2001	Érythrée	60	Érythrée	Afrique subsaharienne	1
#FB61D7	5.235	2002	Érythrée	60	Érythrée	Afrique subsaharienne	1
#FB61D7	5.135	2003	Érythrée	60	Érythrée	Afrique subsaharienne	1
#FB61D7	5.033	2004	Érythrée	60	Érythrée	Afrique subsaharienne	1
#FB61D7	4.931	2005	Érythrée	60	Érythrée	Afrique subsaharienne	1
#FB61D7	4.831	2006	Érythrée	60	Érythrée	Afrique subsaharienne	1
#FB61D7	4.732	2007	Érythrée	60	Érythrée	Afrique subsaharienne	1
#FB61D7	4.636	2008	Érythrée	60	Érythrée	Afrique subsaharienne	1
#FB61D7	4.543	2009	Érythrée	60	Érythrée	Afrique subsaharienne	1
#FB61D7	4.453	2010	Érythrée	60	Érythrée	Afrique subsaharienne	1
#FB61D7	4.366	2011	Érythrée	60	Érythrée	Afrique subsaharienne	1
#C49A00	2.862	1960	Espagne	61	Espagne	Europe et Asie centrale	1
#C49A00	2.765	1961	Espagne	61	Espagne	Europe et Asie centrale	1
#C49A00	2.796	1962	Espagne	61	Espagne	Europe et Asie centrale	1
#C49A00	2.875	1963	Espagne	61	Espagne	Europe et Asie centrale	1
#C49A00	3.011	1964	Espagne	61	Espagne	Europe et Asie centrale	1
#C49A00	2.937	1965	Espagne	61	Espagne	Europe et Asie centrale	1
#C49A00	2.912	1966	Espagne	61	Espagne	Europe et Asie centrale	1
#C49A00	2.939	1967	Espagne	61	Espagne	Europe et Asie centrale	1
#C49A00	2.87	1968	Espagne	61	Espagne	Europe et Asie centrale	1
#C49A00	2.858	1969	Espagne	61	Espagne	Europe et Asie centrale	1
#C49A00	2.836	1970	Espagne	61	Espagne	Europe et Asie centrale	1
#C49A00	2.859	1971	Espagne	61	Espagne	Europe et Asie centrale	1
#C49A00	2.842	1972	Espagne	61	Espagne	Europe et Asie centrale	1
#C49A00	2.823	1973	Espagne	61	Espagne	Europe et Asie centrale	1
#C49A00	2.866	1974	Espagne	61	Espagne	Europe et Asie centrale	1
#C49A00	2.788	1975	Espagne	61	Espagne	Europe et Asie centrale	1
#C49A00	2.786	1976	Espagne	61	Espagne	Europe et Asie centrale	1
#C49A00	2.649	1977	Espagne	61	Espagne	Europe et Asie centrale	1
#C49A00	2.524	1978	Espagne	61	Espagne	Europe et Asie centrale	1
#C49A00	2.341	1979	Espagne	61	Espagne	Europe et Asie centrale	1
#C49A00	2.217	1980	Espagne	61	Espagne	Europe et Asie centrale	1
#C49A00	2.031	1981	Espagne	61	Espagne	Europe et Asie centrale	1
#C49A00	1.936	1982	Espagne	61	Espagne	Europe et Asie centrale	1
#C49A00	1.792	1983	Espagne	61	Espagne	Europe et Asie centrale	1
#C49A00	1.72	1984	Espagne	61	Espagne	Europe et Asie centrale	1
#C49A00	1.63	1985	Espagne	61	Espagne	Europe et Asie centrale	1
#C49A00	1.6	1986	Espagne	61	Espagne	Europe et Asie centrale	1
#C49A00	1.47	1987	Espagne	61	Espagne	Europe et Asie centrale	1
#C49A00	1.42	1988	Espagne	61	Espagne	Europe et Asie centrale	1
#C49A00	1.36	1989	Espagne	61	Espagne	Europe et Asie centrale	1
#C49A00	1.33	1990	Espagne	61	Espagne	Europe et Asie centrale	1
#C49A00	1.31	1991	Espagne	61	Espagne	Europe et Asie centrale	1
#C49A00	1.32	1992	Espagne	61	Espagne	Europe et Asie centrale	1
#C49A00	1.27	1993	Espagne	61	Espagne	Europe et Asie centrale	1
#C49A00	1.2	1994	Espagne	61	Espagne	Europe et Asie centrale	1
#C49A00	1.18	1995	Espagne	61	Espagne	Europe et Asie centrale	1
#C49A00	1.15	1996	Espagne	61	Espagne	Europe et Asie centrale	1
#C49A00	1.15	1997	Espagne	61	Espagne	Europe et Asie centrale	1
#C49A00	1.16	1998	Espagne	61	Espagne	Europe et Asie centrale	1
#C49A00	1.19	1999	Espagne	61	Espagne	Europe et Asie centrale	1
#C49A00	1.23	2000	Espagne	61	Espagne	Europe et Asie centrale	1
#C49A00	1.24	2001	Espagne	61	Espagne	Europe et Asie centrale	1
#C49A00	1.26	2002	Espagne	61	Espagne	Europe et Asie centrale	1
#C49A00	1.31	2003	Espagne	61	Espagne	Europe et Asie centrale	1
#C49A00	1.32	2004	Espagne	61	Espagne	Europe et Asie centrale	1
#C49A00	1.34	2005	Espagne	61	Espagne	Europe et Asie centrale	1
#C49A00	1.37	2006	Espagne	61	Espagne	Europe et Asie centrale	1
#C49A00	1.39	2007	Espagne	61	Espagne	Europe et Asie centrale	1
#C49A00	1.46	2008	Espagne	61	Espagne	Europe et Asie centrale	1
#C49A00	1.39	2009	Espagne	61	Espagne	Europe et Asie centrale	1
#C49A00	1.38	2010	Espagne	61	Espagne	Europe et Asie centrale	1
#C49A00	1.36	2011	Espagne	61	Espagne	Europe et Asie centrale	1
#FB61D7	6.881	1960	Éthiopie	65	Éthiopie	Afrique subsaharienne	1
#FB61D7	6.881	1961	Éthiopie	65	Éthiopie	Afrique subsaharienne	1
#FB61D7	6.885	1962	Éthiopie	65	Éthiopie	Afrique subsaharienne	1
#FB61D7	6.888	1963	Éthiopie	65	Éthiopie	Afrique subsaharienne	1
#FB61D7	6.889	1964	Éthiopie	65	Éthiopie	Afrique subsaharienne	1
#FB61D7	6.886	1965	Éthiopie	65	Éthiopie	Afrique subsaharienne	1
#FB61D7	6.881	1966	Éthiopie	65	Éthiopie	Afrique subsaharienne	1
#FB61D7	6.872	1967	Éthiopie	65	Éthiopie	Afrique subsaharienne	1
#FB61D7	6.863	1968	Éthiopie	65	Éthiopie	Afrique subsaharienne	1
#FB61D7	6.852	1969	Éthiopie	65	Éthiopie	Afrique subsaharienne	1
#FB61D7	6.84	1970	Éthiopie	65	Éthiopie	Afrique subsaharienne	1
#FB61D7	6.825	1971	Éthiopie	65	Éthiopie	Afrique subsaharienne	1
#FB61D7	6.81	1972	Éthiopie	65	Éthiopie	Afrique subsaharienne	1
#FB61D7	6.794	1973	Éthiopie	65	Éthiopie	Afrique subsaharienne	1
#FB61D7	6.78	1974	Éthiopie	65	Éthiopie	Afrique subsaharienne	1
#FB61D7	6.769	1975	Éthiopie	65	Éthiopie	Afrique subsaharienne	1
#FB61D7	6.766	1976	Éthiopie	65	Éthiopie	Afrique subsaharienne	1
#FB61D7	6.771	1977	Éthiopie	65	Éthiopie	Afrique subsaharienne	1
#FB61D7	6.785	1978	Éthiopie	65	Éthiopie	Afrique subsaharienne	1
#FB61D7	6.807	1979	Éthiopie	65	Éthiopie	Afrique subsaharienne	1
#FB61D7	6.837	1980	Éthiopie	65	Éthiopie	Afrique subsaharienne	1
#FB61D7	6.873	1981	Éthiopie	65	Éthiopie	Afrique subsaharienne	1
#FB61D7	6.912	1982	Éthiopie	65	Éthiopie	Afrique subsaharienne	1
#FB61D7	6.95	1983	Éthiopie	65	Éthiopie	Afrique subsaharienne	1
#FB61D7	6.984	1984	Éthiopie	65	Éthiopie	Afrique subsaharienne	1
#FB61D7	7.014	1985	Éthiopie	65	Éthiopie	Afrique subsaharienne	1
#FB61D7	7.04	1986	Éthiopie	65	Éthiopie	Afrique subsaharienne	1
#FB61D7	7.061	1987	Éthiopie	65	Éthiopie	Afrique subsaharienne	1
#FB61D7	7.076	1988	Éthiopie	65	Éthiopie	Afrique subsaharienne	1
#FB61D7	7.083	1989	Éthiopie	65	Éthiopie	Afrique subsaharienne	1
#FB61D7	7.078	1990	Éthiopie	65	Éthiopie	Afrique subsaharienne	1
#FB61D7	7.059	1991	Éthiopie	65	Éthiopie	Afrique subsaharienne	1
#FB61D7	7.024	1992	Éthiopie	65	Éthiopie	Afrique subsaharienne	1
#FB61D7	6.97	1993	Éthiopie	65	Éthiopie	Afrique subsaharienne	1
#FB61D7	6.898	1994	Éthiopie	65	Éthiopie	Afrique subsaharienne	1
#FB61D7	6.805	1995	Éthiopie	65	Éthiopie	Afrique subsaharienne	1
#FB61D7	6.693	1996	Éthiopie	65	Éthiopie	Afrique subsaharienne	1
#FB61D7	6.561	1997	Éthiopie	65	Éthiopie	Afrique subsaharienne	1
#FB61D7	6.414	1998	Éthiopie	65	Éthiopie	Afrique subsaharienne	1
#FB61D7	6.253	1999	Éthiopie	65	Éthiopie	Afrique subsaharienne	1
#FB61D7	6.08	2000	Éthiopie	65	Éthiopie	Afrique subsaharienne	1
#FB61D7	5.894	2001	Éthiopie	65	Éthiopie	Afrique subsaharienne	1
#FB61D7	5.699	2002	Éthiopie	65	Éthiopie	Afrique subsaharienne	1
#FB61D7	5.498	2003	Éthiopie	65	Éthiopie	Afrique subsaharienne	1
#FB61D7	5.294	2004	Éthiopie	65	Éthiopie	Afrique subsaharienne	1
#FB61D7	5.091	2005	Éthiopie	65	Éthiopie	Afrique subsaharienne	1
#FB61D7	4.893	2006	Éthiopie	65	Éthiopie	Afrique subsaharienne	1
#FB61D7	4.703	2007	Éthiopie	65	Éthiopie	Afrique subsaharienne	1
#FB61D7	4.522	2008	Éthiopie	65	Éthiopie	Afrique subsaharienne	1
#FB61D7	4.352	2009	Éthiopie	65	Éthiopie	Afrique subsaharienne	1
#FB61D7	4.193	2010	Éthiopie	65	Éthiopie	Afrique subsaharienne	1
#FB61D7	4.045	2011	Éthiopie	65	Éthiopie	Afrique subsaharienne	1
#C49A00	2.714	1960	Finlande	68	Finlande	Europe et Asie centrale	1
#C49A00	2.689	1961	Finlande	68	Finlande	Europe et Asie centrale	1
#C49A00	2.637	1962	Finlande	68	Finlande	Europe et Asie centrale	1
#C49A00	2.637	1963	Finlande	68	Finlande	Europe et Asie centrale	1
#C49A00	2.533	1964	Finlande	68	Finlande	Europe et Asie centrale	1
#C49A00	2.398	1965	Finlande	68	Finlande	Europe et Asie centrale	1
#C49A00	2.324	1966	Finlande	68	Finlande	Europe et Asie centrale	1
#C49A00	2.24	1967	Finlande	68	Finlande	Europe et Asie centrale	1
#C49A00	2.068	1968	Finlande	68	Finlande	Europe et Asie centrale	1
#C49A00	1.851	1969	Finlande	68	Finlande	Europe et Asie centrale	1
#C49A00	1.828	1970	Finlande	68	Finlande	Europe et Asie centrale	1
#C49A00	1.703	1971	Finlande	68	Finlande	Europe et Asie centrale	1
#C49A00	1.593	1972	Finlande	68	Finlande	Europe et Asie centrale	1
#C49A00	1.504	1973	Finlande	68	Finlande	Europe et Asie centrale	1
#C49A00	1.625	1974	Finlande	68	Finlande	Europe et Asie centrale	1
#C49A00	1.688	1975	Finlande	68	Finlande	Europe et Asie centrale	1
#C49A00	1.72	1976	Finlande	68	Finlande	Europe et Asie centrale	1
#C49A00	1.69	1977	Finlande	68	Finlande	Europe et Asie centrale	1
#C49A00	1.652	1978	Finlande	68	Finlande	Europe et Asie centrale	1
#C49A00	1.642	1979	Finlande	68	Finlande	Europe et Asie centrale	1
#C49A00	1.63	1980	Finlande	68	Finlande	Europe et Asie centrale	1
#C49A00	1.65	1981	Finlande	68	Finlande	Europe et Asie centrale	1
#C49A00	1.72	1982	Finlande	68	Finlande	Europe et Asie centrale	1
#C49A00	1.74	1983	Finlande	68	Finlande	Europe et Asie centrale	1
#C49A00	1.7	1984	Finlande	68	Finlande	Europe et Asie centrale	1
#C49A00	1.64	1985	Finlande	68	Finlande	Europe et Asie centrale	1
#C49A00	1.6	1986	Finlande	68	Finlande	Europe et Asie centrale	1
#C49A00	1.59	1987	Finlande	68	Finlande	Europe et Asie centrale	1
#C49A00	1.7	1988	Finlande	68	Finlande	Europe et Asie centrale	1
#C49A00	1.71	1989	Finlande	68	Finlande	Europe et Asie centrale	1
#C49A00	1.78	1990	Finlande	68	Finlande	Europe et Asie centrale	1
#C49A00	1.8	1991	Finlande	68	Finlande	Europe et Asie centrale	1
#C49A00	1.85	1992	Finlande	68	Finlande	Europe et Asie centrale	1
#C49A00	1.81	1993	Finlande	68	Finlande	Europe et Asie centrale	1
#C49A00	1.85	1994	Finlande	68	Finlande	Europe et Asie centrale	1
#C49A00	1.81	1995	Finlande	68	Finlande	Europe et Asie centrale	1
#C49A00	1.76	1996	Finlande	68	Finlande	Europe et Asie centrale	1
#C49A00	1.75	1997	Finlande	68	Finlande	Europe et Asie centrale	1
#C49A00	1.7	1998	Finlande	68	Finlande	Europe et Asie centrale	1
#C49A00	1.73	1999	Finlande	68	Finlande	Europe et Asie centrale	1
#C49A00	1.73	2000	Finlande	68	Finlande	Europe et Asie centrale	1
#C49A00	1.73	2001	Finlande	68	Finlande	Europe et Asie centrale	1
#C49A00	1.72	2002	Finlande	68	Finlande	Europe et Asie centrale	1
#C49A00	1.76	2003	Finlande	68	Finlande	Europe et Asie centrale	1
#C49A00	1.8	2004	Finlande	68	Finlande	Europe et Asie centrale	1
#C49A00	1.8	2005	Finlande	68	Finlande	Europe et Asie centrale	1
#C49A00	1.84	2006	Finlande	68	Finlande	Europe et Asie centrale	1
#C49A00	1.83	2007	Finlande	68	Finlande	Europe et Asie centrale	1
#C49A00	1.85	2008	Finlande	68	Finlande	Europe et Asie centrale	1
#C49A00	1.86	2009	Finlande	68	Finlande	Europe et Asie centrale	1
#C49A00	1.87	2010	Finlande	68	Finlande	Europe et Asie centrale	1
#C49A00	1.83	2011	Finlande	68	Finlande	Europe et Asie centrale	1
#F8766D	6.461	1960	Fidji	67	Fidji	Asie de l'Est et Pacifique	1
#F8766D	6.281	1961	Fidji	67	Fidji	Asie de l'Est et Pacifique	1
#F8766D	6.085	1962	Fidji	67	Fidji	Asie de l'Est et Pacifique	1
#F8766D	5.881	1963	Fidji	67	Fidji	Asie de l'Est et Pacifique	1
#F8766D	5.676	1964	Fidji	67	Fidji	Asie de l'Est et Pacifique	1
#F8766D	5.475	1965	Fidji	67	Fidji	Asie de l'Est et Pacifique	1
#F8766D	5.278	1966	Fidji	67	Fidji	Asie de l'Est et Pacifique	1
#F8766D	5.083	1967	Fidji	67	Fidji	Asie de l'Est et Pacifique	1
#F8766D	4.892	1968	Fidji	67	Fidji	Asie de l'Est et Pacifique	1
#F8766D	4.71	1969	Fidji	67	Fidji	Asie de l'Est et Pacifique	1
#F8766D	4.543	1970	Fidji	67	Fidji	Asie de l'Est et Pacifique	1
#F8766D	4.397	1971	Fidji	67	Fidji	Asie de l'Est et Pacifique	1
#F8766D	4.275	1972	Fidji	67	Fidji	Asie de l'Est et Pacifique	1
#F8766D	4.178	1973	Fidji	67	Fidji	Asie de l'Est et Pacifique	1
#F8766D	4.106	1974	Fidji	67	Fidji	Asie de l'Est et Pacifique	1
#F8766D	4.054	1975	Fidji	67	Fidji	Asie de l'Est et Pacifique	1
#F8766D	4.018	1976	Fidji	67	Fidji	Asie de l'Est et Pacifique	1
#F8766D	3.992	1977	Fidji	67	Fidji	Asie de l'Est et Pacifique	1
#F8766D	3.968	1978	Fidji	67	Fidji	Asie de l'Est et Pacifique	1
#F8766D	3.941	1979	Fidji	67	Fidji	Asie de l'Est et Pacifique	1
#F8766D	3.907	1980	Fidji	67	Fidji	Asie de l'Est et Pacifique	1
#F8766D	3.864	1981	Fidji	67	Fidji	Asie de l'Est et Pacifique	1
#F8766D	3.813	1982	Fidji	67	Fidji	Asie de l'Est et Pacifique	1
#F8766D	3.755	1983	Fidji	67	Fidji	Asie de l'Est et Pacifique	1
#F8766D	3.693	1984	Fidji	67	Fidji	Asie de l'Est et Pacifique	1
#F8766D	3.629	1985	Fidji	67	Fidji	Asie de l'Est et Pacifique	1
#F8766D	3.568	1986	Fidji	67	Fidji	Asie de l'Est et Pacifique	1
#F8766D	3.512	1987	Fidji	67	Fidji	Asie de l'Est et Pacifique	1
#F8766D	3.465	1988	Fidji	67	Fidji	Asie de l'Est et Pacifique	1
#F8766D	3.427	1989	Fidji	67	Fidji	Asie de l'Est et Pacifique	1
#F8766D	3.398	1990	Fidji	67	Fidji	Asie de l'Est et Pacifique	1
#F8766D	3.374	1991	Fidji	67	Fidji	Asie de l'Est et Pacifique	1
#F8766D	3.352	1992	Fidji	67	Fidji	Asie de l'Est et Pacifique	1
#F8766D	3.33	1993	Fidji	67	Fidji	Asie de l'Est et Pacifique	1
#F8766D	3.305	1994	Fidji	67	Fidji	Asie de l'Est et Pacifique	1
#F8766D	3.276	1995	Fidji	67	Fidji	Asie de l'Est et Pacifique	1
#F8766D	3.244	1996	Fidji	67	Fidji	Asie de l'Est et Pacifique	1
#F8766D	3.209	1997	Fidji	67	Fidji	Asie de l'Est et Pacifique	1
#F8766D	3.171	1998	Fidji	67	Fidji	Asie de l'Est et Pacifique	1
#F8766D	3.132	1999	Fidji	67	Fidji	Asie de l'Est et Pacifique	1
#F8766D	3.09	2000	Fidji	67	Fidji	Asie de l'Est et Pacifique	1
#F8766D	3.047	2001	Fidji	67	Fidji	Asie de l'Est et Pacifique	1
#F8766D	3.001	2002	Fidji	67	Fidji	Asie de l'Est et Pacifique	1
#F8766D	2.954	2003	Fidji	67	Fidji	Asie de l'Est et Pacifique	1
#F8766D	2.907	2004	Fidji	67	Fidji	Asie de l'Est et Pacifique	1
#F8766D	2.86	2005	Fidji	67	Fidji	Asie de l'Est et Pacifique	1
#F8766D	2.816	2006	Fidji	67	Fidji	Asie de l'Est et Pacifique	1
#F8766D	2.774	2007	Fidji	67	Fidji	Asie de l'Est et Pacifique	1
#F8766D	2.735	2008	Fidji	67	Fidji	Asie de l'Est et Pacifique	1
#F8766D	2.7	2009	Fidji	67	Fidji	Asie de l'Est et Pacifique	1
#F8766D	2.668	2010	Fidji	67	Fidji	Asie de l'Est et Pacifique	1
#F8766D	2.639	2011	Fidji	67	Fidji	Asie de l'Est et Pacifique	1
#F8766D	6.934	1960	Micronésie, États fédérés de	125	Micronésie, États fédérés de	Asie de l'Est et Pacifique	1
#F8766D	6.917	1961	Micronésie, États fédérés de	125	Micronésie, États fédérés de	Asie de l'Est et Pacifique	1
#F8766D	6.905	1962	Micronésie, États fédérés de	125	Micronésie, États fédérés de	Asie de l'Est et Pacifique	1
#F8766D	6.897	1963	Micronésie, États fédérés de	125	Micronésie, États fédérés de	Asie de l'Est et Pacifique	1
#F8766D	6.893	1964	Micronésie, États fédérés de	125	Micronésie, États fédérés de	Asie de l'Est et Pacifique	1
#F8766D	6.894	1965	Micronésie, États fédérés de	125	Micronésie, États fédérés de	Asie de l'Est et Pacifique	1
#F8766D	6.9	1966	Micronésie, États fédérés de	125	Micronésie, États fédérés de	Asie de l'Est et Pacifique	1
#F8766D	6.911	1967	Micronésie, États fédérés de	125	Micronésie, États fédérés de	Asie de l'Est et Pacifique	1
#F8766D	6.924	1968	Micronésie, États fédérés de	125	Micronésie, États fédérés de	Asie de l'Est et Pacifique	1
#F8766D	6.935	1969	Micronésie, États fédérés de	125	Micronésie, États fédérés de	Asie de l'Est et Pacifique	1
#F8766D	6.938	1970	Micronésie, États fédérés de	125	Micronésie, États fédérés de	Asie de l'Est et Pacifique	1
#F8766D	6.925	1971	Micronésie, États fédérés de	125	Micronésie, États fédérés de	Asie de l'Est et Pacifique	1
#F8766D	6.894	1972	Micronésie, États fédérés de	125	Micronésie, États fédérés de	Asie de l'Est et Pacifique	1
#F8766D	6.842	1973	Micronésie, États fédérés de	125	Micronésie, États fédérés de	Asie de l'Est et Pacifique	1
#F8766D	6.77	1974	Micronésie, États fédérés de	125	Micronésie, États fédérés de	Asie de l'Est et Pacifique	1
#F8766D	6.682	1975	Micronésie, États fédérés de	125	Micronésie, États fédérés de	Asie de l'Est et Pacifique	1
#F8766D	6.586	1976	Micronésie, États fédérés de	125	Micronésie, États fédérés de	Asie de l'Est et Pacifique	1
#F8766D	6.49	1977	Micronésie, États fédérés de	125	Micronésie, États fédérés de	Asie de l'Est et Pacifique	1
#F8766D	6.398	1978	Micronésie, États fédérés de	125	Micronésie, États fédérés de	Asie de l'Est et Pacifique	1
#F8766D	6.311	1979	Micronésie, États fédérés de	125	Micronésie, États fédérés de	Asie de l'Est et Pacifique	1
#F8766D	6.223	1980	Micronésie, États fédérés de	125	Micronésie, États fédérés de	Asie de l'Est et Pacifique	1
#F8766D	6.129	1981	Micronésie, États fédérés de	125	Micronésie, États fédérés de	Asie de l'Est et Pacifique	1
#F8766D	6.02	1982	Micronésie, États fédérés de	125	Micronésie, États fédérés de	Asie de l'Est et Pacifique	1
#F8766D	5.894	1983	Micronésie, États fédérés de	125	Micronésie, États fédérés de	Asie de l'Est et Pacifique	1
#F8766D	5.752	1984	Micronésie, États fédérés de	125	Micronésie, États fédérés de	Asie de l'Est et Pacifique	1
#F8766D	5.6	1985	Micronésie, États fédérés de	125	Micronésie, États fédérés de	Asie de l'Est et Pacifique	1
#F8766D	5.446	1986	Micronésie, États fédérés de	125	Micronésie, États fédérés de	Asie de l'Est et Pacifique	1
#F8766D	5.299	1987	Micronésie, États fédérés de	125	Micronésie, États fédérés de	Asie de l'Est et Pacifique	1
#F8766D	5.167	1988	Micronésie, États fédérés de	125	Micronésie, États fédérés de	Asie de l'Est et Pacifique	1
#F8766D	5.052	1989	Micronésie, États fédérés de	125	Micronésie, États fédérés de	Asie de l'Est et Pacifique	1
#F8766D	4.958	1990	Micronésie, États fédérés de	125	Micronésie, États fédérés de	Asie de l'Est et Pacifique	1
#F8766D	4.882	1991	Micronésie, États fédérés de	125	Micronésie, États fédérés de	Asie de l'Est et Pacifique	1
#F8766D	4.82	1992	Micronésie, États fédérés de	125	Micronésie, États fédérés de	Asie de l'Est et Pacifique	1
#F8766D	4.766	1993	Micronésie, États fédérés de	125	Micronésie, États fédérés de	Asie de l'Est et Pacifique	1
#F8766D	4.716	1994	Micronésie, États fédérés de	125	Micronésie, États fédérés de	Asie de l'Est et Pacifique	1
#F8766D	4.664	1995	Micronésie, États fédérés de	125	Micronésie, États fédérés de	Asie de l'Est et Pacifique	1
#F8766D	4.608	1996	Micronésie, États fédérés de	125	Micronésie, États fédérés de	Asie de l'Est et Pacifique	1
#F8766D	4.544	1997	Micronésie, États fédérés de	125	Micronésie, États fédérés de	Asie de l'Est et Pacifique	1
#F8766D	4.471	1998	Micronésie, États fédérés de	125	Micronésie, États fédérés de	Asie de l'Est et Pacifique	1
#F8766D	4.39	1999	Micronésie, États fédérés de	125	Micronésie, États fédérés de	Asie de l'Est et Pacifique	1
#F8766D	4.3	2000	Micronésie, États fédérés de	125	Micronésie, États fédérés de	Asie de l'Est et Pacifique	1
#F8766D	4.204	2001	Micronésie, États fédérés de	125	Micronésie, États fédérés de	Asie de l'Est et Pacifique	1
#F8766D	4.106	2002	Micronésie, États fédérés de	125	Micronésie, États fédérés de	Asie de l'Est et Pacifique	1
#F8766D	4.008	2003	Micronésie, États fédérés de	125	Micronésie, États fédérés de	Asie de l'Est et Pacifique	1
#F8766D	3.914	2004	Micronésie, États fédérés de	125	Micronésie, États fédérés de	Asie de l'Est et Pacifique	1
#F8766D	3.824	2005	Micronésie, États fédérés de	125	Micronésie, États fédérés de	Asie de l'Est et Pacifique	1
#F8766D	3.74	2006	Micronésie, États fédérés de	125	Micronésie, États fédérés de	Asie de l'Est et Pacifique	1
#F8766D	3.661	2007	Micronésie, États fédérés de	125	Micronésie, États fédérés de	Asie de l'Est et Pacifique	1
#F8766D	3.587	2008	Micronésie, États fédérés de	125	Micronésie, États fédérés de	Asie de l'Est et Pacifique	1
#F8766D	3.517	2009	Micronésie, États fédérés de	125	Micronésie, États fédérés de	Asie de l'Est et Pacifique	1
#F8766D	3.451	2010	Micronésie, États fédérés de	125	Micronésie, États fédérés de	Asie de l'Est et Pacifique	1
#F8766D	3.39	2011	Micronésie, États fédérés de	125	Micronésie, États fédérés de	Asie de l'Est et Pacifique	1
#C49A00	2.85	1960	France	69	France	Europe et Asie centrale	1
#C49A00	2.87	1961	France	69	France	Europe et Asie centrale	1
#C49A00	2.89	1962	France	69	France	Europe et Asie centrale	1
#C49A00	2.89	1963	France	69	France	Europe et Asie centrale	1
#C49A00	2.87	1964	France	69	France	Europe et Asie centrale	1
#C49A00	2.84	1965	France	69	France	Europe et Asie centrale	1
#C49A00	2.8	1966	France	69	France	Europe et Asie centrale	1
#C49A00	2.75	1967	France	69	France	Europe et Asie centrale	1
#C49A00	2.69	1968	France	69	France	Europe et Asie centrale	1
#C49A00	2.62	1969	France	69	France	Europe et Asie centrale	1
#C49A00	2.55	1970	France	69	France	Europe et Asie centrale	1
#C49A00	2.47	1971	France	69	France	Europe et Asie centrale	1
#C49A00	2.38	1972	France	69	France	Europe et Asie centrale	1
#C49A00	2.28	1973	France	69	France	Europe et Asie centrale	1
#C49A00	2.18	1974	France	69	France	Europe et Asie centrale	1
#C49A00	2.09	1975	France	69	France	Europe et Asie centrale	1
#C49A00	2.01	1976	France	69	France	Europe et Asie centrale	1
#C49A00	1.94	1977	France	69	France	Europe et Asie centrale	1
#C49A00	1.89	1978	France	69	France	Europe et Asie centrale	1
#C49A00	1.87	1979	France	69	France	Europe et Asie centrale	1
#C49A00	1.85	1980	France	69	France	Europe et Asie centrale	1
#C49A00	1.85	1981	France	69	France	Europe et Asie centrale	1
#C49A00	1.86	1982	France	69	France	Europe et Asie centrale	1
#C49A00	1.86	1983	France	69	France	Europe et Asie centrale	1
#C49A00	1.86	1984	France	69	France	Europe et Asie centrale	1
#C49A00	1.86	1985	France	69	France	Europe et Asie centrale	1
#C49A00	1.85	1986	France	69	France	Europe et Asie centrale	1
#C49A00	1.83	1987	France	69	France	Europe et Asie centrale	1
#C49A00	1.81	1988	France	69	France	Europe et Asie centrale	1
#C49A00	1.79	1989	France	69	France	Europe et Asie centrale	1
#C49A00	1.77	1990	France	69	France	Europe et Asie centrale	1
#C49A00	1.75	1991	France	69	France	Europe et Asie centrale	1
#C49A00	1.74	1992	France	69	France	Europe et Asie centrale	1
#C49A00	1.73	1993	France	69	France	Europe et Asie centrale	1
#C49A00	1.73	1994	France	69	France	Europe et Asie centrale	1
#C49A00	1.74	1995	France	69	France	Europe et Asie centrale	1
#C49A00	1.75	1996	France	69	France	Europe et Asie centrale	1
#C49A00	1.77	1997	France	69	France	Europe et Asie centrale	1
#C49A00	1.78	1998	France	69	France	Europe et Asie centrale	1
#C49A00	1.81	1999	France	69	France	Europe et Asie centrale	1
#C49A00	1.89	2000	France	69	France	Europe et Asie centrale	1
#C49A00	1.9	2001	France	69	France	Europe et Asie centrale	1
#C49A00	1.88	2002	France	69	France	Europe et Asie centrale	1
#C49A00	1.89	2003	France	69	France	Europe et Asie centrale	1
#C49A00	1.92	2004	France	69	France	Europe et Asie centrale	1
#C49A00	1.94	2005	France	69	France	Europe et Asie centrale	1
#C49A00	2	2006	France	69	France	Europe et Asie centrale	1
#C49A00	1.98	2007	France	69	France	Europe et Asie centrale	1
#C49A00	2.01	2008	France	69	France	Europe et Asie centrale	1
#C49A00	2	2009	France	69	France	Europe et Asie centrale	1
#C49A00	2.03	2010	France	69	France	Europe et Asie centrale	1
#C49A00	2.03	2011	France	69	France	Europe et Asie centrale	1
#FB61D7	4.105	1960	Gabon	70	Gabon	Afrique subsaharienne	1
#FB61D7	4.155	1961	Gabon	70	Gabon	Afrique subsaharienne	1
#FB61D7	4.207	1962	Gabon	70	Gabon	Afrique subsaharienne	1
#FB61D7	4.259	1963	Gabon	70	Gabon	Afrique subsaharienne	1
#FB61D7	4.311	1964	Gabon	70	Gabon	Afrique subsaharienne	1
#FB61D7	4.363	1965	Gabon	70	Gabon	Afrique subsaharienne	1
#FB61D7	4.42	1966	Gabon	70	Gabon	Afrique subsaharienne	1
#FB61D7	4.482	1967	Gabon	70	Gabon	Afrique subsaharienne	1
#FB61D7	4.552	1968	Gabon	70	Gabon	Afrique subsaharienne	1
#FB61D7	4.626	1969	Gabon	70	Gabon	Afrique subsaharienne	1
#FB61D7	4.704	1970	Gabon	70	Gabon	Afrique subsaharienne	1
#FB61D7	4.781	1971	Gabon	70	Gabon	Afrique subsaharienne	1
#FB61D7	4.854	1972	Gabon	70	Gabon	Afrique subsaharienne	1
#FB61D7	4.919	1973	Gabon	70	Gabon	Afrique subsaharienne	1
#FB61D7	4.976	1974	Gabon	70	Gabon	Afrique subsaharienne	1
#FB61D7	5.023	1975	Gabon	70	Gabon	Afrique subsaharienne	1
#FB61D7	5.062	1976	Gabon	70	Gabon	Afrique subsaharienne	1
#FB61D7	5.095	1977	Gabon	70	Gabon	Afrique subsaharienne	1
#FB61D7	5.124	1978	Gabon	70	Gabon	Afrique subsaharienne	1
#FB61D7	5.149	1979	Gabon	70	Gabon	Afrique subsaharienne	1
#FB61D7	5.17	1980	Gabon	70	Gabon	Afrique subsaharienne	1
#FB61D7	5.185	1981	Gabon	70	Gabon	Afrique subsaharienne	1
#FB61D7	5.195	1982	Gabon	70	Gabon	Afrique subsaharienne	1
#FB61D7	5.197	1983	Gabon	70	Gabon	Afrique subsaharienne	1
#FB61D7	5.194	1984	Gabon	70	Gabon	Afrique subsaharienne	1
#FB61D7	5.189	1985	Gabon	70	Gabon	Afrique subsaharienne	1
#FB61D7	5.185	1986	Gabon	70	Gabon	Afrique subsaharienne	1
#FB61D7	5.185	1987	Gabon	70	Gabon	Afrique subsaharienne	1
#FB61D7	5.186	1988	Gabon	70	Gabon	Afrique subsaharienne	1
#FB61D7	5.187	1989	Gabon	70	Gabon	Afrique subsaharienne	1
#FB61D7	5.178	1990	Gabon	70	Gabon	Afrique subsaharienne	1
#FB61D7	5.15	1991	Gabon	70	Gabon	Afrique subsaharienne	1
#FB61D7	5.097	1992	Gabon	70	Gabon	Afrique subsaharienne	1
#FB61D7	5.015	1993	Gabon	70	Gabon	Afrique subsaharienne	1
#FB61D7	4.906	1994	Gabon	70	Gabon	Afrique subsaharienne	1
#FB61D7	4.774	1995	Gabon	70	Gabon	Afrique subsaharienne	1
#FB61D7	4.625	1996	Gabon	70	Gabon	Afrique subsaharienne	1
#FB61D7	4.472	1997	Gabon	70	Gabon	Afrique subsaharienne	1
#FB61D7	4.322	1998	Gabon	70	Gabon	Afrique subsaharienne	1
#FB61D7	4.181	1999	Gabon	70	Gabon	Afrique subsaharienne	1
#FB61D7	4.051	2000	Gabon	70	Gabon	Afrique subsaharienne	1
#FB61D7	3.933	2001	Gabon	70	Gabon	Afrique subsaharienne	1
#FB61D7	3.823	2002	Gabon	70	Gabon	Afrique subsaharienne	1
#FB61D7	3.718	2003	Gabon	70	Gabon	Afrique subsaharienne	1
#FB61D7	3.621	2004	Gabon	70	Gabon	Afrique subsaharienne	1
#FB61D7	3.531	2005	Gabon	70	Gabon	Afrique subsaharienne	1
#FB61D7	3.453	2006	Gabon	70	Gabon	Afrique subsaharienne	1
#FB61D7	3.386	2007	Gabon	70	Gabon	Afrique subsaharienne	1
#FB61D7	3.33	2008	Gabon	70	Gabon	Afrique subsaharienne	1
#FB61D7	3.286	2009	Gabon	70	Gabon	Afrique subsaharienne	1
#FB61D7	3.25	2010	Gabon	70	Gabon	Afrique subsaharienne	1
#FB61D7	3.221	2011	Gabon	70	Gabon	Afrique subsaharienne	1
#C49A00	2.692	1960	Royaume-Uni	164	Royaume-Uni	Europe et Asie centrale	1
#C49A00	2.784	1961	Royaume-Uni	164	Royaume-Uni	Europe et Asie centrale	1
#C49A00	2.859	1962	Royaume-Uni	164	Royaume-Uni	Europe et Asie centrale	1
#C49A00	2.881	1963	Royaume-Uni	164	Royaume-Uni	Europe et Asie centrale	1
#C49A00	2.934	1964	Royaume-Uni	164	Royaume-Uni	Europe et Asie centrale	1
#C49A00	2.863	1965	Royaume-Uni	164	Royaume-Uni	Europe et Asie centrale	1
#C49A00	2.783	1966	Royaume-Uni	164	Royaume-Uni	Europe et Asie centrale	1
#C49A00	2.679	1967	Royaume-Uni	164	Royaume-Uni	Europe et Asie centrale	1
#C49A00	2.604	1968	Royaume-Uni	164	Royaume-Uni	Europe et Asie centrale	1
#C49A00	2.507	1969	Royaume-Uni	164	Royaume-Uni	Europe et Asie centrale	1
#C49A00	2.437	1970	Royaume-Uni	164	Royaume-Uni	Europe et Asie centrale	1
#C49A00	2.408	1971	Royaume-Uni	164	Royaume-Uni	Europe et Asie centrale	1
#C49A00	2.204	1972	Royaume-Uni	164	Royaume-Uni	Europe et Asie centrale	1
#C49A00	2.036	1973	Royaume-Uni	164	Royaume-Uni	Europe et Asie centrale	1
#C49A00	1.92	1974	Royaume-Uni	164	Royaume-Uni	Europe et Asie centrale	1
#C49A00	1.81	1975	Royaume-Uni	164	Royaume-Uni	Europe et Asie centrale	1
#C49A00	1.74	1976	Royaume-Uni	164	Royaume-Uni	Europe et Asie centrale	1
#C49A00	1.69	1977	Royaume-Uni	164	Royaume-Uni	Europe et Asie centrale	1
#C49A00	1.75	1978	Royaume-Uni	164	Royaume-Uni	Europe et Asie centrale	1
#C49A00	1.86	1979	Royaume-Uni	164	Royaume-Uni	Europe et Asie centrale	1
#C49A00	1.89	1980	Royaume-Uni	164	Royaume-Uni	Europe et Asie centrale	1
#C49A00	1.81	1981	Royaume-Uni	164	Royaume-Uni	Europe et Asie centrale	1
#C49A00	1.78	1982	Royaume-Uni	164	Royaume-Uni	Europe et Asie centrale	1
#C49A00	1.77	1983	Royaume-Uni	164	Royaume-Uni	Europe et Asie centrale	1
#C49A00	1.77	1984	Royaume-Uni	164	Royaume-Uni	Europe et Asie centrale	1
#C49A00	1.8	1985	Royaume-Uni	164	Royaume-Uni	Europe et Asie centrale	1
#C49A00	1.78	1986	Royaume-Uni	164	Royaume-Uni	Europe et Asie centrale	1
#C49A00	1.82	1987	Royaume-Uni	164	Royaume-Uni	Europe et Asie centrale	1
#C49A00	1.83	1988	Royaume-Uni	164	Royaume-Uni	Europe et Asie centrale	1
#C49A00	1.8	1989	Royaume-Uni	164	Royaume-Uni	Europe et Asie centrale	1
#C49A00	1.83	1990	Royaume-Uni	164	Royaume-Uni	Europe et Asie centrale	1
#C49A00	1.82	1991	Royaume-Uni	164	Royaume-Uni	Europe et Asie centrale	1
#C49A00	1.79	1992	Royaume-Uni	164	Royaume-Uni	Europe et Asie centrale	1
#C49A00	1.82	1993	Royaume-Uni	164	Royaume-Uni	Europe et Asie centrale	1
#C49A00	1.74	1994	Royaume-Uni	164	Royaume-Uni	Europe et Asie centrale	1
#C49A00	1.71	1995	Royaume-Uni	164	Royaume-Uni	Europe et Asie centrale	1
#C49A00	1.72	1996	Royaume-Uni	164	Royaume-Uni	Europe et Asie centrale	1
#C49A00	1.72	1997	Royaume-Uni	164	Royaume-Uni	Europe et Asie centrale	1
#C49A00	1.71	1998	Royaume-Uni	164	Royaume-Uni	Europe et Asie centrale	1
#C49A00	1.68	1999	Royaume-Uni	164	Royaume-Uni	Europe et Asie centrale	1
#C49A00	1.64	2000	Royaume-Uni	164	Royaume-Uni	Europe et Asie centrale	1
#C49A00	1.63	2001	Royaume-Uni	164	Royaume-Uni	Europe et Asie centrale	1
#C49A00	1.64	2002	Royaume-Uni	164	Royaume-Uni	Europe et Asie centrale	1
#C49A00	1.71	2003	Royaume-Uni	164	Royaume-Uni	Europe et Asie centrale	1
#C49A00	1.77	2004	Royaume-Uni	164	Royaume-Uni	Europe et Asie centrale	1
#C49A00	1.78	2005	Royaume-Uni	164	Royaume-Uni	Europe et Asie centrale	1
#C49A00	1.84	2006	Royaume-Uni	164	Royaume-Uni	Europe et Asie centrale	1
#C49A00	1.9	2007	Royaume-Uni	164	Royaume-Uni	Europe et Asie centrale	1
#C49A00	1.96	2008	Royaume-Uni	164	Royaume-Uni	Europe et Asie centrale	1
#C49A00	1.94	2009	Royaume-Uni	164	Royaume-Uni	Europe et Asie centrale	1
#C49A00	1.98	2010	Royaume-Uni	164	Royaume-Uni	Europe et Asie centrale	1
#C49A00	1.98	2011	Royaume-Uni	164	Royaume-Uni	Europe et Asie centrale	1
#53B400	6.743	1960	Grenade	75	Grenade	Amérique latine et Caraïbes	1
#53B400	6.627	1961	Grenade	75	Grenade	Amérique latine et Caraïbes	1
#53B400	6.442	1962	Grenade	75	Grenade	Amérique latine et Caraïbes	1
#53B400	6.196	1963	Grenade	75	Grenade	Amérique latine et Caraïbes	1
#53B400	5.906	1964	Grenade	75	Grenade	Amérique latine et Caraïbes	1
#53B400	5.597	1965	Grenade	75	Grenade	Amérique latine et Caraïbes	1
#53B400	5.3	1966	Grenade	75	Grenade	Amérique latine et Caraïbes	1
#53B400	5.04	1967	Grenade	75	Grenade	Amérique latine et Caraïbes	1
#53B400	4.835	1968	Grenade	75	Grenade	Amérique latine et Caraïbes	1
#53B400	4.69	1969	Grenade	75	Grenade	Amérique latine et Caraïbes	1
#53B400	4.604	1970	Grenade	75	Grenade	Amérique latine et Caraïbes	1
#53B400	4.561	1971	Grenade	75	Grenade	Amérique latine et Caraïbes	1
#53B400	4.537	1972	Grenade	75	Grenade	Amérique latine et Caraïbes	1
#53B400	4.512	1973	Grenade	75	Grenade	Amérique latine et Caraïbes	1
#53B400	4.479	1974	Grenade	75	Grenade	Amérique latine et Caraïbes	1
#53B400	4.436	1975	Grenade	75	Grenade	Amérique latine et Caraïbes	1
#53B400	4.385	1976	Grenade	75	Grenade	Amérique latine et Caraïbes	1
#53B400	4.337	1977	Grenade	75	Grenade	Amérique latine et Caraïbes	1
#53B400	4.299	1978	Grenade	75	Grenade	Amérique latine et Caraïbes	1
#53B400	4.269	1979	Grenade	75	Grenade	Amérique latine et Caraïbes	1
#53B400	4.251	1980	Grenade	75	Grenade	Amérique latine et Caraïbes	1
#53B400	4.244	1981	Grenade	75	Grenade	Amérique latine et Caraïbes	1
#53B400	4.243	1982	Grenade	75	Grenade	Amérique latine et Caraïbes	1
#53B400	4.245	1983	Grenade	75	Grenade	Amérique latine et Caraïbes	1
#53B400	4.243	1984	Grenade	75	Grenade	Amérique latine et Caraïbes	1
#53B400	4.231	1985	Grenade	75	Grenade	Amérique latine et Caraïbes	1
#53B400	4.2	1986	Grenade	75	Grenade	Amérique latine et Caraïbes	1
#53B400	4.146	1987	Grenade	75	Grenade	Amérique latine et Caraïbes	1
#53B400	4.068	1988	Grenade	75	Grenade	Amérique latine et Caraïbes	1
#53B400	3.966	1989	Grenade	75	Grenade	Amérique latine et Caraïbes	1
#53B400	3.842	1990	Grenade	75	Grenade	Amérique latine et Caraïbes	1
#53B400	3.701	1991	Grenade	75	Grenade	Amérique latine et Caraïbes	1
#53B400	3.551	1992	Grenade	75	Grenade	Amérique latine et Caraïbes	1
#53B400	3.401	1993	Grenade	75	Grenade	Amérique latine et Caraïbes	1
#53B400	3.254	1994	Grenade	75	Grenade	Amérique latine et Caraïbes	1
#53B400	3.116	1995	Grenade	75	Grenade	Amérique latine et Caraïbes	1
#53B400	2.988	1996	Grenade	75	Grenade	Amérique latine et Caraïbes	1
#53B400	2.87	1997	Grenade	75	Grenade	Amérique latine et Caraïbes	1
#53B400	2.762	1998	Grenade	75	Grenade	Amérique latine et Caraïbes	1
#53B400	2.666	1999	Grenade	75	Grenade	Amérique latine et Caraïbes	1
#53B400	2.582	2000	Grenade	75	Grenade	Amérique latine et Caraïbes	1
#53B400	2.512	2001	Grenade	75	Grenade	Amérique latine et Caraïbes	1
#53B400	2.455	2002	Grenade	75	Grenade	Amérique latine et Caraïbes	1
#53B400	2.41	2003	Grenade	75	Grenade	Amérique latine et Caraïbes	1
#53B400	2.374	2004	Grenade	75	Grenade	Amérique latine et Caraïbes	1
#53B400	2.345	2005	Grenade	75	Grenade	Amérique latine et Caraïbes	1
#53B400	2.322	2006	Grenade	75	Grenade	Amérique latine et Caraïbes	1
#53B400	2.301	2007	Grenade	75	Grenade	Amérique latine et Caraïbes	1
#53B400	2.28	2008	Grenade	75	Grenade	Amérique latine et Caraïbes	1
#53B400	2.258	2009	Grenade	75	Grenade	Amérique latine et Caraïbes	1
#53B400	2.235	2010	Grenade	75	Grenade	Amérique latine et Caraïbes	1
#53B400	2.21	2011	Grenade	75	Grenade	Amérique latine et Caraïbes	1
#C49A00	2.964	1960	Géorgie	72	Géorgie	Europe et Asie centrale	1
#C49A00	2.965	1961	Géorgie	72	Géorgie	Europe et Asie centrale	1
#C49A00	2.95	1962	Géorgie	72	Géorgie	Europe et Asie centrale	1
#C49A00	2.915	1963	Géorgie	72	Géorgie	Europe et Asie centrale	1
#C49A00	2.864	1964	Géorgie	72	Géorgie	Europe et Asie centrale	1
#C49A00	2.801	1965	Géorgie	72	Géorgie	Europe et Asie centrale	1
#C49A00	2.737	1966	Géorgie	72	Géorgie	Europe et Asie centrale	1
#C49A00	2.68	1967	Géorgie	72	Géorgie	Europe et Asie centrale	1
#C49A00	2.637	1968	Géorgie	72	Géorgie	Europe et Asie centrale	1
#C49A00	2.609	1969	Géorgie	72	Géorgie	Europe et Asie centrale	1
#C49A00	2.595	1970	Géorgie	72	Géorgie	Europe et Asie centrale	1
#C49A00	2.588	1971	Géorgie	72	Géorgie	Europe et Asie centrale	1
#C49A00	2.579	1972	Géorgie	72	Géorgie	Europe et Asie centrale	1
#C49A00	2.563	1973	Géorgie	72	Géorgie	Europe et Asie centrale	1
#C49A00	2.537	1974	Géorgie	72	Géorgie	Europe et Asie centrale	1
#C49A00	2.502	1975	Géorgie	72	Géorgie	Europe et Asie centrale	1
#C49A00	2.461	1976	Géorgie	72	Géorgie	Europe et Asie centrale	1
#C49A00	2.419	1977	Géorgie	72	Géorgie	Europe et Asie centrale	1
#C49A00	2.379	1978	Géorgie	72	Géorgie	Europe et Asie centrale	1
#C49A00	2.343	1979	Géorgie	72	Géorgie	Europe et Asie centrale	1
#C49A00	2.315	1980	Géorgie	72	Géorgie	Europe et Asie centrale	1
#C49A00	2.296	1981	Géorgie	72	Géorgie	Europe et Asie centrale	1
#C49A00	2.284	1982	Géorgie	72	Géorgie	Europe et Asie centrale	1
#C49A00	2.277	1983	Géorgie	72	Géorgie	Europe et Asie centrale	1
#C49A00	2.275	1984	Géorgie	72	Géorgie	Europe et Asie centrale	1
#C49A00	2.273	1985	Géorgie	72	Géorgie	Europe et Asie centrale	1
#C49A00	2.269	1986	Géorgie	72	Géorgie	Europe et Asie centrale	1
#C49A00	2.26	1987	Géorgie	72	Géorgie	Europe et Asie centrale	1
#C49A00	2.243	1988	Géorgie	72	Géorgie	Europe et Asie centrale	1
#C49A00	2.217	1989	Géorgie	72	Géorgie	Europe et Asie centrale	1
#C49A00	2.18	1990	Géorgie	72	Géorgie	Europe et Asie centrale	1
#C49A00	2.132	1991	Géorgie	72	Géorgie	Europe et Asie centrale	1
#C49A00	2.076	1992	Géorgie	72	Géorgie	Europe et Asie centrale	1
#C49A00	2.013	1993	Géorgie	72	Géorgie	Europe et Asie centrale	1
#C49A00	1.946	1994	Géorgie	72	Géorgie	Europe et Asie centrale	1
#C49A00	1.88	1995	Géorgie	72	Géorgie	Europe et Asie centrale	1
#C49A00	1.815	1996	Géorgie	72	Géorgie	Europe et Asie centrale	1
#C49A00	1.756	1997	Géorgie	72	Géorgie	Europe et Asie centrale	1
#C49A00	1.703	1998	Géorgie	72	Géorgie	Europe et Asie centrale	1
#C49A00	1.659	1999	Géorgie	72	Géorgie	Europe et Asie centrale	1
#C49A00	1.625	2000	Géorgie	72	Géorgie	Europe et Asie centrale	1
#C49A00	1.601	2001	Géorgie	72	Géorgie	Europe et Asie centrale	1
#C49A00	1.586	2002	Géorgie	72	Géorgie	Europe et Asie centrale	1
#C49A00	1.577	2003	Géorgie	72	Géorgie	Europe et Asie centrale	1
#C49A00	1.574	2004	Géorgie	72	Géorgie	Europe et Asie centrale	1
#C49A00	1.573	2005	Géorgie	72	Géorgie	Europe et Asie centrale	1
#C49A00	1.572	2006	Géorgie	72	Géorgie	Europe et Asie centrale	1
#C49A00	1.571	2007	Géorgie	72	Géorgie	Europe et Asie centrale	1
#C49A00	1.568	2008	Géorgie	72	Géorgie	Europe et Asie centrale	1
#C49A00	1.563	2009	Géorgie	72	Géorgie	Europe et Asie centrale	1
#C49A00	1.555	2010	Géorgie	72	Géorgie	Europe et Asie centrale	1
#FB61D7	6.749	1960	Ghana	73	Ghana	Afrique subsaharienne	1
#FB61D7	6.789	1961	Ghana	73	Ghana	Afrique subsaharienne	1
#FB61D7	6.827	1962	Ghana	73	Ghana	Afrique subsaharienne	1
#FB61D7	6.862	1963	Ghana	73	Ghana	Afrique subsaharienne	1
#FB61D7	6.893	1964	Ghana	73	Ghana	Afrique subsaharienne	1
#FB61D7	6.918	1965	Ghana	73	Ghana	Afrique subsaharienne	1
#FB61D7	6.937	1966	Ghana	73	Ghana	Afrique subsaharienne	1
#FB61D7	6.95	1967	Ghana	73	Ghana	Afrique subsaharienne	1
#FB61D7	6.957	1968	Ghana	73	Ghana	Afrique subsaharienne	1
#FB61D7	6.957	1969	Ghana	73	Ghana	Afrique subsaharienne	1
#FB61D7	6.95	1970	Ghana	73	Ghana	Afrique subsaharienne	1
#FB61D7	6.936	1971	Ghana	73	Ghana	Afrique subsaharienne	1
#FB61D7	6.915	1972	Ghana	73	Ghana	Afrique subsaharienne	1
#FB61D7	6.888	1973	Ghana	73	Ghana	Afrique subsaharienne	1
#FB61D7	6.855	1974	Ghana	73	Ghana	Afrique subsaharienne	1
#FB61D7	6.815	1975	Ghana	73	Ghana	Afrique subsaharienne	1
#FB61D7	6.771	1976	Ghana	73	Ghana	Afrique subsaharienne	1
#FB61D7	6.721	1977	Ghana	73	Ghana	Afrique subsaharienne	1
#FB61D7	6.665	1978	Ghana	73	Ghana	Afrique subsaharienne	1
#FB61D7	6.605	1979	Ghana	73	Ghana	Afrique subsaharienne	1
#FB61D7	6.539	1980	Ghana	73	Ghana	Afrique subsaharienne	1
#FB61D7	6.468	1981	Ghana	73	Ghana	Afrique subsaharienne	1
#FB61D7	6.392	1982	Ghana	73	Ghana	Afrique subsaharienne	1
#FB61D7	6.31	1983	Ghana	73	Ghana	Afrique subsaharienne	1
#FB61D7	6.223	1984	Ghana	73	Ghana	Afrique subsaharienne	1
#FB61D7	6.131	1985	Ghana	73	Ghana	Afrique subsaharienne	1
#FB61D7	6.035	1986	Ghana	73	Ghana	Afrique subsaharienne	1
#FB61D7	5.935	1987	Ghana	73	Ghana	Afrique subsaharienne	1
#FB61D7	5.831	1988	Ghana	73	Ghana	Afrique subsaharienne	1
#FB61D7	5.725	1989	Ghana	73	Ghana	Afrique subsaharienne	1
#FB61D7	5.616	1990	Ghana	73	Ghana	Afrique subsaharienne	1
#FB61D7	5.505	1991	Ghana	73	Ghana	Afrique subsaharienne	1
#FB61D7	5.392	1992	Ghana	73	Ghana	Afrique subsaharienne	1
#FB61D7	5.278	1993	Ghana	73	Ghana	Afrique subsaharienne	1
#FB61D7	5.166	1994	Ghana	73	Ghana	Afrique subsaharienne	1
#FB61D7	5.058	1995	Ghana	73	Ghana	Afrique subsaharienne	1
#FB61D7	4.957	1996	Ghana	73	Ghana	Afrique subsaharienne	1
#FB61D7	4.866	1997	Ghana	73	Ghana	Afrique subsaharienne	1
#FB61D7	4.786	1998	Ghana	73	Ghana	Afrique subsaharienne	1
#FB61D7	4.716	1999	Ghana	73	Ghana	Afrique subsaharienne	1
#FB61D7	4.656	2000	Ghana	73	Ghana	Afrique subsaharienne	1
#FB61D7	4.607	2001	Ghana	73	Ghana	Afrique subsaharienne	1
#FB61D7	4.564	2002	Ghana	73	Ghana	Afrique subsaharienne	1
#FB61D7	4.525	2003	Ghana	73	Ghana	Afrique subsaharienne	1
#FB61D7	4.487	2004	Ghana	73	Ghana	Afrique subsaharienne	1
#FB61D7	4.447	2005	Ghana	73	Ghana	Afrique subsaharienne	1
#FB61D7	4.402	2006	Ghana	73	Ghana	Afrique subsaharienne	1
#FB61D7	4.352	2007	Ghana	73	Ghana	Afrique subsaharienne	1
#FB61D7	4.297	2008	Ghana	73	Ghana	Afrique subsaharienne	1
#FB61D7	4.236	2009	Ghana	73	Ghana	Afrique subsaharienne	1
#FB61D7	4.17	2010	Ghana	73	Ghana	Afrique subsaharienne	1
#FB61D7	4.1	2011	Ghana	73	Ghana	Afrique subsaharienne	1
#C49A00	2.53	1992	Groenland	76	Groenland	Europe et Asie centrale	1
#C49A00	2.683	1997	Groenland	76	Groenland	Europe et Asie centrale	1
#C49A00	2.39	1998	Groenland	76	Groenland	Europe et Asie centrale	1
#C49A00	2.34	1999	Groenland	76	Groenland	Europe et Asie centrale	1
#C49A00	2.308	2000	Groenland	76	Groenland	Europe et Asie centrale	1
#C49A00	2.451	2001	Groenland	76	Groenland	Europe et Asie centrale	1
#C49A00	2.489	2002	Groenland	76	Groenland	Europe et Asie centrale	1
#C49A00	2.3	2005	Groenland	76	Groenland	Europe et Asie centrale	1
#C49A00	2.23	2007	Groenland	76	Groenland	Europe et Asie centrale	1
#C49A00	2.247	2008	Groenland	76	Groenland	Europe et Asie centrale	1
#C49A00	2.2	2010	Groenland	76	Groenland	Europe et Asie centrale	1
#FB61D7	5.573	1960	Gambie	71	Gambie	Afrique subsaharienne	1
#FB61D7	5.621	1961	Gambie	71	Gambie	Afrique subsaharienne	1
#FB61D7	5.672	1962	Gambie	71	Gambie	Afrique subsaharienne	1
#FB61D7	5.723	1963	Gambie	71	Gambie	Afrique subsaharienne	1
#FB61D7	5.776	1964	Gambie	71	Gambie	Afrique subsaharienne	1
#FB61D7	5.83	1965	Gambie	71	Gambie	Afrique subsaharienne	1
#FB61D7	5.884	1966	Gambie	71	Gambie	Afrique subsaharienne	1
#FB61D7	5.938	1967	Gambie	71	Gambie	Afrique subsaharienne	1
#FB61D7	5.991	1968	Gambie	71	Gambie	Afrique subsaharienne	1
#FB61D7	6.043	1969	Gambie	71	Gambie	Afrique subsaharienne	1
#FB61D7	6.093	1970	Gambie	71	Gambie	Afrique subsaharienne	1
#FB61D7	6.141	1971	Gambie	71	Gambie	Afrique subsaharienne	1
#FB61D7	6.185	1972	Gambie	71	Gambie	Afrique subsaharienne	1
#FB61D7	6.226	1973	Gambie	71	Gambie	Afrique subsaharienne	1
#FB61D7	6.262	1974	Gambie	71	Gambie	Afrique subsaharienne	1
#FB61D7	6.293	1975	Gambie	71	Gambie	Afrique subsaharienne	1
#FB61D7	6.316	1976	Gambie	71	Gambie	Afrique subsaharienne	1
#FB61D7	6.333	1977	Gambie	71	Gambie	Afrique subsaharienne	1
#FB61D7	6.342	1978	Gambie	71	Gambie	Afrique subsaharienne	1
#FB61D7	6.343	1979	Gambie	71	Gambie	Afrique subsaharienne	1
#FB61D7	6.337	1980	Gambie	71	Gambie	Afrique subsaharienne	1
#FB61D7	6.324	1981	Gambie	71	Gambie	Afrique subsaharienne	1
#FB61D7	6.305	1982	Gambie	71	Gambie	Afrique subsaharienne	1
#FB61D7	6.28	1983	Gambie	71	Gambie	Afrique subsaharienne	1
#FB61D7	6.252	1984	Gambie	71	Gambie	Afrique subsaharienne	1
#FB61D7	6.223	1985	Gambie	71	Gambie	Afrique subsaharienne	1
#FB61D7	6.194	1986	Gambie	71	Gambie	Afrique subsaharienne	1
#FB61D7	6.166	1987	Gambie	71	Gambie	Afrique subsaharienne	1
#FB61D7	6.139	1988	Gambie	71	Gambie	Afrique subsaharienne	1
#FB61D7	6.114	1989	Gambie	71	Gambie	Afrique subsaharienne	1
#FB61D7	6.09	1990	Gambie	71	Gambie	Afrique subsaharienne	1
#FB61D7	6.066	1991	Gambie	71	Gambie	Afrique subsaharienne	1
#FB61D7	6.039	1992	Gambie	71	Gambie	Afrique subsaharienne	1
#FB61D7	6.009	1993	Gambie	71	Gambie	Afrique subsaharienne	1
#FB61D7	5.974	1994	Gambie	71	Gambie	Afrique subsaharienne	1
#FB61D7	5.933	1995	Gambie	71	Gambie	Afrique subsaharienne	1
#FB61D7	5.885	1996	Gambie	71	Gambie	Afrique subsaharienne	1
#FB61D7	5.831	1997	Gambie	71	Gambie	Afrique subsaharienne	1
#FB61D7	5.772	1998	Gambie	71	Gambie	Afrique subsaharienne	1
#FB61D7	5.708	1999	Gambie	71	Gambie	Afrique subsaharienne	1
#FB61D7	5.64	2000	Gambie	71	Gambie	Afrique subsaharienne	1
#FB61D7	5.57	2001	Gambie	71	Gambie	Afrique subsaharienne	1
#FB61D7	5.498	2002	Gambie	71	Gambie	Afrique subsaharienne	1
#FB61D7	5.426	2003	Gambie	71	Gambie	Afrique subsaharienne	1
#FB61D7	5.354	2004	Gambie	71	Gambie	Afrique subsaharienne	1
#FB61D7	5.281	2005	Gambie	71	Gambie	Afrique subsaharienne	1
#FB61D7	5.208	2006	Gambie	71	Gambie	Afrique subsaharienne	1
#FB61D7	5.133	2007	Gambie	71	Gambie	Afrique subsaharienne	1
#FB61D7	5.056	2008	Gambie	71	Gambie	Afrique subsaharienne	1
#FB61D7	4.977	2009	Gambie	71	Gambie	Afrique subsaharienne	1
#FB61D7	4.896	2010	Gambie	71	Gambie	Afrique subsaharienne	1
#FB61D7	4.814	2011	Gambie	71	Gambie	Afrique subsaharienne	1
#FB61D7	6.372	1960	Guinée	79	Guinée	Afrique subsaharienne	1
#FB61D7	6.429	1961	Guinée	79	Guinée	Afrique subsaharienne	1
#FB61D7	6.489	1962	Guinée	79	Guinée	Afrique subsaharienne	1
#FB61D7	6.551	1963	Guinée	79	Guinée	Afrique subsaharienne	1
#FB61D7	6.613	1964	Guinée	79	Guinée	Afrique subsaharienne	1
#FB61D7	6.673	1965	Guinée	79	Guinée	Afrique subsaharienne	1
#FB61D7	6.726	1966	Guinée	79	Guinée	Afrique subsaharienne	1
#FB61D7	6.77	1967	Guinée	79	Guinée	Afrique subsaharienne	1
#FB61D7	6.805	1968	Guinée	79	Guinée	Afrique subsaharienne	1
#FB61D7	6.829	1969	Guinée	79	Guinée	Afrique subsaharienne	1
#FB61D7	6.844	1970	Guinée	79	Guinée	Afrique subsaharienne	1
#FB61D7	6.852	1971	Guinée	79	Guinée	Afrique subsaharienne	1
#FB61D7	6.858	1972	Guinée	79	Guinée	Afrique subsaharienne	1
#FB61D7	6.865	1973	Guinée	79	Guinée	Afrique subsaharienne	1
#FB61D7	6.872	1974	Guinée	79	Guinée	Afrique subsaharienne	1
#FB61D7	6.882	1975	Guinée	79	Guinée	Afrique subsaharienne	1
#FB61D7	6.895	1976	Guinée	79	Guinée	Afrique subsaharienne	1
#FB61D7	6.908	1977	Guinée	79	Guinée	Afrique subsaharienne	1
#FB61D7	6.921	1978	Guinée	79	Guinée	Afrique subsaharienne	1
#FB61D7	6.932	1979	Guinée	79	Guinée	Afrique subsaharienne	1
#FB61D7	6.942	1980	Guinée	79	Guinée	Afrique subsaharienne	1
#FB61D7	6.948	1981	Guinée	79	Guinée	Afrique subsaharienne	1
#FB61D7	6.951	1982	Guinée	79	Guinée	Afrique subsaharienne	1
#FB61D7	6.949	1983	Guinée	79	Guinée	Afrique subsaharienne	1
#FB61D7	6.942	1984	Guinée	79	Guinée	Afrique subsaharienne	1
#FB61D7	6.929	1985	Guinée	79	Guinée	Afrique subsaharienne	1
#FB61D7	6.908	1986	Guinée	79	Guinée	Afrique subsaharienne	1
#FB61D7	6.879	1987	Guinée	79	Guinée	Afrique subsaharienne	1
#FB61D7	6.842	1988	Guinée	79	Guinée	Afrique subsaharienne	1
#FB61D7	6.797	1989	Guinée	79	Guinée	Afrique subsaharienne	1
#FB61D7	6.745	1990	Guinée	79	Guinée	Afrique subsaharienne	1
#FB61D7	6.685	1991	Guinée	79	Guinée	Afrique subsaharienne	1
#FB61D7	6.619	1992	Guinée	79	Guinée	Afrique subsaharienne	1
#FB61D7	6.547	1993	Guinée	79	Guinée	Afrique subsaharienne	1
#FB61D7	6.471	1994	Guinée	79	Guinée	Afrique subsaharienne	1
#FB61D7	6.393	1995	Guinée	79	Guinée	Afrique subsaharienne	1
#FB61D7	6.313	1996	Guinée	79	Guinée	Afrique subsaharienne	1
#FB61D7	6.232	1997	Guinée	79	Guinée	Afrique subsaharienne	1
#FB61D7	6.15	1998	Guinée	79	Guinée	Afrique subsaharienne	1
#FB61D7	6.07	1999	Guinée	79	Guinée	Afrique subsaharienne	1
#FB61D7	5.991	2000	Guinée	79	Guinée	Afrique subsaharienne	1
#FB61D7	5.915	2001	Guinée	79	Guinée	Afrique subsaharienne	1
#FB61D7	5.841	2002	Guinée	79	Guinée	Afrique subsaharienne	1
#FB61D7	5.769	2003	Guinée	79	Guinée	Afrique subsaharienne	1
#FB61D7	5.698	2004	Guinée	79	Guinée	Afrique subsaharienne	1
#FB61D7	5.628	2005	Guinée	79	Guinée	Afrique subsaharienne	1
#FB61D7	5.557	2006	Guinée	79	Guinée	Afrique subsaharienne	1
#FB61D7	5.483	2007	Guinée	79	Guinée	Afrique subsaharienne	1
#FB61D7	5.407	2008	Guinée	79	Guinée	Afrique subsaharienne	1
#FB61D7	5.327	2009	Guinée	79	Guinée	Afrique subsaharienne	1
#FB61D7	5.246	2010	Guinée	79	Guinée	Afrique subsaharienne	1
#FB61D7	5.162	2011	Guinée	79	Guinée	Afrique subsaharienne	1
#FB61D7	5.505	1960	Guinée équatoriale	80	Guinée équatoriale	Afrique subsaharienne	1
#FB61D7	5.515	1961	Guinée équatoriale	80	Guinée équatoriale	Afrique subsaharienne	1
#FB61D7	5.529	1962	Guinée équatoriale	80	Guinée équatoriale	Afrique subsaharienne	1
#FB61D7	5.548	1963	Guinée équatoriale	80	Guinée équatoriale	Afrique subsaharienne	1
#FB61D7	5.57	1964	Guinée équatoriale	80	Guinée équatoriale	Afrique subsaharienne	1
#FB61D7	5.595	1965	Guinée équatoriale	80	Guinée équatoriale	Afrique subsaharienne	1
#FB61D7	5.619	1966	Guinée équatoriale	80	Guinée équatoriale	Afrique subsaharienne	1
#FB61D7	5.64	1967	Guinée équatoriale	80	Guinée équatoriale	Afrique subsaharienne	1
#FB61D7	5.658	1968	Guinée équatoriale	80	Guinée équatoriale	Afrique subsaharienne	1
#FB61D7	5.671	1969	Guinée équatoriale	80	Guinée équatoriale	Afrique subsaharienne	1
#FB61D7	5.678	1970	Guinée équatoriale	80	Guinée équatoriale	Afrique subsaharienne	1
#FB61D7	5.681	1971	Guinée équatoriale	80	Guinée équatoriale	Afrique subsaharienne	1
#FB61D7	5.68	1972	Guinée équatoriale	80	Guinée équatoriale	Afrique subsaharienne	1
#FB61D7	5.677	1973	Guinée équatoriale	80	Guinée équatoriale	Afrique subsaharienne	1
#FB61D7	5.675	1974	Guinée équatoriale	80	Guinée équatoriale	Afrique subsaharienne	1
#FB61D7	5.674	1975	Guinée équatoriale	80	Guinée équatoriale	Afrique subsaharienne	1
#FB61D7	5.676	1976	Guinée équatoriale	80	Guinée équatoriale	Afrique subsaharienne	1
#FB61D7	5.682	1977	Guinée équatoriale	80	Guinée équatoriale	Afrique subsaharienne	1
#FB61D7	5.693	1978	Guinée équatoriale	80	Guinée équatoriale	Afrique subsaharienne	1
#FB61D7	5.708	1979	Guinée équatoriale	80	Guinée équatoriale	Afrique subsaharienne	1
#FB61D7	5.728	1980	Guinée équatoriale	80	Guinée équatoriale	Afrique subsaharienne	1
#FB61D7	5.751	1981	Guinée équatoriale	80	Guinée équatoriale	Afrique subsaharienne	1
#FB61D7	5.776	1982	Guinée équatoriale	80	Guinée équatoriale	Afrique subsaharienne	1
#FB61D7	5.802	1983	Guinée équatoriale	80	Guinée équatoriale	Afrique subsaharienne	1
#FB61D7	5.826	1984	Guinée équatoriale	80	Guinée équatoriale	Afrique subsaharienne	1
#FB61D7	5.848	1985	Guinée équatoriale	80	Guinée équatoriale	Afrique subsaharienne	1
#FB61D7	5.866	1986	Guinée équatoriale	80	Guinée équatoriale	Afrique subsaharienne	1
#FB61D7	5.881	1987	Guinée équatoriale	80	Guinée équatoriale	Afrique subsaharienne	1
#FB61D7	5.891	1988	Guinée équatoriale	80	Guinée équatoriale	Afrique subsaharienne	1
#FB61D7	5.897	1989	Guinée équatoriale	80	Guinée équatoriale	Afrique subsaharienne	1
#FB61D7	5.9	1990	Guinée équatoriale	80	Guinée équatoriale	Afrique subsaharienne	1
#FB61D7	5.901	1991	Guinée équatoriale	80	Guinée équatoriale	Afrique subsaharienne	1
#FB61D7	5.902	1992	Guinée équatoriale	80	Guinée équatoriale	Afrique subsaharienne	1
#FB61D7	5.902	1993	Guinée équatoriale	80	Guinée équatoriale	Afrique subsaharienne	1
#FB61D7	5.901	1994	Guinée équatoriale	80	Guinée équatoriale	Afrique subsaharienne	1
#FB61D7	5.897	1995	Guinée équatoriale	80	Guinée équatoriale	Afrique subsaharienne	1
#FB61D7	5.888	1996	Guinée équatoriale	80	Guinée équatoriale	Afrique subsaharienne	1
#FB61D7	5.872	1997	Guinée équatoriale	80	Guinée équatoriale	Afrique subsaharienne	1
#FB61D7	5.847	1998	Guinée équatoriale	80	Guinée équatoriale	Afrique subsaharienne	1
#FB61D7	5.814	1999	Guinée équatoriale	80	Guinée équatoriale	Afrique subsaharienne	1
#FB61D7	5.773	2000	Guinée équatoriale	80	Guinée équatoriale	Afrique subsaharienne	1
#FB61D7	5.726	2001	Guinée équatoriale	80	Guinée équatoriale	Afrique subsaharienne	1
#FB61D7	5.675	2002	Guinée équatoriale	80	Guinée équatoriale	Afrique subsaharienne	1
#FB61D7	5.622	2003	Guinée équatoriale	80	Guinée équatoriale	Afrique subsaharienne	1
#FB61D7	5.567	2004	Guinée équatoriale	80	Guinée équatoriale	Afrique subsaharienne	1
#FB61D7	5.511	2005	Guinée équatoriale	80	Guinée équatoriale	Afrique subsaharienne	1
#FB61D7	5.454	2006	Guinée équatoriale	80	Guinée équatoriale	Afrique subsaharienne	1
#FB61D7	5.393	2007	Guinée équatoriale	80	Guinée équatoriale	Afrique subsaharienne	1
#FB61D7	5.328	2008	Guinée équatoriale	80	Guinée équatoriale	Afrique subsaharienne	1
#FB61D7	5.259	2009	Guinée équatoriale	80	Guinée équatoriale	Afrique subsaharienne	1
#FB61D7	5.185	2010	Guinée équatoriale	80	Guinée équatoriale	Afrique subsaharienne	1
#FB61D7	5.106	2011	Guinée équatoriale	80	Guinée équatoriale	Afrique subsaharienne	1
#C49A00	2.277	1960	Grèce	74	Grèce	Europe et Asie centrale	1
#C49A00	2.189	1961	Grèce	74	Grèce	Europe et Asie centrale	1
#C49A00	2.234	1962	Grèce	74	Grèce	Europe et Asie centrale	1
#C49A00	2.215	1963	Grèce	74	Grèce	Europe et Asie centrale	1
#C49A00	2.312	1964	Grèce	74	Grèce	Europe et Asie centrale	1
#C49A00	2.297	1965	Grèce	74	Grèce	Europe et Asie centrale	1
#C49A00	2.376	1966	Grèce	74	Grèce	Europe et Asie centrale	1
#C49A00	2.549	1967	Grèce	74	Grèce	Europe et Asie centrale	1
#C49A00	2.559	1968	Grèce	74	Grèce	Europe et Asie centrale	1
#C49A00	2.48	1969	Grèce	74	Grèce	Europe et Asie centrale	1
#C49A00	2.337	1970	Grèce	74	Grèce	Europe et Asie centrale	1
#C49A00	2.295	1971	Grèce	74	Grèce	Europe et Asie centrale	1
#C49A00	2.315	1972	Grèce	74	Grèce	Europe et Asie centrale	1
#C49A00	2.28	1973	Grèce	74	Grèce	Europe et Asie centrale	1
#C49A00	2.39	1974	Grèce	74	Grèce	Europe et Asie centrale	1
#C49A00	2.365	1975	Grèce	74	Grèce	Europe et Asie centrale	1
#C49A00	2.385	1976	Grèce	74	Grèce	Europe et Asie centrale	1
#C49A00	2.266	1977	Grèce	74	Grèce	Europe et Asie centrale	1
#C49A00	2.274	1978	Grèce	74	Grèce	Europe et Asie centrale	1
#C49A00	2.261	1979	Grèce	74	Grèce	Europe et Asie centrale	1
#C49A00	2.226	1980	Grèce	74	Grèce	Europe et Asie centrale	1
#C49A00	2.091	1981	Grèce	74	Grèce	Europe et Asie centrale	1
#C49A00	2.024	1982	Grèce	74	Grèce	Europe et Asie centrale	1
#C49A00	1.94	1983	Grèce	74	Grèce	Europe et Asie centrale	1
#C49A00	1.823	1984	Grèce	74	Grèce	Europe et Asie centrale	1
#C49A00	1.677	1985	Grèce	74	Grèce	Europe et Asie centrale	1
#C49A00	1.615	1986	Grèce	74	Grèce	Europe et Asie centrale	1
#C49A00	1.5	1987	Grèce	74	Grèce	Europe et Asie centrale	1
#C49A00	1.5	1988	Grèce	74	Grèce	Europe et Asie centrale	1
#C49A00	1.41	1989	Grèce	74	Grèce	Europe et Asie centrale	1
#C49A00	1.4	1990	Grèce	74	Grèce	Europe et Asie centrale	1
#C49A00	1.38	1991	Grèce	74	Grèce	Europe et Asie centrale	1
#C49A00	1.38	1992	Grèce	74	Grèce	Europe et Asie centrale	1
#C49A00	1.34	1993	Grèce	74	Grèce	Europe et Asie centrale	1
#C49A00	1.36	1994	Grèce	74	Grèce	Europe et Asie centrale	1
#C49A00	1.32	1995	Grèce	74	Grèce	Europe et Asie centrale	1
#C49A00	1.3	1996	Grèce	74	Grèce	Europe et Asie centrale	1
#C49A00	1.31	1997	Grèce	74	Grèce	Europe et Asie centrale	1
#C49A00	1.26	1998	Grèce	74	Grèce	Europe et Asie centrale	1
#C49A00	1.24	1999	Grèce	74	Grèce	Europe et Asie centrale	1
#C49A00	1.26	2000	Grèce	74	Grèce	Europe et Asie centrale	1
#C49A00	1.25	2001	Grèce	74	Grèce	Europe et Asie centrale	1
#C49A00	1.27	2002	Grèce	74	Grèce	Europe et Asie centrale	1
#C49A00	1.28	2003	Grèce	74	Grèce	Europe et Asie centrale	1
#C49A00	1.3	2004	Grèce	74	Grèce	Europe et Asie centrale	1
#C49A00	1.33	2005	Grèce	74	Grèce	Europe et Asie centrale	1
#C49A00	1.4	2006	Grèce	74	Grèce	Europe et Asie centrale	1
#C49A00	1.41	2007	Grèce	74	Grèce	Europe et Asie centrale	1
#C49A00	1.51	2008	Grèce	74	Grèce	Europe et Asie centrale	1
#C49A00	1.52	2009	Grèce	74	Grèce	Europe et Asie centrale	1
#C49A00	1.51	2010	Grèce	74	Grèce	Europe et Asie centrale	1
#C49A00	1.43	2011	Grèce	74	Grèce	Europe et Asie centrale	1
#53B400	6.534	1960	Guatemala	78	Guatemala	Amérique latine et Caraïbes	1
#53B400	6.512	1961	Guatemala	78	Guatemala	Amérique latine et Caraïbes	1
#53B400	6.49	1962	Guatemala	78	Guatemala	Amérique latine et Caraïbes	1
#53B400	6.465	1963	Guatemala	78	Guatemala	Amérique latine et Caraïbes	1
#53B400	6.434	1964	Guatemala	78	Guatemala	Amérique latine et Caraïbes	1
#53B400	6.399	1965	Guatemala	78	Guatemala	Amérique latine et Caraïbes	1
#53B400	6.36	1966	Guatemala	78	Guatemala	Amérique latine et Caraïbes	1
#53B400	6.323	1967	Guatemala	78	Guatemala	Amérique latine et Caraïbes	1
#53B400	6.288	1968	Guatemala	78	Guatemala	Amérique latine et Caraïbes	1
#53B400	6.259	1969	Guatemala	78	Guatemala	Amérique latine et Caraïbes	1
#53B400	6.235	1970	Guatemala	78	Guatemala	Amérique latine et Caraïbes	1
#53B400	6.219	1971	Guatemala	78	Guatemala	Amérique latine et Caraïbes	1
#53B400	6.208	1972	Guatemala	78	Guatemala	Amérique latine et Caraïbes	1
#53B400	6.203	1973	Guatemala	78	Guatemala	Amérique latine et Caraïbes	1
#53B400	6.201	1974	Guatemala	78	Guatemala	Amérique latine et Caraïbes	1
#53B400	6.201	1975	Guatemala	78	Guatemala	Amérique latine et Caraïbes	1
#53B400	6.203	1976	Guatemala	78	Guatemala	Amérique latine et Caraïbes	1
#53B400	6.204	1977	Guatemala	78	Guatemala	Amérique latine et Caraïbes	1
#53B400	6.203	1978	Guatemala	78	Guatemala	Amérique latine et Caraïbes	1
#53B400	6.196	1979	Guatemala	78	Guatemala	Amérique latine et Caraïbes	1
#53B400	6.18	1980	Guatemala	78	Guatemala	Amérique latine et Caraïbes	1
#53B400	6.152	1981	Guatemala	78	Guatemala	Amérique latine et Caraïbes	1
#53B400	6.109	1982	Guatemala	78	Guatemala	Amérique latine et Caraïbes	1
#53B400	6.054	1983	Guatemala	78	Guatemala	Amérique latine et Caraïbes	1
#53B400	5.987	1984	Guatemala	78	Guatemala	Amérique latine et Caraïbes	1
#53B400	5.913	1985	Guatemala	78	Guatemala	Amérique latine et Caraïbes	1
#53B400	5.837	1986	Guatemala	78	Guatemala	Amérique latine et Caraïbes	1
#53B400	5.764	1987	Guatemala	78	Guatemala	Amérique latine et Caraïbes	1
#53B400	5.697	1988	Guatemala	78	Guatemala	Amérique latine et Caraïbes	1
#53B400	5.636	1989	Guatemala	78	Guatemala	Amérique latine et Caraïbes	1
#53B400	5.58	1990	Guatemala	78	Guatemala	Amérique latine et Caraïbes	1
#53B400	5.525	1991	Guatemala	78	Guatemala	Amérique latine et Caraïbes	1
#53B400	5.465	1992	Guatemala	78	Guatemala	Amérique latine et Caraïbes	1
#53B400	5.397	1993	Guatemala	78	Guatemala	Amérique latine et Caraïbes	1
#53B400	5.32	1994	Guatemala	78	Guatemala	Amérique latine et Caraïbes	1
#53B400	5.237	1995	Guatemala	78	Guatemala	Amérique latine et Caraïbes	1
#53B400	5.148	1996	Guatemala	78	Guatemala	Amérique latine et Caraïbes	1
#53B400	5.058	1997	Guatemala	78	Guatemala	Amérique latine et Caraïbes	1
#53B400	4.97	1998	Guatemala	78	Guatemala	Amérique latine et Caraïbes	1
#53B400	4.884	1999	Guatemala	78	Guatemala	Amérique latine et Caraïbes	1
#53B400	4.801	2000	Guatemala	78	Guatemala	Amérique latine et Caraïbes	1
#53B400	4.717	2001	Guatemala	78	Guatemala	Amérique latine et Caraïbes	1
#53B400	4.633	2002	Guatemala	78	Guatemala	Amérique latine et Caraïbes	1
#53B400	4.546	2003	Guatemala	78	Guatemala	Amérique latine et Caraïbes	1
#53B400	4.458	2004	Guatemala	78	Guatemala	Amérique latine et Caraïbes	1
#53B400	4.369	2005	Guatemala	78	Guatemala	Amérique latine et Caraïbes	1
#53B400	4.282	2006	Guatemala	78	Guatemala	Amérique latine et Caraïbes	1
#53B400	4.199	2007	Guatemala	78	Guatemala	Amérique latine et Caraïbes	1
#53B400	4.122	2008	Guatemala	78	Guatemala	Amérique latine et Caraïbes	1
#53B400	4.05	2009	Guatemala	78	Guatemala	Amérique latine et Caraïbes	1
#53B400	3.983	2010	Guatemala	78	Guatemala	Amérique latine et Caraïbes	1
#53B400	3.922	2011	Guatemala	78	Guatemala	Amérique latine et Caraïbes	1
#F8766D	6.052	1960	Guam	77	Guam	Asie de l'Est et Pacifique	1
#F8766D	6.048	1961	Guam	77	Guam	Asie de l'Est et Pacifique	1
#F8766D	5.984	1962	Guam	77	Guam	Asie de l'Est et Pacifique	1
#F8766D	5.857	1963	Guam	77	Guam	Asie de l'Est et Pacifique	1
#F8766D	5.67	1964	Guam	77	Guam	Asie de l'Est et Pacifique	1
#F8766D	5.439	1965	Guam	77	Guam	Asie de l'Est et Pacifique	1
#F8766D	5.187	1966	Guam	77	Guam	Asie de l'Est et Pacifique	1
#F8766D	4.939	1967	Guam	77	Guam	Asie de l'Est et Pacifique	1
#F8766D	4.716	1968	Guam	77	Guam	Asie de l'Est et Pacifique	1
#F8766D	4.526	1969	Guam	77	Guam	Asie de l'Est et Pacifique	1
#F8766D	4.372	1970	Guam	77	Guam	Asie de l'Est et Pacifique	1
#F8766D	4.248	1971	Guam	77	Guam	Asie de l'Est et Pacifique	1
#F8766D	4.137	1972	Guam	77	Guam	Asie de l'Est et Pacifique	1
#F8766D	4.028	1973	Guam	77	Guam	Asie de l'Est et Pacifique	1
#F8766D	3.917	1974	Guam	77	Guam	Asie de l'Est et Pacifique	1
#F8766D	3.801	1975	Guam	77	Guam	Asie de l'Est et Pacifique	1
#F8766D	3.681	1976	Guam	77	Guam	Asie de l'Est et Pacifique	1
#F8766D	3.561	1977	Guam	77	Guam	Asie de l'Est et Pacifique	1
#F8766D	3.447	1978	Guam	77	Guam	Asie de l'Est et Pacifique	1
#F8766D	3.34	1979	Guam	77	Guam	Asie de l'Est et Pacifique	1
#F8766D	3.247	1980	Guam	77	Guam	Asie de l'Est et Pacifique	1
#F8766D	3.173	1981	Guam	77	Guam	Asie de l'Est et Pacifique	1
#F8766D	3.12	1982	Guam	77	Guam	Asie de l'Est et Pacifique	1
#F8766D	3.088	1983	Guam	77	Guam	Asie de l'Est et Pacifique	1
#F8766D	3.076	1984	Guam	77	Guam	Asie de l'Est et Pacifique	1
#F8766D	3.079	1985	Guam	77	Guam	Asie de l'Est et Pacifique	1
#F8766D	3.092	1986	Guam	77	Guam	Asie de l'Est et Pacifique	1
#F8766D	3.108	1987	Guam	77	Guam	Asie de l'Est et Pacifique	1
#F8766D	3.122	1988	Guam	77	Guam	Asie de l'Est et Pacifique	1
#F8766D	3.13	1989	Guam	77	Guam	Asie de l'Est et Pacifique	1
#F8766D	3.131	1990	Guam	77	Guam	Asie de l'Est et Pacifique	1
#F8766D	3.124	1991	Guam	77	Guam	Asie de l'Est et Pacifique	1
#F8766D	3.114	1992	Guam	77	Guam	Asie de l'Est et Pacifique	1
#F8766D	3.101	1993	Guam	77	Guam	Asie de l'Est et Pacifique	1
#F8766D	3.086	1994	Guam	77	Guam	Asie de l'Est et Pacifique	1
#F8766D	3.067	1995	Guam	77	Guam	Asie de l'Est et Pacifique	1
#F8766D	3.042	1996	Guam	77	Guam	Asie de l'Est et Pacifique	1
#F8766D	3.01	1997	Guam	77	Guam	Asie de l'Est et Pacifique	1
#F8766D	2.972	1998	Guam	77	Guam	Asie de l'Est et Pacifique	1
#F8766D	2.927	1999	Guam	77	Guam	Asie de l'Est et Pacifique	1
#F8766D	2.878	2000	Guam	77	Guam	Asie de l'Est et Pacifique	1
#F8766D	2.825	2001	Guam	77	Guam	Asie de l'Est et Pacifique	1
#F8766D	2.772	2002	Guam	77	Guam	Asie de l'Est et Pacifique	1
#F8766D	2.721	2003	Guam	77	Guam	Asie de l'Est et Pacifique	1
#F8766D	2.673	2004	Guam	77	Guam	Asie de l'Est et Pacifique	1
#F8766D	2.63	2005	Guam	77	Guam	Asie de l'Est et Pacifique	1
#F8766D	2.591	2006	Guam	77	Guam	Asie de l'Est et Pacifique	1
#F8766D	2.556	2007	Guam	77	Guam	Asie de l'Est et Pacifique	1
#F8766D	2.524	2008	Guam	77	Guam	Asie de l'Est et Pacifique	1
#F8766D	2.496	2009	Guam	77	Guam	Asie de l'Est et Pacifique	1
#F8766D	2.47	2010	Guam	77	Guam	Asie de l'Est et Pacifique	1
#F8766D	2.446	2011	Guam	77	Guam	Asie de l'Est et Pacifique	1
#FB61D7	5.828	1960	Guinée-Bissau	81	Guinée-Bissau	Afrique subsaharienne	1
#FB61D7	5.771	1961	Guinée-Bissau	81	Guinée-Bissau	Afrique subsaharienne	1
#FB61D7	5.67	1962	Guinée-Bissau	81	Guinée-Bissau	Afrique subsaharienne	1
#FB61D7	5.515	1963	Guinée-Bissau	81	Guinée-Bissau	Afrique subsaharienne	1
#FB61D7	5.32	1964	Guinée-Bissau	81	Guinée-Bissau	Afrique subsaharienne	1
#FB61D7	5.139	1965	Guinée-Bissau	81	Guinée-Bissau	Afrique subsaharienne	1
#FB61D7	5.045	1966	Guinée-Bissau	81	Guinée-Bissau	Afrique subsaharienne	1
#FB61D7	5.091	1967	Guinée-Bissau	81	Guinée-Bissau	Afrique subsaharienne	1
#FB61D7	5.296	1968	Guinée-Bissau	81	Guinée-Bissau	Afrique subsaharienne	1
#FB61D7	5.643	1969	Guinée-Bissau	81	Guinée-Bissau	Afrique subsaharienne	1
#FB61D7	6.071	1970	Guinée-Bissau	81	Guinée-Bissau	Afrique subsaharienne	1
#FB61D7	6.489	1971	Guinée-Bissau	81	Guinée-Bissau	Afrique subsaharienne	1
#FB61D7	6.812	1972	Guinée-Bissau	81	Guinée-Bissau	Afrique subsaharienne	1
#FB61D7	6.984	1973	Guinée-Bissau	81	Guinée-Bissau	Afrique subsaharienne	1
#FB61D7	6.993	1974	Guinée-Bissau	81	Guinée-Bissau	Afrique subsaharienne	1
#FB61D7	6.866	1975	Guinée-Bissau	81	Guinée-Bissau	Afrique subsaharienne	1
#FB61D7	6.662	1976	Guinée-Bissau	81	Guinée-Bissau	Afrique subsaharienne	1
#FB61D7	6.463	1977	Guinée-Bissau	81	Guinée-Bissau	Afrique subsaharienne	1
#FB61D7	6.33	1978	Guinée-Bissau	81	Guinée-Bissau	Afrique subsaharienne	1
#FB61D7	6.283	1979	Guinée-Bissau	81	Guinée-Bissau	Afrique subsaharienne	1
#FB61D7	6.322	1980	Guinée-Bissau	81	Guinée-Bissau	Afrique subsaharienne	1
#FB61D7	6.423	1981	Guinée-Bissau	81	Guinée-Bissau	Afrique subsaharienne	1
#FB61D7	6.542	1982	Guinée-Bissau	81	Guinée-Bissau	Afrique subsaharienne	1
#FB61D7	6.642	1983	Guinée-Bissau	81	Guinée-Bissau	Afrique subsaharienne	1
#FB61D7	6.71	1984	Guinée-Bissau	81	Guinée-Bissau	Afrique subsaharienne	1
#FB61D7	6.743	1985	Guinée-Bissau	81	Guinée-Bissau	Afrique subsaharienne	1
#FB61D7	6.743	1986	Guinée-Bissau	81	Guinée-Bissau	Afrique subsaharienne	1
#FB61D7	6.728	1987	Guinée-Bissau	81	Guinée-Bissau	Afrique subsaharienne	1
#FB61D7	6.706	1988	Guinée-Bissau	81	Guinée-Bissau	Afrique subsaharienne	1
#FB61D7	6.68	1989	Guinée-Bissau	81	Guinée-Bissau	Afrique subsaharienne	1
#FB61D7	6.649	1990	Guinée-Bissau	81	Guinée-Bissau	Afrique subsaharienne	1
#FB61D7	6.608	1991	Guinée-Bissau	81	Guinée-Bissau	Afrique subsaharienne	1
#FB61D7	6.554	1992	Guinée-Bissau	81	Guinée-Bissau	Afrique subsaharienne	1
#FB61D7	6.486	1993	Guinée-Bissau	81	Guinée-Bissau	Afrique subsaharienne	1
#FB61D7	6.404	1994	Guinée-Bissau	81	Guinée-Bissau	Afrique subsaharienne	1
#FB61D7	6.312	1995	Guinée-Bissau	81	Guinée-Bissau	Afrique subsaharienne	1
#FB61D7	6.214	1996	Guinée-Bissau	81	Guinée-Bissau	Afrique subsaharienne	1
#FB61D7	6.115	1997	Guinée-Bissau	81	Guinée-Bissau	Afrique subsaharienne	1
#FB61D7	6.02	1998	Guinée-Bissau	81	Guinée-Bissau	Afrique subsaharienne	1
#FB61D7	5.93	1999	Guinée-Bissau	81	Guinée-Bissau	Afrique subsaharienne	1
#FB61D7	5.846	2000	Guinée-Bissau	81	Guinée-Bissau	Afrique subsaharienne	1
#FB61D7	5.768	2001	Guinée-Bissau	81	Guinée-Bissau	Afrique subsaharienne	1
#FB61D7	5.692	2002	Guinée-Bissau	81	Guinée-Bissau	Afrique subsaharienne	1
#FB61D7	5.616	2003	Guinée-Bissau	81	Guinée-Bissau	Afrique subsaharienne	1
#FB61D7	5.54	2004	Guinée-Bissau	81	Guinée-Bissau	Afrique subsaharienne	1
#FB61D7	5.462	2005	Guinée-Bissau	81	Guinée-Bissau	Afrique subsaharienne	1
#FB61D7	5.383	2006	Guinée-Bissau	81	Guinée-Bissau	Afrique subsaharienne	1
#FB61D7	5.303	2007	Guinée-Bissau	81	Guinée-Bissau	Afrique subsaharienne	1
#FB61D7	5.222	2008	Guinée-Bissau	81	Guinée-Bissau	Afrique subsaharienne	1
#FB61D7	5.142	2009	Guinée-Bissau	81	Guinée-Bissau	Afrique subsaharienne	1
#FB61D7	5.063	2010	Guinée-Bissau	81	Guinée-Bissau	Afrique subsaharienne	1
#FB61D7	4.988	2011	Guinée-Bissau	81	Guinée-Bissau	Afrique subsaharienne	1
#53B400	6.474	1960	Guyana	82	Guyana	Amérique latine et Caraïbes	1
#53B400	6.373	1961	Guyana	82	Guyana	Amérique latine et Caraïbes	1
#53B400	6.291	1962	Guyana	82	Guyana	Amérique latine et Caraïbes	1
#53B400	6.235	1963	Guyana	82	Guyana	Amérique latine et Caraïbes	1
#53B400	6.201	1964	Guyana	82	Guyana	Amérique latine et Caraïbes	1
#53B400	6.177	1965	Guyana	82	Guyana	Amérique latine et Caraïbes	1
#53B400	6.139	1966	Guyana	82	Guyana	Amérique latine et Caraïbes	1
#53B400	6.069	1967	Guyana	82	Guyana	Amérique latine et Caraïbes	1
#53B400	5.951	1968	Guyana	82	Guyana	Amérique latine et Caraïbes	1
#53B400	5.784	1969	Guyana	82	Guyana	Amérique latine et Caraïbes	1
#53B400	5.573	1970	Guyana	82	Guyana	Amérique latine et Caraïbes	1
#53B400	5.33	1971	Guyana	82	Guyana	Amérique latine et Caraïbes	1
#53B400	5.076	1972	Guyana	82	Guyana	Amérique latine et Caraïbes	1
#53B400	4.828	1973	Guyana	82	Guyana	Amérique latine et Caraïbes	1
#53B400	4.595	1974	Guyana	82	Guyana	Amérique latine et Caraïbes	1
#53B400	4.383	1975	Guyana	82	Guyana	Amérique latine et Caraïbes	1
#53B400	4.193	1976	Guyana	82	Guyana	Amérique latine et Caraïbes	1
#53B400	4.02	1977	Guyana	82	Guyana	Amérique latine et Caraïbes	1
#53B400	3.859	1978	Guyana	82	Guyana	Amérique latine et Caraïbes	1
#53B400	3.709	1979	Guyana	82	Guyana	Amérique latine et Caraïbes	1
#53B400	3.567	1980	Guyana	82	Guyana	Amérique latine et Caraïbes	1
#53B400	3.432	1981	Guyana	82	Guyana	Amérique latine et Caraïbes	1
#53B400	3.301	1982	Guyana	82	Guyana	Amérique latine et Caraïbes	1
#53B400	3.174	1983	Guyana	82	Guyana	Amérique latine et Caraïbes	1
#53B400	3.052	1984	Guyana	82	Guyana	Amérique latine et Caraïbes	1
#53B400	2.938	1985	Guyana	82	Guyana	Amérique latine et Caraïbes	1
#53B400	2.836	1986	Guyana	82	Guyana	Amérique latine et Caraïbes	1
#53B400	2.749	1987	Guyana	82	Guyana	Amérique latine et Caraïbes	1
#53B400	2.678	1988	Guyana	82	Guyana	Amérique latine et Caraïbes	1
#53B400	2.624	1989	Guyana	82	Guyana	Amérique latine et Caraïbes	1
#53B400	2.586	1990	Guyana	82	Guyana	Amérique latine et Caraïbes	1
#53B400	2.56	1991	Guyana	82	Guyana	Amérique latine et Caraïbes	1
#53B400	2.544	1992	Guyana	82	Guyana	Amérique latine et Caraïbes	1
#53B400	2.534	1993	Guyana	82	Guyana	Amérique latine et Caraïbes	1
#53B400	2.526	1994	Guyana	82	Guyana	Amérique latine et Caraïbes	1
#53B400	2.518	1995	Guyana	82	Guyana	Amérique latine et Caraïbes	1
#53B400	2.509	1996	Guyana	82	Guyana	Amérique latine et Caraïbes	1
#53B400	2.5	1997	Guyana	82	Guyana	Amérique latine et Caraïbes	1
#53B400	2.49	1998	Guyana	82	Guyana	Amérique latine et Caraïbes	1
#53B400	2.479	1999	Guyana	82	Guyana	Amérique latine et Caraïbes	1
#53B400	2.466	2000	Guyana	82	Guyana	Amérique latine et Caraïbes	1
#53B400	2.451	2001	Guyana	82	Guyana	Amérique latine et Caraïbes	1
#53B400	2.435	2002	Guyana	82	Guyana	Amérique latine et Caraïbes	1
#53B400	2.419	2003	Guyana	82	Guyana	Amérique latine et Caraïbes	1
#53B400	2.401	2004	Guyana	82	Guyana	Amérique latine et Caraïbes	1
#53B400	2.382	2005	Guyana	82	Guyana	Amérique latine et Caraïbes	1
#53B400	2.362	2006	Guyana	82	Guyana	Amérique latine et Caraïbes	1
#53B400	2.34	2007	Guyana	82	Guyana	Amérique latine et Caraïbes	1
#53B400	2.315	2008	Guyana	82	Guyana	Amérique latine et Caraïbes	1
#53B400	2.289	2009	Guyana	82	Guyana	Amérique latine et Caraïbes	1
#53B400	2.262	2010	Guyana	82	Guyana	Amérique latine et Caraïbes	1
#53B400	2.234	2011	Guyana	82	Guyana	Amérique latine et Caraïbes	1
#F8766D	5.162	1960	Chine, RAS de Hong Kong	39	Chine, RAS de Hong Kong	Asie de l'Est et Pacifique	1
#F8766D	5.213	1961	Chine, RAS de Hong Kong	39	Chine, RAS de Hong Kong	Asie de l'Est et Pacifique	1
#F8766D	5.18	1962	Chine, RAS de Hong Kong	39	Chine, RAS de Hong Kong	Asie de l'Est et Pacifique	1
#F8766D	5.051	1963	Chine, RAS de Hong Kong	39	Chine, RAS de Hong Kong	Asie de l'Est et Pacifique	1
#F8766D	4.833	1964	Chine, RAS de Hong Kong	39	Chine, RAS de Hong Kong	Asie de l'Est et Pacifique	1
#F8766D	4.551	1965	Chine, RAS de Hong Kong	39	Chine, RAS de Hong Kong	Asie de l'Est et Pacifique	1
#F8766D	4.246	1966	Chine, RAS de Hong Kong	39	Chine, RAS de Hong Kong	Asie de l'Est et Pacifique	1
#F8766D	3.959	1967	Chine, RAS de Hong Kong	39	Chine, RAS de Hong Kong	Asie de l'Est et Pacifique	1
#F8766D	3.722	1968	Chine, RAS de Hong Kong	39	Chine, RAS de Hong Kong	Asie de l'Est et Pacifique	1
#F8766D	3.545	1969	Chine, RAS de Hong Kong	39	Chine, RAS de Hong Kong	Asie de l'Est et Pacifique	1
#F8766D	3.421	1970	Chine, RAS de Hong Kong	39	Chine, RAS de Hong Kong	Asie de l'Est et Pacifique	1
#F8766D	3.459	1971	Chine, RAS de Hong Kong	39	Chine, RAS de Hong Kong	Asie de l'Est et Pacifique	1
#F8766D	3.315	1972	Chine, RAS de Hong Kong	39	Chine, RAS de Hong Kong	Asie de l'Est et Pacifique	1
#F8766D	3.177	1973	Chine, RAS de Hong Kong	39	Chine, RAS de Hong Kong	Asie de l'Est et Pacifique	1
#F8766D	2.967	1974	Chine, RAS de Hong Kong	39	Chine, RAS de Hong Kong	Asie de l'Est et Pacifique	1
#F8766D	2.666	1975	Chine, RAS de Hong Kong	39	Chine, RAS de Hong Kong	Asie de l'Est et Pacifique	1
#F8766D	2.48	1976	Chine, RAS de Hong Kong	39	Chine, RAS de Hong Kong	Asie de l'Est et Pacifique	1
#F8766D	2.376	1977	Chine, RAS de Hong Kong	39	Chine, RAS de Hong Kong	Asie de l'Est et Pacifique	1
#F8766D	2.272	1978	Chine, RAS de Hong Kong	39	Chine, RAS de Hong Kong	Asie de l'Est et Pacifique	1
#F8766D	2.12	1979	Chine, RAS de Hong Kong	39	Chine, RAS de Hong Kong	Asie de l'Est et Pacifique	1
#F8766D	2.047	1980	Chine, RAS de Hong Kong	39	Chine, RAS de Hong Kong	Asie de l'Est et Pacifique	1
#F8766D	1.933	1981	Chine, RAS de Hong Kong	39	Chine, RAS de Hong Kong	Asie de l'Est et Pacifique	1
#F8766D	1.86	1982	Chine, RAS de Hong Kong	39	Chine, RAS de Hong Kong	Asie de l'Est et Pacifique	1
#F8766D	1.722	1983	Chine, RAS de Hong Kong	39	Chine, RAS de Hong Kong	Asie de l'Est et Pacifique	1
#F8766D	1.559	1984	Chine, RAS de Hong Kong	39	Chine, RAS de Hong Kong	Asie de l'Est et Pacifique	1
#F8766D	1.491	1985	Chine, RAS de Hong Kong	39	Chine, RAS de Hong Kong	Asie de l'Est et Pacifique	1
#F8766D	1.367	1986	Chine, RAS de Hong Kong	39	Chine, RAS de Hong Kong	Asie de l'Est et Pacifique	1
#F8766D	1.311	1987	Chine, RAS de Hong Kong	39	Chine, RAS de Hong Kong	Asie de l'Est et Pacifique	1
#F8766D	1.4	1988	Chine, RAS de Hong Kong	39	Chine, RAS de Hong Kong	Asie de l'Est et Pacifique	1
#F8766D	1.296	1989	Chine, RAS de Hong Kong	39	Chine, RAS de Hong Kong	Asie de l'Est et Pacifique	1
#F8766D	1.272	1990	Chine, RAS de Hong Kong	39	Chine, RAS de Hong Kong	Asie de l'Est et Pacifique	1
#F8766D	1.281	1991	Chine, RAS de Hong Kong	39	Chine, RAS de Hong Kong	Asie de l'Est et Pacifique	1
#F8766D	1.347	1992	Chine, RAS de Hong Kong	39	Chine, RAS de Hong Kong	Asie de l'Est et Pacifique	1
#F8766D	1.342	1993	Chine, RAS de Hong Kong	39	Chine, RAS de Hong Kong	Asie de l'Est et Pacifique	1
#F8766D	1.355	1994	Chine, RAS de Hong Kong	39	Chine, RAS de Hong Kong	Asie de l'Est et Pacifique	1
#F8766D	1.295	1995	Chine, RAS de Hong Kong	39	Chine, RAS de Hong Kong	Asie de l'Est et Pacifique	1
#F8766D	1.191	1996	Chine, RAS de Hong Kong	39	Chine, RAS de Hong Kong	Asie de l'Est et Pacifique	1
#F8766D	1.127	1997	Chine, RAS de Hong Kong	39	Chine, RAS de Hong Kong	Asie de l'Est et Pacifique	1
#F8766D	1.017	1998	Chine, RAS de Hong Kong	39	Chine, RAS de Hong Kong	Asie de l'Est et Pacifique	1
#F8766D	0.982	1999	Chine, RAS de Hong Kong	39	Chine, RAS de Hong Kong	Asie de l'Est et Pacifique	1
#F8766D	1.035	2000	Chine, RAS de Hong Kong	39	Chine, RAS de Hong Kong	Asie de l'Est et Pacifique	1
#F8766D	0.932	2001	Chine, RAS de Hong Kong	39	Chine, RAS de Hong Kong	Asie de l'Est et Pacifique	1
#F8766D	0.939	2002	Chine, RAS de Hong Kong	39	Chine, RAS de Hong Kong	Asie de l'Est et Pacifique	1
#F8766D	0.901	2003	Chine, RAS de Hong Kong	39	Chine, RAS de Hong Kong	Asie de l'Est et Pacifique	1
#F8766D	0.927	2004	Chine, RAS de Hong Kong	39	Chine, RAS de Hong Kong	Asie de l'Est et Pacifique	1
#F8766D	0.966	2005	Chine, RAS de Hong Kong	39	Chine, RAS de Hong Kong	Asie de l'Est et Pacifique	1
#F8766D	0.984	2006	Chine, RAS de Hong Kong	39	Chine, RAS de Hong Kong	Asie de l'Est et Pacifique	1
#F8766D	1.028	2007	Chine, RAS de Hong Kong	39	Chine, RAS de Hong Kong	Asie de l'Est et Pacifique	1
#F8766D	1.064	2008	Chine, RAS de Hong Kong	39	Chine, RAS de Hong Kong	Asie de l'Est et Pacifique	1
#F8766D	1.055	2009	Chine, RAS de Hong Kong	39	Chine, RAS de Hong Kong	Asie de l'Est et Pacifique	1
#F8766D	1.127	2010	Chine, RAS de Hong Kong	39	Chine, RAS de Hong Kong	Asie de l'Est et Pacifique	1
#F8766D	1.204	2011	Chine, RAS de Hong Kong	39	Chine, RAS de Hong Kong	Asie de l'Est et Pacifique	1
#53B400	7.458	1960	Honduras	84	Honduras	Amérique latine et Caraïbes	1
#53B400	7.448	1961	Honduras	84	Honduras	Amérique latine et Caraïbes	1
#53B400	7.443	1962	Honduras	84	Honduras	Amérique latine et Caraïbes	1
#53B400	7.441	1963	Honduras	84	Honduras	Amérique latine et Caraïbes	1
#53B400	7.443	1964	Honduras	84	Honduras	Amérique latine et Caraïbes	1
#53B400	7.442	1965	Honduras	84	Honduras	Amérique latine et Caraïbes	1
#53B400	7.435	1966	Honduras	84	Honduras	Amérique latine et Caraïbes	1
#53B400	7.417	1967	Honduras	84	Honduras	Amérique latine et Caraïbes	1
#53B400	7.383	1968	Honduras	84	Honduras	Amérique latine et Caraïbes	1
#53B400	7.334	1969	Honduras	84	Honduras	Amérique latine et Caraïbes	1
#53B400	7.27	1970	Honduras	84	Honduras	Amérique latine et Caraïbes	1
#53B400	7.195	1971	Honduras	84	Honduras	Amérique latine et Caraïbes	1
#53B400	7.111	1972	Honduras	84	Honduras	Amérique latine et Caraïbes	1
#53B400	7.025	1973	Honduras	84	Honduras	Amérique latine et Caraïbes	1
#53B400	6.935	1974	Honduras	84	Honduras	Amérique latine et Caraïbes	1
#53B400	6.844	1975	Honduras	84	Honduras	Amérique latine et Caraïbes	1
#53B400	6.749	1976	Honduras	84	Honduras	Amérique latine et Caraïbes	1
#53B400	6.649	1977	Honduras	84	Honduras	Amérique latine et Caraïbes	1
#53B400	6.543	1978	Honduras	84	Honduras	Amérique latine et Caraïbes	1
#53B400	6.431	1979	Honduras	84	Honduras	Amérique latine et Caraïbes	1
#53B400	6.313	1980	Honduras	84	Honduras	Amérique latine et Caraïbes	1
#53B400	6.19	1981	Honduras	84	Honduras	Amérique latine et Caraïbes	1
#53B400	6.062	1982	Honduras	84	Honduras	Amérique latine et Caraïbes	1
#53B400	5.932	1983	Honduras	84	Honduras	Amérique latine et Caraïbes	1
#53B400	5.802	1984	Honduras	84	Honduras	Amérique latine et Caraïbes	1
#53B400	5.675	1985	Honduras	84	Honduras	Amérique latine et Caraïbes	1
#53B400	5.554	1986	Honduras	84	Honduras	Amérique latine et Caraïbes	1
#53B400	5.441	1987	Honduras	84	Honduras	Amérique latine et Caraïbes	1
#53B400	5.335	1988	Honduras	84	Honduras	Amérique latine et Caraïbes	1
#53B400	5.236	1989	Honduras	84	Honduras	Amérique latine et Caraïbes	1
#53B400	5.142	1990	Honduras	84	Honduras	Amérique latine et Caraïbes	1
#53B400	5.048	1991	Honduras	84	Honduras	Amérique latine et Caraïbes	1
#53B400	4.95	1992	Honduras	84	Honduras	Amérique latine et Caraïbes	1
#53B400	4.846	1993	Honduras	84	Honduras	Amérique latine et Caraïbes	1
#53B400	4.735	1994	Honduras	84	Honduras	Amérique latine et Caraïbes	1
#53B400	4.617	1995	Honduras	84	Honduras	Amérique latine et Caraïbes	1
#53B400	4.493	1996	Honduras	84	Honduras	Amérique latine et Caraïbes	1
#53B400	4.366	1997	Honduras	84	Honduras	Amérique latine et Caraïbes	1
#53B400	4.239	1998	Honduras	84	Honduras	Amérique latine et Caraïbes	1
#53B400	4.116	1999	Honduras	84	Honduras	Amérique latine et Caraïbes	1
#53B400	3.997	2000	Honduras	84	Honduras	Amérique latine et Caraïbes	1
#53B400	3.883	2001	Honduras	84	Honduras	Amérique latine et Caraïbes	1
#53B400	3.776	2002	Honduras	84	Honduras	Amérique latine et Caraïbes	1
#53B400	3.676	2003	Honduras	84	Honduras	Amérique latine et Caraïbes	1
#53B400	3.582	2004	Honduras	84	Honduras	Amérique latine et Caraïbes	1
#53B400	3.495	2005	Honduras	84	Honduras	Amérique latine et Caraïbes	1
#53B400	3.414	2006	Honduras	84	Honduras	Amérique latine et Caraïbes	1
#53B400	3.339	2007	Honduras	84	Honduras	Amérique latine et Caraïbes	1
#53B400	3.269	2008	Honduras	84	Honduras	Amérique latine et Caraïbes	1
#53B400	3.202	2009	Honduras	84	Honduras	Amérique latine et Caraïbes	1
#53B400	3.139	2010	Honduras	84	Honduras	Amérique latine et Caraïbes	1
#53B400	3.078	2011	Honduras	84	Honduras	Amérique latine et Caraïbes	1
#C49A00	2.332	1960	Croatie	50	Croatie	Europe et Asie centrale	1
#C49A00	2.302	1961	Croatie	50	Croatie	Europe et Asie centrale	1
#C49A00	2.273	1962	Croatie	50	Croatie	Europe et Asie centrale	1
#C49A00	2.243	1963	Croatie	50	Croatie	Europe et Asie centrale	1
#C49A00	2.211	1964	Croatie	50	Croatie	Europe et Asie centrale	1
#C49A00	2.177	1965	Croatie	50	Croatie	Europe et Asie centrale	1
#C49A00	2.141	1966	Croatie	50	Croatie	Europe et Asie centrale	1
#C49A00	2.104	1967	Croatie	50	Croatie	Europe et Asie centrale	1
#C49A00	2.068	1968	Croatie	50	Croatie	Europe et Asie centrale	1
#C49A00	2.035	1969	Croatie	50	Croatie	Europe et Asie centrale	1
#C49A00	2.007	1970	Croatie	50	Croatie	Europe et Asie centrale	1
#C49A00	1.987	1971	Croatie	50	Croatie	Europe et Asie centrale	1
#C49A00	1.975	1972	Croatie	50	Croatie	Europe et Asie centrale	1
#C49A00	1.972	1973	Croatie	50	Croatie	Europe et Asie centrale	1
#C49A00	1.976	1974	Croatie	50	Croatie	Europe et Asie centrale	1
#C49A00	1.985	1975	Croatie	50	Croatie	Europe et Asie centrale	1
#C49A00	1.996	1976	Croatie	50	Croatie	Europe et Asie centrale	1
#C49A00	2.005	1977	Croatie	50	Croatie	Europe et Asie centrale	1
#C49A00	2.01	1978	Croatie	50	Croatie	Europe et Asie centrale	1
#C49A00	2.01	1979	Croatie	50	Croatie	Europe et Asie centrale	1
#C49A00	2.004	1980	Croatie	50	Croatie	Europe et Asie centrale	1
#C49A00	1.993	1981	Croatie	50	Croatie	Europe et Asie centrale	1
#C49A00	1.9	1982	Croatie	50	Croatie	Europe et Asie centrale	1
#C49A00	1.88	1983	Croatie	50	Croatie	Europe et Asie centrale	1
#C49A00	1.87	1984	Croatie	50	Croatie	Europe et Asie centrale	1
#C49A00	1.82	1985	Croatie	50	Croatie	Europe et Asie centrale	1
#C49A00	1.76	1986	Croatie	50	Croatie	Europe et Asie centrale	1
#C49A00	1.64	1987	Croatie	50	Croatie	Europe et Asie centrale	1
#C49A00	1.79	1988	Croatie	50	Croatie	Europe et Asie centrale	1
#C49A00	1.63	1989	Croatie	50	Croatie	Europe et Asie centrale	1
#C49A00	1.63	1990	Croatie	50	Croatie	Europe et Asie centrale	1
#C49A00	1.53	1991	Croatie	50	Croatie	Europe et Asie centrale	1
#C49A00	1.48	1992	Croatie	50	Croatie	Europe et Asie centrale	1
#C49A00	1.52	1993	Croatie	50	Croatie	Europe et Asie centrale	1
#C49A00	1.47	1994	Croatie	50	Croatie	Europe et Asie centrale	1
#C49A00	1.58	1995	Croatie	50	Croatie	Europe et Asie centrale	1
#C49A00	1.67	1996	Croatie	50	Croatie	Europe et Asie centrale	1
#C49A00	1.69	1997	Croatie	50	Croatie	Europe et Asie centrale	1
#C49A00	1.45	1998	Croatie	50	Croatie	Europe et Asie centrale	1
#C49A00	1.38	1999	Croatie	50	Croatie	Europe et Asie centrale	1
#C49A00	1.39	2000	Croatie	50	Croatie	Europe et Asie centrale	1
#C49A00	1.38	2001	Croatie	50	Croatie	Europe et Asie centrale	1
#C49A00	1.34	2002	Croatie	50	Croatie	Europe et Asie centrale	1
#C49A00	1.33	2003	Croatie	50	Croatie	Europe et Asie centrale	1
#C49A00	1.35	2004	Croatie	50	Croatie	Europe et Asie centrale	1
#C49A00	1.41	2005	Croatie	50	Croatie	Europe et Asie centrale	1
#C49A00	1.38	2006	Croatie	50	Croatie	Europe et Asie centrale	1
#C49A00	1.4	2007	Croatie	50	Croatie	Europe et Asie centrale	1
#C49A00	1.47	2008	Croatie	50	Croatie	Europe et Asie centrale	1
#C49A00	1.5	2009	Croatie	50	Croatie	Europe et Asie centrale	1
#C49A00	1.46	2010	Croatie	50	Croatie	Europe et Asie centrale	1
#C49A00	1.46	2011	Croatie	50	Croatie	Europe et Asie centrale	1
#53B400	6.324	1960	Haïti	83	Haïti	Amérique latine et Caraïbes	1
#53B400	6.318	1961	Haïti	83	Haïti	Amérique latine et Caraïbes	1
#53B400	6.302	1962	Haïti	83	Haïti	Amérique latine et Caraïbes	1
#53B400	6.274	1963	Haïti	83	Haïti	Amérique latine et Caraïbes	1
#53B400	6.233	1964	Haïti	83	Haïti	Amérique latine et Caraïbes	1
#53B400	6.179	1965	Haïti	83	Haïti	Amérique latine et Caraïbes	1
#53B400	6.109	1966	Haïti	83	Haïti	Amérique latine et Caraïbes	1
#53B400	6.026	1967	Haïti	83	Haïti	Amérique latine et Caraïbes	1
#53B400	5.937	1968	Haïti	83	Haïti	Amérique latine et Caraïbes	1
#53B400	5.847	1969	Haïti	83	Haïti	Amérique latine et Caraïbes	1
#53B400	5.762	1970	Haïti	83	Haïti	Amérique latine et Caraïbes	1
#53B400	5.693	1971	Haïti	83	Haïti	Amérique latine et Caraïbes	1
#53B400	5.643	1972	Haïti	83	Haïti	Amérique latine et Caraïbes	1
#53B400	5.616	1973	Haïti	83	Haïti	Amérique latine et Caraïbes	1
#53B400	5.615	1974	Haïti	83	Haïti	Amérique latine et Caraïbes	1
#53B400	5.642	1975	Haïti	83	Haïti	Amérique latine et Caraïbes	1
#53B400	5.699	1976	Haïti	83	Haïti	Amérique latine et Caraïbes	1
#53B400	5.779	1977	Haïti	83	Haïti	Amérique latine et Caraïbes	1
#53B400	5.872	1978	Haïti	83	Haïti	Amérique latine et Caraïbes	1
#53B400	5.97	1979	Haïti	83	Haïti	Amérique latine et Caraïbes	1
#53B400	6.058	1980	Haïti	83	Haïti	Amérique latine et Caraïbes	1
#53B400	6.122	1981	Haïti	83	Haïti	Amérique latine et Caraïbes	1
#53B400	6.154	1982	Haïti	83	Haïti	Amérique latine et Caraïbes	1
#53B400	6.149	1983	Haïti	83	Haïti	Amérique latine et Caraïbes	1
#53B400	6.106	1984	Haïti	83	Haïti	Amérique latine et Caraïbes	1
#53B400	6.028	1985	Haïti	83	Haïti	Amérique latine et Caraïbes	1
#53B400	5.921	1986	Haïti	83	Haïti	Amérique latine et Caraïbes	1
#53B400	5.799	1987	Haïti	83	Haïti	Amérique latine et Caraïbes	1
#53B400	5.673	1988	Haïti	83	Haïti	Amérique latine et Caraïbes	1
#53B400	5.549	1989	Haïti	83	Haïti	Amérique latine et Caraïbes	1
#53B400	5.43	1990	Haïti	83	Haïti	Amérique latine et Caraïbes	1
#53B400	5.318	1991	Haïti	83	Haïti	Amérique latine et Caraïbes	1
#53B400	5.21	1992	Haïti	83	Haïti	Amérique latine et Caraïbes	1
#53B400	5.103	1993	Haïti	83	Haïti	Amérique latine et Caraïbes	1
#53B400	4.997	1994	Haïti	83	Haïti	Amérique latine et Caraïbes	1
#53B400	4.889	1995	Haïti	83	Haïti	Amérique latine et Caraïbes	1
#53B400	4.779	1996	Haïti	83	Haïti	Amérique latine et Caraïbes	1
#53B400	4.665	1997	Haïti	83	Haïti	Amérique latine et Caraïbes	1
#53B400	4.547	1998	Haïti	83	Haïti	Amérique latine et Caraïbes	1
#53B400	4.426	1999	Haïti	83	Haïti	Amérique latine et Caraïbes	1
#53B400	4.303	2000	Haïti	83	Haïti	Amérique latine et Caraïbes	1
#53B400	4.182	2001	Haïti	83	Haïti	Amérique latine et Caraïbes	1
#53B400	4.065	2002	Haïti	83	Haïti	Amérique latine et Caraïbes	1
#53B400	3.955	2003	Haïti	83	Haïti	Amérique latine et Caraïbes	1
#53B400	3.851	2004	Haïti	83	Haïti	Amérique latine et Caraïbes	1
#53B400	3.755	2005	Haïti	83	Haïti	Amérique latine et Caraïbes	1
#53B400	3.665	2006	Haïti	83	Haïti	Amérique latine et Caraïbes	1
#53B400	3.58	2007	Haïti	83	Haïti	Amérique latine et Caraïbes	1
#53B400	3.497	2008	Haïti	83	Haïti	Amérique latine et Caraïbes	1
#53B400	3.418	2009	Haïti	83	Haïti	Amérique latine et Caraïbes	1
#53B400	3.34	2010	Haïti	83	Haïti	Amérique latine et Caraïbes	1
#53B400	3.264	2011	Haïti	83	Haïti	Amérique latine et Caraïbes	1
#C49A00	2.019	1960	Hongrie	85	Hongrie	Europe et Asie centrale	1
#C49A00	1.941	1961	Hongrie	85	Hongrie	Europe et Asie centrale	1
#C49A00	1.79	1962	Hongrie	85	Hongrie	Europe et Asie centrale	1
#C49A00	1.81	1963	Hongrie	85	Hongrie	Europe et Asie centrale	1
#C49A00	1.82	1964	Hongrie	85	Hongrie	Europe et Asie centrale	1
#C49A00	1.82	1965	Hongrie	85	Hongrie	Europe et Asie centrale	1
#C49A00	1.89	1966	Hongrie	85	Hongrie	Europe et Asie centrale	1
#C49A00	2.01	1967	Hongrie	85	Hongrie	Europe et Asie centrale	1
#C49A00	2.06	1968	Hongrie	85	Hongrie	Europe et Asie centrale	1
#C49A00	2.029	1969	Hongrie	85	Hongrie	Europe et Asie centrale	1
#C49A00	1.97	1970	Hongrie	85	Hongrie	Europe et Asie centrale	1
#C49A00	1.915	1971	Hongrie	85	Hongrie	Europe et Asie centrale	1
#C49A00	1.931	1972	Hongrie	85	Hongrie	Europe et Asie centrale	1
#C49A00	1.93	1973	Hongrie	85	Hongrie	Europe et Asie centrale	1
#C49A00	2.27	1974	Hongrie	85	Hongrie	Europe et Asie centrale	1
#C49A00	2.35	1975	Hongrie	85	Hongrie	Europe et Asie centrale	1
#C49A00	2.23	1976	Hongrie	85	Hongrie	Europe et Asie centrale	1
#C49A00	2.15	1977	Hongrie	85	Hongrie	Europe et Asie centrale	1
#C49A00	2.07	1978	Hongrie	85	Hongrie	Europe et Asie centrale	1
#C49A00	2.01	1979	Hongrie	85	Hongrie	Europe et Asie centrale	1
#C49A00	1.91	1980	Hongrie	85	Hongrie	Europe et Asie centrale	1
#C49A00	1.877	1981	Hongrie	85	Hongrie	Europe et Asie centrale	1
#C49A00	1.92	1982	Hongrie	85	Hongrie	Europe et Asie centrale	1
#C49A00	1.73	1983	Hongrie	85	Hongrie	Europe et Asie centrale	1
#C49A00	1.73	1984	Hongrie	85	Hongrie	Europe et Asie centrale	1
#C49A00	1.83	1985	Hongrie	85	Hongrie	Europe et Asie centrale	1
#C49A00	1.83	1986	Hongrie	85	Hongrie	Europe et Asie centrale	1
#C49A00	1.81	1987	Hongrie	85	Hongrie	Europe et Asie centrale	1
#C49A00	1.79	1988	Hongrie	85	Hongrie	Europe et Asie centrale	1
#C49A00	1.78	1989	Hongrie	85	Hongrie	Europe et Asie centrale	1
#C49A00	1.84	1990	Hongrie	85	Hongrie	Europe et Asie centrale	1
#C49A00	1.86	1991	Hongrie	85	Hongrie	Europe et Asie centrale	1
#C49A00	1.77	1992	Hongrie	85	Hongrie	Europe et Asie centrale	1
#C49A00	1.69	1993	Hongrie	85	Hongrie	Europe et Asie centrale	1
#C49A00	1.64	1994	Hongrie	85	Hongrie	Europe et Asie centrale	1
#C49A00	1.57	1995	Hongrie	85	Hongrie	Europe et Asie centrale	1
#C49A00	1.46	1996	Hongrie	85	Hongrie	Europe et Asie centrale	1
#C49A00	1.38	1997	Hongrie	85	Hongrie	Europe et Asie centrale	1
#C49A00	1.32	1998	Hongrie	85	Hongrie	Europe et Asie centrale	1
#C49A00	1.28	1999	Hongrie	85	Hongrie	Europe et Asie centrale	1
#C49A00	1.32	2000	Hongrie	85	Hongrie	Europe et Asie centrale	1
#C49A00	1.31	2001	Hongrie	85	Hongrie	Europe et Asie centrale	1
#C49A00	1.3	2002	Hongrie	85	Hongrie	Europe et Asie centrale	1
#C49A00	1.27	2003	Hongrie	85	Hongrie	Europe et Asie centrale	1
#C49A00	1.28	2004	Hongrie	85	Hongrie	Europe et Asie centrale	1
#C49A00	1.31	2005	Hongrie	85	Hongrie	Europe et Asie centrale	1
#C49A00	1.34	2006	Hongrie	85	Hongrie	Europe et Asie centrale	1
#C49A00	1.32	2007	Hongrie	85	Hongrie	Europe et Asie centrale	1
#C49A00	1.35	2008	Hongrie	85	Hongrie	Europe et Asie centrale	1
#C49A00	1.32	2009	Hongrie	85	Hongrie	Europe et Asie centrale	1
#C49A00	1.25	2010	Hongrie	85	Hongrie	Europe et Asie centrale	1
#C49A00	1.23	2011	Hongrie	85	Hongrie	Europe et Asie centrale	1
#F8766D	5.666	1960	Indonésie	92	Indonésie	Asie de l'Est et Pacifique	1
#F8766D	5.656	1961	Indonésie	92	Indonésie	Asie de l'Est et Pacifique	1
#F8766D	5.645	1962	Indonésie	92	Indonésie	Asie de l'Est et Pacifique	1
#F8766D	5.634	1963	Indonésie	92	Indonésie	Asie de l'Est et Pacifique	1
#F8766D	5.623	1964	Indonésie	92	Indonésie	Asie de l'Est et Pacifique	1
#F8766D	5.612	1965	Indonésie	92	Indonésie	Asie de l'Est et Pacifique	1
#F8766D	5.599	1966	Indonésie	92	Indonésie	Asie de l'Est et Pacifique	1
#F8766D	5.582	1967	Indonésie	92	Indonésie	Asie de l'Est et Pacifique	1
#F8766D	5.556	1968	Indonésie	92	Indonésie	Asie de l'Est et Pacifique	1
#F8766D	5.521	1969	Indonésie	92	Indonésie	Asie de l'Est et Pacifique	1
#F8766D	5.474	1970	Indonésie	92	Indonésie	Asie de l'Est et Pacifique	1
#F8766D	5.413	1971	Indonésie	92	Indonésie	Asie de l'Est et Pacifique	1
#F8766D	5.338	1972	Indonésie	92	Indonésie	Asie de l'Est et Pacifique	1
#F8766D	5.251	1973	Indonésie	92	Indonésie	Asie de l'Est et Pacifique	1
#F8766D	5.152	1974	Indonésie	92	Indonésie	Asie de l'Est et Pacifique	1
#F8766D	5.043	1975	Indonésie	92	Indonésie	Asie de l'Est et Pacifique	1
#F8766D	4.927	1976	Indonésie	92	Indonésie	Asie de l'Est et Pacifique	1
#F8766D	4.806	1977	Indonésie	92	Indonésie	Asie de l'Est et Pacifique	1
#F8766D	4.682	1978	Indonésie	92	Indonésie	Asie de l'Est et Pacifique	1
#F8766D	4.557	1979	Indonésie	92	Indonésie	Asie de l'Est et Pacifique	1
#F8766D	4.43	1980	Indonésie	92	Indonésie	Asie de l'Est et Pacifique	1
#F8766D	4.301	1981	Indonésie	92	Indonésie	Asie de l'Est et Pacifique	1
#F8766D	4.167	1982	Indonésie	92	Indonésie	Asie de l'Est et Pacifique	1
#F8766D	4.028	1983	Indonésie	92	Indonésie	Asie de l'Est et Pacifique	1
#F8766D	3.887	1984	Indonésie	92	Indonésie	Asie de l'Est et Pacifique	1
#F8766D	3.745	1985	Indonésie	92	Indonésie	Asie de l'Est et Pacifique	1
#F8766D	3.606	1986	Indonésie	92	Indonésie	Asie de l'Est et Pacifique	1
#F8766D	3.472	1987	Indonésie	92	Indonésie	Asie de l'Est et Pacifique	1
#F8766D	3.346	1988	Indonésie	92	Indonésie	Asie de l'Est et Pacifique	1
#F8766D	3.229	1989	Indonésie	92	Indonésie	Asie de l'Est et Pacifique	1
#F8766D	3.122	1990	Indonésie	92	Indonésie	Asie de l'Est et Pacifique	1
#F8766D	3.024	1991	Indonésie	92	Indonésie	Asie de l'Est et Pacifique	1
#F8766D	2.934	1992	Indonésie	92	Indonésie	Asie de l'Est et Pacifique	1
#F8766D	2.849	1993	Indonésie	92	Indonésie	Asie de l'Est et Pacifique	1
#F8766D	2.771	1994	Indonésie	92	Indonésie	Asie de l'Est et Pacifique	1
#F8766D	2.699	1995	Indonésie	92	Indonésie	Asie de l'Est et Pacifique	1
#F8766D	2.635	1996	Indonésie	92	Indonésie	Asie de l'Est et Pacifique	1
#F8766D	2.579	1997	Indonésie	92	Indonésie	Asie de l'Est et Pacifique	1
#F8766D	2.53	1998	Indonésie	92	Indonésie	Asie de l'Est et Pacifique	1
#F8766D	2.489	1999	Indonésie	92	Indonésie	Asie de l'Est et Pacifique	1
#F8766D	2.453	2000	Indonésie	92	Indonésie	Asie de l'Est et Pacifique	1
#F8766D	2.419	2001	Indonésie	92	Indonésie	Asie de l'Est et Pacifique	1
#F8766D	2.386	2002	Indonésie	92	Indonésie	Asie de l'Est et Pacifique	1
#F8766D	2.353	2003	Indonésie	92	Indonésie	Asie de l'Est et Pacifique	1
#F8766D	2.318	2004	Indonésie	92	Indonésie	Asie de l'Est et Pacifique	1
#F8766D	2.282	2005	Indonésie	92	Indonésie	Asie de l'Est et Pacifique	1
#F8766D	2.246	2006	Indonésie	92	Indonésie	Asie de l'Est et Pacifique	1
#F8766D	2.21	2007	Indonésie	92	Indonésie	Asie de l'Est et Pacifique	1
#F8766D	2.176	2008	Indonésie	92	Indonésie	Asie de l'Est et Pacifique	1
#F8766D	2.145	2009	Indonésie	92	Indonésie	Asie de l'Est et Pacifique	1
#F8766D	2.117	2010	Indonésie	92	Indonésie	Asie de l'Est et Pacifique	1
#F8766D	2.09	2011	Indonésie	92	Indonésie	Asie de l'Est et Pacifique	1
#C49A00	3.76	1960	Irlande	95	Irlande	Europe et Asie centrale	1
#C49A00	3.791	1961	Irlande	95	Irlande	Europe et Asie centrale	1
#C49A00	3.921	1962	Irlande	95	Irlande	Europe et Asie centrale	1
#C49A00	4.01	1963	Irlande	95	Irlande	Europe et Asie centrale	1
#C49A00	4.065	1964	Irlande	95	Irlande	Europe et Asie centrale	1
#C49A00	4.031	1965	Irlande	95	Irlande	Europe et Asie centrale	1
#C49A00	3.954	1966	Irlande	95	Irlande	Europe et Asie centrale	1
#C49A00	3.842	1967	Irlande	95	Irlande	Europe et Asie centrale	1
#C49A00	3.778	1968	Irlande	95	Irlande	Europe et Asie centrale	1
#C49A00	3.845	1969	Irlande	95	Irlande	Europe et Asie centrale	1
#C49A00	3.93	1970	Irlande	95	Irlande	Europe et Asie centrale	1
#C49A00	3.975	1971	Irlande	95	Irlande	Europe et Asie centrale	1
#C49A00	3.874	1972	Irlande	95	Irlande	Europe et Asie centrale	1
#C49A00	3.74	1973	Irlande	95	Irlande	Europe et Asie centrale	1
#C49A00	3.617	1974	Irlande	95	Irlande	Europe et Asie centrale	1
#C49A00	3.396	1975	Irlande	95	Irlande	Europe et Asie centrale	1
#C49A00	3.312	1976	Irlande	95	Irlande	Europe et Asie centrale	1
#C49A00	3.269	1977	Irlande	95	Irlande	Europe et Asie centrale	1
#C49A00	3.24	1978	Irlande	95	Irlande	Europe et Asie centrale	1
#C49A00	3.229	1979	Irlande	95	Irlande	Europe et Asie centrale	1
#C49A00	3.229	1980	Irlande	95	Irlande	Europe et Asie centrale	1
#C49A00	3.07	1981	Irlande	95	Irlande	Europe et Asie centrale	1
#C49A00	2.957	1982	Irlande	95	Irlande	Europe et Asie centrale	1
#C49A00	2.759	1983	Irlande	95	Irlande	Europe et Asie centrale	1
#C49A00	2.589	1984	Irlande	95	Irlande	Europe et Asie centrale	1
#C49A00	2.5	1985	Irlande	95	Irlande	Europe et Asie centrale	1
#C49A00	2.45	1986	Irlande	95	Irlande	Europe et Asie centrale	1
#C49A00	2.31	1987	Irlande	95	Irlande	Europe et Asie centrale	1
#C49A00	2.17	1988	Irlande	95	Irlande	Europe et Asie centrale	1
#C49A00	2.08	1989	Irlande	95	Irlande	Europe et Asie centrale	1
#C49A00	2.12	1990	Irlande	95	Irlande	Europe et Asie centrale	1
#C49A00	2.09	1991	Irlande	95	Irlande	Europe et Asie centrale	1
#C49A00	2.02	1992	Irlande	95	Irlande	Europe et Asie centrale	1
#C49A00	1.93	1993	Irlande	95	Irlande	Europe et Asie centrale	1
#C49A00	1.86	1994	Irlande	95	Irlande	Europe et Asie centrale	1
#C49A00	1.87	1995	Irlande	95	Irlande	Europe et Asie centrale	1
#C49A00	1.91	1996	Irlande	95	Irlande	Europe et Asie centrale	1
#C49A00	1.92	1997	Irlande	95	Irlande	Europe et Asie centrale	1
#C49A00	1.94	1998	Irlande	95	Irlande	Europe et Asie centrale	1
#C49A00	1.9	1999	Irlande	95	Irlande	Europe et Asie centrale	1
#C49A00	1.89	2000	Irlande	95	Irlande	Europe et Asie centrale	1
#C49A00	1.94	2001	Irlande	95	Irlande	Europe et Asie centrale	1
#C49A00	1.97	2002	Irlande	95	Irlande	Europe et Asie centrale	1
#C49A00	1.96	2003	Irlande	95	Irlande	Europe et Asie centrale	1
#C49A00	1.94	2004	Irlande	95	Irlande	Europe et Asie centrale	1
#C49A00	1.87	2005	Irlande	95	Irlande	Europe et Asie centrale	1
#C49A00	1.93	2006	Irlande	95	Irlande	Europe et Asie centrale	1
#C49A00	2.01	2007	Irlande	95	Irlande	Europe et Asie centrale	1
#C49A00	2.1	2008	Irlande	95	Irlande	Europe et Asie centrale	1
#C49A00	2.07	2009	Irlande	95	Irlande	Europe et Asie centrale	1
#C49A00	2.07	2010	Irlande	95	Irlande	Europe et Asie centrale	1
#C49A00	2.05	2011	Irlande	95	Irlande	Europe et Asie centrale	1
#00C094	3.858	1961	Israël	97	Israël	Moyen-Orient et Afrique du Nord	1
#00C094	3.85	1962	Israël	97	Israël	Moyen-Orient et Afrique du Nord	1
#00C094	3.802	1966	Israël	97	Israël	Moyen-Orient et Afrique du Nord	1
#00C094	3.79	1967	Israël	97	Israël	Moyen-Orient et Afrique du Nord	1
#00C094	3.786	1968	Israël	97	Israël	Moyen-Orient et Afrique du Nord	1
#00C094	3.782	1969	Israël	97	Israël	Moyen-Orient et Afrique du Nord	1
#00C094	3.778	1970	Israël	97	Israël	Moyen-Orient et Afrique du Nord	1
#00C094	3.774	1971	Israël	97	Israël	Moyen-Orient et Afrique du Nord	1
#00C094	3.77	1972	Israël	97	Israël	Moyen-Orient et Afrique du Nord	1
#00C094	3.698	1973	Israël	97	Israël	Moyen-Orient et Afrique du Nord	1
#00C094	3.626	1974	Israël	97	Israël	Moyen-Orient et Afrique du Nord	1
#00C094	3.554	1975	Israël	97	Israël	Moyen-Orient et Afrique du Nord	1
#00C094	3.482	1976	Israël	97	Israël	Moyen-Orient et Afrique du Nord	1
#00C094	3.41	1977	Israël	97	Israël	Moyen-Orient et Afrique du Nord	1
#00C094	3.354	1978	Israël	97	Israël	Moyen-Orient et Afrique du Nord	1
#00C094	3.298	1979	Israël	97	Israël	Moyen-Orient et Afrique du Nord	1
#00C094	3.242	1980	Israël	97	Israël	Moyen-Orient et Afrique du Nord	1
#00C094	3.186	1981	Israël	97	Israël	Moyen-Orient et Afrique du Nord	1
#00C094	3.13	1982	Israël	97	Israël	Moyen-Orient et Afrique du Nord	1
#00C094	3.106	1983	Israël	97	Israël	Moyen-Orient et Afrique du Nord	1
#00C094	3.082	1984	Israël	97	Israël	Moyen-Orient et Afrique du Nord	1
#00C094	3.058	1985	Israël	97	Israël	Moyen-Orient et Afrique du Nord	1
#00C094	3.034	1986	Israël	97	Israël	Moyen-Orient et Afrique du Nord	1
#00C094	3.01	1987	Israël	97	Israël	Moyen-Orient et Afrique du Nord	1
#00C094	2.948	1988	Israël	97	Israël	Moyen-Orient et Afrique du Nord	1
#00C094	2.886	1989	Israël	97	Israël	Moyen-Orient et Afrique du Nord	1
#00C094	2.824	1990	Israël	97	Israël	Moyen-Orient et Afrique du Nord	1
#00C094	2.762	1991	Israël	97	Israël	Moyen-Orient et Afrique du Nord	1
#00C094	2.7	1992	Israël	97	Israël	Moyen-Orient et Afrique du Nord	1
#00C094	2.8	1993	Israël	97	Israël	Moyen-Orient et Afrique du Nord	1
#00C094	2.9	1994	Israël	97	Israël	Moyen-Orient et Afrique du Nord	1
#00C094	2.9	1995	Israël	97	Israël	Moyen-Orient et Afrique du Nord	1
#00C094	2.9	1996	Israël	97	Israël	Moyen-Orient et Afrique du Nord	1
#00C094	2.94	1997	Israël	97	Israël	Moyen-Orient et Afrique du Nord	1
#00C094	2.98	1998	Israël	97	Israël	Moyen-Orient et Afrique du Nord	1
#00C094	2.965	1999	Israël	97	Israël	Moyen-Orient et Afrique du Nord	1
#00C094	2.95	2000	Israël	97	Israël	Moyen-Orient et Afrique du Nord	1
#00C094	2.92	2001	Israël	97	Israël	Moyen-Orient et Afrique du Nord	1
#00C094	2.89	2002	Israël	97	Israël	Moyen-Orient et Afrique du Nord	1
#00C094	2.95	2003	Israël	97	Israël	Moyen-Orient et Afrique du Nord	1
#00C094	2.9	2004	Israël	97	Israël	Moyen-Orient et Afrique du Nord	1
#00C094	2.84	2005	Israël	97	Israël	Moyen-Orient et Afrique du Nord	1
#00C094	2.88	2006	Israël	97	Israël	Moyen-Orient et Afrique du Nord	1
#00C094	2.9	2007	Israël	97	Israël	Moyen-Orient et Afrique du Nord	1
#00C094	2.96	2008	Israël	97	Israël	Moyen-Orient et Afrique du Nord	1
#00C094	2.96	2009	Israël	97	Israël	Moyen-Orient et Afrique du Nord	1
#00C094	3.03	2010	Israël	97	Israël	Moyen-Orient et Afrique du Nord	1
#00C094	3	2011	Israël	97	Israël	Moyen-Orient et Afrique du Nord	1
#C49A00	1.8	1994	Île de Man	86	Île de Man	Europe et Asie centrale	1
#C49A00	1.65	2002	Île de Man	86	Île de Man	Europe et Asie centrale	1
#A58AFF	5.87	1960	Inde	91	Inde	Asie du Sud	1
#A58AFF	5.856	1961	Inde	91	Inde	Asie du Sud	1
#A58AFF	5.842	1962	Inde	91	Inde	Asie du Sud	1
#A58AFF	5.825	1963	Inde	91	Inde	Asie du Sud	1
#A58AFF	5.806	1964	Inde	91	Inde	Asie du Sud	1
#A58AFF	5.781	1965	Inde	91	Inde	Asie du Sud	1
#A58AFF	5.747	1966	Inde	91	Inde	Asie du Sud	1
#A58AFF	5.701	1967	Inde	91	Inde	Asie du Sud	1
#A58AFF	5.643	1968	Inde	91	Inde	Asie du Sud	1
#A58AFF	5.573	1969	Inde	91	Inde	Asie du Sud	1
#A58AFF	5.494	1970	Inde	91	Inde	Asie du Sud	1
#A58AFF	5.41	1971	Inde	91	Inde	Asie du Sud	1
#A58AFF	5.323	1972	Inde	91	Inde	Asie du Sud	1
#A58AFF	5.238	1973	Inde	91	Inde	Asie du Sud	1
#A58AFF	5.156	1974	Inde	91	Inde	Asie du Sud	1
#A58AFF	5.077	1975	Inde	91	Inde	Asie du Sud	1
#A58AFF	4.999	1976	Inde	91	Inde	Asie du Sud	1
#A58AFF	4.922	1977	Inde	91	Inde	Asie du Sud	1
#A58AFF	4.843	1978	Inde	91	Inde	Asie du Sud	1
#A58AFF	4.762	1979	Inde	91	Inde	Asie du Sud	1
#A58AFF	4.68	1980	Inde	91	Inde	Asie du Sud	1
#A58AFF	4.598	1981	Inde	91	Inde	Asie du Sud	1
#A58AFF	4.518	1982	Inde	91	Inde	Asie du Sud	1
#A58AFF	4.439	1983	Inde	91	Inde	Asie du Sud	1
#A58AFF	4.363	1984	Inde	91	Inde	Asie du Sud	1
#A58AFF	4.289	1985	Inde	91	Inde	Asie du Sud	1
#A58AFF	4.216	1986	Inde	91	Inde	Asie du Sud	1
#A58AFF	4.143	1987	Inde	91	Inde	Asie du Sud	1
#A58AFF	4.069	1988	Inde	91	Inde	Asie du Sud	1
#A58AFF	3.994	1989	Inde	91	Inde	Asie du Sud	1
#A58AFF	3.917	1990	Inde	91	Inde	Asie du Sud	1
#A58AFF	3.838	1991	Inde	91	Inde	Asie du Sud	1
#A58AFF	3.758	1992	Inde	91	Inde	Asie du Sud	1
#A58AFF	3.676	1993	Inde	91	Inde	Asie du Sud	1
#A58AFF	3.594	1994	Inde	91	Inde	Asie du Sud	1
#A58AFF	3.512	1995	Inde	91	Inde	Asie du Sud	1
#A58AFF	3.43	1996	Inde	91	Inde	Asie du Sud	1
#A58AFF	3.349	1997	Inde	91	Inde	Asie du Sud	1
#A58AFF	3.27	1998	Inde	91	Inde	Asie du Sud	1
#A58AFF	3.194	1999	Inde	91	Inde	Asie du Sud	1
#A58AFF	3.122	2000	Inde	91	Inde	Asie du Sud	1
#A58AFF	3.054	2001	Inde	91	Inde	Asie du Sud	1
#A58AFF	2.991	2002	Inde	91	Inde	Asie du Sud	1
#A58AFF	2.933	2003	Inde	91	Inde	Asie du Sud	1
#A58AFF	2.879	2004	Inde	91	Inde	Asie du Sud	1
#A58AFF	2.83	2005	Inde	91	Inde	Asie du Sud	1
#A58AFF	2.785	2006	Inde	91	Inde	Asie du Sud	1
#A58AFF	2.742	2007	Inde	91	Inde	Asie du Sud	1
#A58AFF	2.702	2008	Inde	91	Inde	Asie du Sud	1
#A58AFF	2.663	2009	Inde	91	Inde	Asie du Sud	1
#A58AFF	2.625	2010	Inde	91	Inde	Asie du Sud	1
#A58AFF	2.589	2011	Inde	91	Inde	Asie du Sud	1
#00C094	6.252	1960	Iraq	94	Iraq	Moyen-Orient et Afrique du Nord	1
#00C094	6.364	1961	Iraq	94	Iraq	Moyen-Orient et Afrique du Nord	1
#00C094	6.514	1962	Iraq	94	Iraq	Moyen-Orient et Afrique du Nord	1
#00C094	6.689	1963	Iraq	94	Iraq	Moyen-Orient et Afrique du Nord	1
#00C094	6.872	1964	Iraq	94	Iraq	Moyen-Orient et Afrique du Nord	1
#00C094	7.044	1965	Iraq	94	Iraq	Moyen-Orient et Afrique du Nord	1
#00C094	7.188	1966	Iraq	94	Iraq	Moyen-Orient et Afrique du Nord	1
#00C094	7.295	1967	Iraq	94	Iraq	Moyen-Orient et Afrique du Nord	1
#00C094	7.362	1968	Iraq	94	Iraq	Moyen-Orient et Afrique du Nord	1
#00C094	7.383	1969	Iraq	94	Iraq	Moyen-Orient et Afrique du Nord	1
#00C094	7.362	1970	Iraq	94	Iraq	Moyen-Orient et Afrique du Nord	1
#00C094	7.308	1971	Iraq	94	Iraq	Moyen-Orient et Afrique du Nord	1
#00C094	7.234	1972	Iraq	94	Iraq	Moyen-Orient et Afrique du Nord	1
#00C094	7.153	1973	Iraq	94	Iraq	Moyen-Orient et Afrique du Nord	1
#00C094	7.072	1974	Iraq	94	Iraq	Moyen-Orient et Afrique du Nord	1
#00C094	6.993	1975	Iraq	94	Iraq	Moyen-Orient et Afrique du Nord	1
#00C094	6.914	1976	Iraq	94	Iraq	Moyen-Orient et Afrique du Nord	1
#00C094	6.832	1977	Iraq	94	Iraq	Moyen-Orient et Afrique du Nord	1
#00C094	6.744	1978	Iraq	94	Iraq	Moyen-Orient et Afrique du Nord	1
#00C094	6.654	1979	Iraq	94	Iraq	Moyen-Orient et Afrique du Nord	1
#00C094	6.564	1980	Iraq	94	Iraq	Moyen-Orient et Afrique du Nord	1
#00C094	6.481	1981	Iraq	94	Iraq	Moyen-Orient et Afrique du Nord	1
#00C094	6.407	1982	Iraq	94	Iraq	Moyen-Orient et Afrique du Nord	1
#00C094	6.343	1983	Iraq	94	Iraq	Moyen-Orient et Afrique du Nord	1
#00C094	6.289	1984	Iraq	94	Iraq	Moyen-Orient et Afrique du Nord	1
#00C094	6.243	1985	Iraq	94	Iraq	Moyen-Orient et Afrique du Nord	1
#00C094	6.201	1986	Iraq	94	Iraq	Moyen-Orient et Afrique du Nord	1
#00C094	6.157	1987	Iraq	94	Iraq	Moyen-Orient et Afrique du Nord	1
#00C094	6.109	1988	Iraq	94	Iraq	Moyen-Orient et Afrique du Nord	1
#00C094	6.053	1989	Iraq	94	Iraq	Moyen-Orient et Afrique du Nord	1
#00C094	5.989	1990	Iraq	94	Iraq	Moyen-Orient et Afrique du Nord	1
#00C094	5.917	1991	Iraq	94	Iraq	Moyen-Orient et Afrique du Nord	1
#00C094	5.839	1992	Iraq	94	Iraq	Moyen-Orient et Afrique du Nord	1
#00C094	5.758	1993	Iraq	94	Iraq	Moyen-Orient et Afrique du Nord	1
#00C094	5.676	1994	Iraq	94	Iraq	Moyen-Orient et Afrique du Nord	1
#00C094	5.595	1995	Iraq	94	Iraq	Moyen-Orient et Afrique du Nord	1
#00C094	5.517	1996	Iraq	94	Iraq	Moyen-Orient et Afrique du Nord	1
#00C094	5.443	1997	Iraq	94	Iraq	Moyen-Orient et Afrique du Nord	1
#00C094	5.374	1998	Iraq	94	Iraq	Moyen-Orient et Afrique du Nord	1
#00C094	5.31	1999	Iraq	94	Iraq	Moyen-Orient et Afrique du Nord	1
#00C094	5.252	2000	Iraq	94	Iraq	Moyen-Orient et Afrique du Nord	1
#00C094	5.198	2001	Iraq	94	Iraq	Moyen-Orient et Afrique du Nord	1
#00C094	5.147	2002	Iraq	94	Iraq	Moyen-Orient et Afrique du Nord	1
#00C094	5.098	2003	Iraq	94	Iraq	Moyen-Orient et Afrique du Nord	1
#00C094	5.048	2004	Iraq	94	Iraq	Moyen-Orient et Afrique du Nord	1
#00C094	4.997	2005	Iraq	94	Iraq	Moyen-Orient et Afrique du Nord	1
#00C094	4.943	2006	Iraq	94	Iraq	Moyen-Orient et Afrique du Nord	1
#00C094	4.887	2007	Iraq	94	Iraq	Moyen-Orient et Afrique du Nord	1
#00C094	4.828	2008	Iraq	94	Iraq	Moyen-Orient et Afrique du Nord	1
#00C094	4.766	2009	Iraq	94	Iraq	Moyen-Orient et Afrique du Nord	1
#00C094	4.702	2010	Iraq	94	Iraq	Moyen-Orient et Afrique du Nord	1
#00C094	4.636	2011	Iraq	94	Iraq	Moyen-Orient et Afrique du Nord	1
#00C094	6.944	1960	Iran, République islamique d’	93	Iran, République islamique d’	Moyen-Orient et Afrique du Nord	1
#00C094	6.942	1961	Iran, République islamique d’	93	Iran, République islamique d’	Moyen-Orient et Afrique du Nord	1
#00C094	6.933	1962	Iran, République islamique d’	93	Iran, République islamique d’	Moyen-Orient et Afrique du Nord	1
#00C094	6.916	1963	Iran, République islamique d’	93	Iran, République islamique d’	Moyen-Orient et Afrique du Nord	1
#00C094	6.889	1964	Iran, République islamique d’	93	Iran, République islamique d’	Moyen-Orient et Afrique du Nord	1
#00C094	6.849	1965	Iran, République islamique d’	93	Iran, République islamique d’	Moyen-Orient et Afrique du Nord	1
#00C094	6.792	1966	Iran, République islamique d’	93	Iran, République islamique d’	Moyen-Orient et Afrique du Nord	1
#00C094	6.72	1967	Iran, République islamique d’	93	Iran, République islamique d’	Moyen-Orient et Afrique du Nord	1
#00C094	6.636	1968	Iran, République islamique d’	93	Iran, République islamique d’	Moyen-Orient et Afrique du Nord	1
#00C094	6.544	1969	Iran, République islamique d’	93	Iran, République islamique d’	Moyen-Orient et Afrique du Nord	1
#00C094	6.451	1970	Iran, République islamique d’	93	Iran, République islamique d’	Moyen-Orient et Afrique du Nord	1
#00C094	6.365	1971	Iran, République islamique d’	93	Iran, République islamique d’	Moyen-Orient et Afrique du Nord	1
#00C094	6.293	1972	Iran, République islamique d’	93	Iran, République islamique d’	Moyen-Orient et Afrique du Nord	1
#00C094	6.24	1973	Iran, République islamique d’	93	Iran, République islamique d’	Moyen-Orient et Afrique du Nord	1
#00C094	6.209	1974	Iran, République islamique d’	93	Iran, République islamique d’	Moyen-Orient et Afrique du Nord	1
#00C094	6.204	1975	Iran, République islamique d’	93	Iran, République islamique d’	Moyen-Orient et Afrique du Nord	1
#00C094	6.23	1976	Iran, République islamique d’	93	Iran, République islamique d’	Moyen-Orient et Afrique du Nord	1
#00C094	6.282	1977	Iran, République islamique d’	93	Iran, République islamique d’	Moyen-Orient et Afrique du Nord	1
#00C094	6.348	1978	Iran, République islamique d’	93	Iran, République islamique d’	Moyen-Orient et Afrique du Nord	1
#00C094	6.418	1979	Iran, République islamique d’	93	Iran, République islamique d’	Moyen-Orient et Afrique du Nord	1
#00C094	6.479	1980	Iran, République islamique d’	93	Iran, République islamique d’	Moyen-Orient et Afrique du Nord	1
#00C094	6.516	1981	Iran, République islamique d’	93	Iran, République islamique d’	Moyen-Orient et Afrique du Nord	1
#00C094	6.517	1982	Iran, République islamique d’	93	Iran, République islamique d’	Moyen-Orient et Afrique du Nord	1
#00C094	6.473	1983	Iran, République islamique d’	93	Iran, République islamique d’	Moyen-Orient et Afrique du Nord	1
#00C094	6.377	1984	Iran, République islamique d’	93	Iran, République islamique d’	Moyen-Orient et Afrique du Nord	1
#00C094	6.226	1985	Iran, République islamique d’	93	Iran, République islamique d’	Moyen-Orient et Afrique du Nord	1
#00C094	6.017	1986	Iran, République islamique d’	93	Iran, République islamique d’	Moyen-Orient et Afrique du Nord	1
#00C094	5.76	1987	Iran, République islamique d’	93	Iran, République islamique d’	Moyen-Orient et Afrique du Nord	1
#00C094	5.468	1988	Iran, République islamique d’	93	Iran, République islamique d’	Moyen-Orient et Afrique du Nord	1
#00C094	5.151	1989	Iran, République islamique d’	93	Iran, République islamique d’	Moyen-Orient et Afrique du Nord	1
#00C094	4.818	1990	Iran, République islamique d’	93	Iran, République islamique d’	Moyen-Orient et Afrique du Nord	1
#00C094	4.478	1991	Iran, République islamique d’	93	Iran, République islamique d’	Moyen-Orient et Afrique du Nord	1
#00C094	4.138	1992	Iran, République islamique d’	93	Iran, République islamique d’	Moyen-Orient et Afrique du Nord	1
#00C094	3.808	1993	Iran, République islamique d’	93	Iran, République islamique d’	Moyen-Orient et Afrique du Nord	1
#00C094	3.496	1994	Iran, République islamique d’	93	Iran, République islamique d’	Moyen-Orient et Afrique du Nord	1
#00C094	3.21	1995	Iran, République islamique d’	93	Iran, République islamique d’	Moyen-Orient et Afrique du Nord	1
#00C094	2.954	1996	Iran, République islamique d’	93	Iran, République islamique d’	Moyen-Orient et Afrique du Nord	1
#00C094	2.727	1997	Iran, République islamique d’	93	Iran, République islamique d’	Moyen-Orient et Afrique du Nord	1
#00C094	2.525	1998	Iran, République islamique d’	93	Iran, République islamique d’	Moyen-Orient et Afrique du Nord	1
#00C094	2.352	1999	Iran, République islamique d’	93	Iran, République islamique d’	Moyen-Orient et Afrique du Nord	1
#00C094	2.206	2000	Iran, République islamique d’	93	Iran, République islamique d’	Moyen-Orient et Afrique du Nord	1
#00C094	2.088	2001	Iran, République islamique d’	93	Iran, République islamique d’	Moyen-Orient et Afrique du Nord	1
#00C094	1.996	2002	Iran, République islamique d’	93	Iran, République islamique d’	Moyen-Orient et Afrique du Nord	1
#00C094	1.924	2003	Iran, République islamique d’	93	Iran, République islamique d’	Moyen-Orient et Afrique du Nord	1
#00C094	1.868	2004	Iran, République islamique d’	93	Iran, République islamique d’	Moyen-Orient et Afrique du Nord	1
#00C094	1.825	2005	Iran, République islamique d’	93	Iran, République islamique d’	Moyen-Orient et Afrique du Nord	1
#00C094	1.79	2006	Iran, République islamique d’	93	Iran, République islamique d’	Moyen-Orient et Afrique du Nord	1
#00C094	1.759	2007	Iran, République islamique d’	93	Iran, République islamique d’	Moyen-Orient et Afrique du Nord	1
#00C094	1.731	2008	Iran, République islamique d’	93	Iran, République islamique d’	Moyen-Orient et Afrique du Nord	1
#00C094	1.701	2009	Iran, République islamique d’	93	Iran, République islamique d’	Moyen-Orient et Afrique du Nord	1
#00C094	1.67	2010	Iran, République islamique d’	93	Iran, République islamique d’	Moyen-Orient et Afrique du Nord	1
#00C094	1.636	2011	Iran, République islamique d’	93	Iran, République islamique d’	Moyen-Orient et Afrique du Nord	1
#C49A00	4.294	1960	Islande	96	Islande	Europe et Asie centrale	1
#C49A00	3.884	1961	Islande	96	Islande	Europe et Asie centrale	1
#C49A00	3.983	1962	Islande	96	Islande	Europe et Asie centrale	1
#C49A00	3.98	1963	Islande	96	Islande	Europe et Asie centrale	1
#C49A00	3.858	1964	Islande	96	Islande	Europe et Asie centrale	1
#C49A00	3.713	1965	Islande	96	Islande	Europe et Asie centrale	1
#C49A00	3.578	1966	Islande	96	Islande	Europe et Asie centrale	1
#C49A00	3.282	1967	Islande	96	Islande	Europe et Asie centrale	1
#C49A00	3.061	1968	Islande	96	Islande	Europe et Asie centrale	1
#C49A00	2.988	1969	Islande	96	Islande	Europe et Asie centrale	1
#C49A00	2.793	1970	Islande	96	Islande	Europe et Asie centrale	1
#C49A00	2.875	1971	Islande	96	Islande	Europe et Asie centrale	1
#C49A00	3.088	1972	Islande	96	Islande	Europe et Asie centrale	1
#C49A00	2.948	1973	Islande	96	Islande	Europe et Asie centrale	1
#C49A00	2.66	1974	Islande	96	Islande	Europe et Asie centrale	1
#C49A00	2.613	1975	Islande	96	Islande	Europe et Asie centrale	1
#C49A00	2.529	1976	Islande	96	Islande	Europe et Asie centrale	1
#C49A00	2.319	1977	Islande	96	Islande	Europe et Asie centrale	1
#C49A00	2.355	1978	Islande	96	Islande	Europe et Asie centrale	1
#C49A00	2.49	1979	Islande	96	Islande	Europe et Asie centrale	1
#C49A00	2.48	1980	Islande	96	Islande	Europe et Asie centrale	1
#C49A00	2.33	1981	Islande	96	Islande	Europe et Asie centrale	1
#C49A00	2.26	1982	Islande	96	Islande	Europe et Asie centrale	1
#C49A00	2.24	1983	Islande	96	Islande	Europe et Asie centrale	1
#C49A00	2.08	1984	Islande	96	Islande	Europe et Asie centrale	1
#C49A00	1.93	1985	Islande	96	Islande	Europe et Asie centrale	1
#C49A00	1.93	1986	Islande	96	Islande	Europe et Asie centrale	1
#C49A00	2.05	1987	Islande	96	Islande	Europe et Asie centrale	1
#C49A00	2.2	1988	Islande	96	Islande	Europe et Asie centrale	1
#C49A00	2.2	1989	Islande	96	Islande	Europe et Asie centrale	1
#C49A00	2.31	1990	Islande	96	Islande	Europe et Asie centrale	1
#C49A00	2.19	1991	Islande	96	Islande	Europe et Asie centrale	1
#C49A00	2.21	1992	Islande	96	Islande	Europe et Asie centrale	1
#C49A00	2.22	1993	Islande	96	Islande	Europe et Asie centrale	1
#C49A00	2.14	1994	Islande	96	Islande	Europe et Asie centrale	1
#C49A00	2.08	1995	Islande	96	Islande	Europe et Asie centrale	1
#C49A00	2.12	1996	Islande	96	Islande	Europe et Asie centrale	1
#C49A00	2.04	1997	Islande	96	Islande	Europe et Asie centrale	1
#C49A00	2.05	1998	Islande	96	Islande	Europe et Asie centrale	1
#C49A00	1.99	1999	Islande	96	Islande	Europe et Asie centrale	1
#C49A00	2.08	2000	Islande	96	Islande	Europe et Asie centrale	1
#C49A00	1.95	2001	Islande	96	Islande	Europe et Asie centrale	1
#C49A00	1.93	2002	Islande	96	Islande	Europe et Asie centrale	1
#C49A00	1.99	2003	Islande	96	Islande	Europe et Asie centrale	1
#C49A00	2.04	2004	Islande	96	Islande	Europe et Asie centrale	1
#C49A00	2.05	2005	Islande	96	Islande	Europe et Asie centrale	1
#C49A00	2.08	2006	Islande	96	Islande	Europe et Asie centrale	1
#C49A00	2.09	2007	Islande	96	Islande	Europe et Asie centrale	1
#C49A00	2.15	2008	Islande	96	Islande	Europe et Asie centrale	1
#C49A00	2.23	2009	Islande	96	Islande	Europe et Asie centrale	1
#C49A00	2.2	2010	Islande	96	Islande	Europe et Asie centrale	1
#C49A00	2.02	2011	Islande	96	Islande	Europe et Asie centrale	1
#C49A00	2.406	1960	Italie	98	Italie	Europe et Asie centrale	1
#C49A00	2.407	1961	Italie	98	Italie	Europe et Asie centrale	1
#C49A00	2.463	1962	Italie	98	Italie	Europe et Asie centrale	1
#C49A00	2.547	1963	Italie	98	Italie	Europe et Asie centrale	1
#C49A00	2.701	1964	Italie	98	Italie	Europe et Asie centrale	1
#C49A00	2.665	1965	Italie	98	Italie	Europe et Asie centrale	1
#C49A00	2.625	1966	Italie	98	Italie	Europe et Asie centrale	1
#C49A00	2.535	1967	Italie	98	Italie	Europe et Asie centrale	1
#C49A00	2.493	1968	Italie	98	Italie	Europe et Asie centrale	1
#C49A00	2.508	1969	Italie	98	Italie	Europe et Asie centrale	1
#C49A00	2.425	1970	Italie	98	Italie	Europe et Asie centrale	1
#C49A00	2.411	1971	Italie	98	Italie	Europe et Asie centrale	1
#C49A00	2.359	1972	Italie	98	Italie	Europe et Asie centrale	1
#C49A00	2.339	1973	Italie	98	Italie	Europe et Asie centrale	1
#C49A00	2.331	1974	Italie	98	Italie	Europe et Asie centrale	1
#C49A00	2.208	1975	Italie	98	Italie	Europe et Asie centrale	1
#C49A00	2.108	1976	Italie	98	Italie	Europe et Asie centrale	1
#C49A00	1.975	1977	Italie	98	Italie	Europe et Asie centrale	1
#C49A00	1.87	1978	Italie	98	Italie	Europe et Asie centrale	1
#C49A00	1.762	1979	Italie	98	Italie	Europe et Asie centrale	1
#C49A00	1.64	1980	Italie	98	Italie	Europe et Asie centrale	1
#C49A00	1.617	1981	Italie	98	Italie	Europe et Asie centrale	1
#C49A00	1.592	1982	Italie	98	Italie	Europe et Asie centrale	1
#C49A00	1.52	1983	Italie	98	Italie	Europe et Asie centrale	1
#C49A00	1.462	1984	Italie	98	Italie	Europe et Asie centrale	1
#C49A00	1.39	1985	Italie	98	Italie	Europe et Asie centrale	1
#C49A00	1.34	1986	Italie	98	Italie	Europe et Asie centrale	1
#C49A00	1.28	1987	Italie	98	Italie	Europe et Asie centrale	1
#C49A00	1.32	1988	Italie	98	Italie	Europe et Asie centrale	1
#C49A00	1.28	1989	Italie	98	Italie	Europe et Asie centrale	1
#C49A00	1.26	1990	Italie	98	Italie	Europe et Asie centrale	1
#C49A00	1.27	1991	Italie	98	Italie	Europe et Asie centrale	1
#C49A00	1.3	1992	Italie	98	Italie	Europe et Asie centrale	1
#C49A00	1.25	1993	Italie	98	Italie	Europe et Asie centrale	1
#C49A00	1.22	1994	Italie	98	Italie	Europe et Asie centrale	1
#C49A00	1.18	1995	Italie	98	Italie	Europe et Asie centrale	1
#C49A00	1.21	1996	Italie	98	Italie	Europe et Asie centrale	1
#C49A00	1.22	1997	Italie	98	Italie	Europe et Asie centrale	1
#C49A00	1.21	1998	Italie	98	Italie	Europe et Asie centrale	1
#C49A00	1.23	1999	Italie	98	Italie	Europe et Asie centrale	1
#C49A00	1.26	2000	Italie	98	Italie	Europe et Asie centrale	1
#C49A00	1.25	2001	Italie	98	Italie	Europe et Asie centrale	1
#C49A00	1.27	2002	Italie	98	Italie	Europe et Asie centrale	1
#C49A00	1.29	2003	Italie	98	Italie	Europe et Asie centrale	1
#C49A00	1.33	2004	Italie	98	Italie	Europe et Asie centrale	1
#C49A00	1.32	2005	Italie	98	Italie	Europe et Asie centrale	1
#C49A00	1.35	2006	Italie	98	Italie	Europe et Asie centrale	1
#C49A00	1.37	2007	Italie	98	Italie	Europe et Asie centrale	1
#C49A00	1.42	2008	Italie	98	Italie	Europe et Asie centrale	1
#C49A00	1.41	2009	Italie	98	Italie	Europe et Asie centrale	1
#C49A00	1.41	2010	Italie	98	Italie	Europe et Asie centrale	1
#C49A00	1.41	2011	Italie	98	Italie	Europe et Asie centrale	1
#C49A00	2.421	1960	Îles Anglo-Normandes	87	Îles Anglo-Normandes	Europe et Asie centrale	1
#C49A00	2.481	1961	Îles Anglo-Normandes	87	Îles Anglo-Normandes	Europe et Asie centrale	1
#C49A00	2.525	1962	Îles Anglo-Normandes	87	Îles Anglo-Normandes	Europe et Asie centrale	1
#C49A00	2.55	1963	Îles Anglo-Normandes	87	Îles Anglo-Normandes	Europe et Asie centrale	1
#C49A00	2.551	1964	Îles Anglo-Normandes	87	Îles Anglo-Normandes	Europe et Asie centrale	1
#C49A00	2.526	1965	Îles Anglo-Normandes	87	Îles Anglo-Normandes	Europe et Asie centrale	1
#C49A00	2.475	1966	Îles Anglo-Normandes	87	Îles Anglo-Normandes	Europe et Asie centrale	1
#C49A00	2.404	1967	Îles Anglo-Normandes	87	Îles Anglo-Normandes	Europe et Asie centrale	1
#C49A00	2.318	1968	Îles Anglo-Normandes	87	Îles Anglo-Normandes	Europe et Asie centrale	1
#C49A00	2.222	1969	Îles Anglo-Normandes	87	Îles Anglo-Normandes	Europe et Asie centrale	1
#C49A00	2.121	1970	Îles Anglo-Normandes	87	Îles Anglo-Normandes	Europe et Asie centrale	1
#C49A00	2.019	1971	Îles Anglo-Normandes	87	Îles Anglo-Normandes	Europe et Asie centrale	1
#C49A00	1.918	1972	Îles Anglo-Normandes	87	Îles Anglo-Normandes	Europe et Asie centrale	1
#C49A00	1.822	1973	Îles Anglo-Normandes	87	Îles Anglo-Normandes	Europe et Asie centrale	1
#C49A00	1.735	1974	Îles Anglo-Normandes	87	Îles Anglo-Normandes	Europe et Asie centrale	1
#C49A00	1.659	1975	Îles Anglo-Normandes	87	Îles Anglo-Normandes	Europe et Asie centrale	1
#C49A00	1.596	1976	Îles Anglo-Normandes	87	Îles Anglo-Normandes	Europe et Asie centrale	1
#C49A00	1.546	1977	Îles Anglo-Normandes	87	Îles Anglo-Normandes	Europe et Asie centrale	1
#C49A00	1.505	1978	Îles Anglo-Normandes	87	Îles Anglo-Normandes	Europe et Asie centrale	1
#C49A00	1.475	1979	Îles Anglo-Normandes	87	Îles Anglo-Normandes	Europe et Asie centrale	1
#C49A00	1.454	1980	Îles Anglo-Normandes	87	Îles Anglo-Normandes	Europe et Asie centrale	1
#C49A00	1.441	1981	Îles Anglo-Normandes	87	Îles Anglo-Normandes	Europe et Asie centrale	1
#C49A00	1.434	1982	Îles Anglo-Normandes	87	Îles Anglo-Normandes	Europe et Asie centrale	1
#C49A00	1.433	1983	Îles Anglo-Normandes	87	Îles Anglo-Normandes	Europe et Asie centrale	1
#C49A00	1.434	1984	Îles Anglo-Normandes	87	Îles Anglo-Normandes	Europe et Asie centrale	1
#C49A00	1.437	1985	Îles Anglo-Normandes	87	Îles Anglo-Normandes	Europe et Asie centrale	1
#C49A00	1.441	1986	Îles Anglo-Normandes	87	Îles Anglo-Normandes	Europe et Asie centrale	1
#C49A00	1.446	1987	Îles Anglo-Normandes	87	Îles Anglo-Normandes	Europe et Asie centrale	1
#C49A00	1.452	1988	Îles Anglo-Normandes	87	Îles Anglo-Normandes	Europe et Asie centrale	1
#C49A00	1.457	1989	Îles Anglo-Normandes	87	Îles Anglo-Normandes	Europe et Asie centrale	1
#C49A00	1.46	1990	Îles Anglo-Normandes	87	Îles Anglo-Normandes	Europe et Asie centrale	1
#C49A00	1.461	1991	Îles Anglo-Normandes	87	Îles Anglo-Normandes	Europe et Asie centrale	1
#C49A00	1.457	1992	Îles Anglo-Normandes	87	Îles Anglo-Normandes	Europe et Asie centrale	1
#C49A00	1.45	1993	Îles Anglo-Normandes	87	Îles Anglo-Normandes	Europe et Asie centrale	1
#C49A00	1.441	1994	Îles Anglo-Normandes	87	Îles Anglo-Normandes	Europe et Asie centrale	1
#C49A00	1.43	1995	Îles Anglo-Normandes	87	Îles Anglo-Normandes	Europe et Asie centrale	1
#C49A00	1.42	1996	Îles Anglo-Normandes	87	Îles Anglo-Normandes	Europe et Asie centrale	1
#C49A00	1.411	1997	Îles Anglo-Normandes	87	Îles Anglo-Normandes	Europe et Asie centrale	1
#C49A00	1.405	1998	Îles Anglo-Normandes	87	Îles Anglo-Normandes	Europe et Asie centrale	1
#C49A00	1.402	1999	Îles Anglo-Normandes	87	Îles Anglo-Normandes	Europe et Asie centrale	1
#C49A00	1.402	2000	Îles Anglo-Normandes	87	Îles Anglo-Normandes	Europe et Asie centrale	1
#C49A00	1.404	2001	Îles Anglo-Normandes	87	Îles Anglo-Normandes	Europe et Asie centrale	1
#C49A00	1.406	2002	Îles Anglo-Normandes	87	Îles Anglo-Normandes	Europe et Asie centrale	1
#C49A00	1.408	2003	Îles Anglo-Normandes	87	Îles Anglo-Normandes	Europe et Asie centrale	1
#C49A00	1.409	2004	Îles Anglo-Normandes	87	Îles Anglo-Normandes	Europe et Asie centrale	1
#C49A00	1.411	2005	Îles Anglo-Normandes	87	Îles Anglo-Normandes	Europe et Asie centrale	1
#C49A00	1.414	2006	Îles Anglo-Normandes	87	Îles Anglo-Normandes	Europe et Asie centrale	1
#C49A00	1.421	2007	Îles Anglo-Normandes	87	Îles Anglo-Normandes	Europe et Asie centrale	1
#C49A00	1.431	2008	Îles Anglo-Normandes	87	Îles Anglo-Normandes	Europe et Asie centrale	1
#C49A00	1.444	2009	Îles Anglo-Normandes	87	Îles Anglo-Normandes	Europe et Asie centrale	1
#C49A00	1.46	2010	Îles Anglo-Normandes	87	Îles Anglo-Normandes	Europe et Asie centrale	1
#C49A00	1.479	2011	Îles Anglo-Normandes	87	Îles Anglo-Normandes	Europe et Asie centrale	1
#53B400	5.419	1960	Jamaïque	99	Jamaïque	Amérique latine et Caraïbes	1
#53B400	5.529	1961	Jamaïque	99	Jamaïque	Amérique latine et Caraïbes	1
#53B400	5.627	1962	Jamaïque	99	Jamaïque	Amérique latine et Caraïbes	1
#53B400	5.711	1963	Jamaïque	99	Jamaïque	Amérique latine et Caraïbes	1
#53B400	5.775	1964	Jamaïque	99	Jamaïque	Amérique latine et Caraïbes	1
#53B400	5.815	1965	Jamaïque	99	Jamaïque	Amérique latine et Caraïbes	1
#53B400	5.821	1966	Jamaïque	99	Jamaïque	Amérique latine et Caraïbes	1
#53B400	5.79	1967	Jamaïque	99	Jamaïque	Amérique latine et Caraïbes	1
#53B400	5.722	1968	Jamaïque	99	Jamaïque	Amérique latine et Caraïbes	1
#53B400	5.617	1969	Jamaïque	99	Jamaïque	Amérique latine et Caraïbes	1
#53B400	5.477	1970	Jamaïque	99	Jamaïque	Amérique latine et Caraïbes	1
#53B400	5.305	1971	Jamaïque	99	Jamaïque	Amérique latine et Caraïbes	1
#53B400	5.108	1972	Jamaïque	99	Jamaïque	Amérique latine et Caraïbes	1
#53B400	4.899	1973	Jamaïque	99	Jamaïque	Amérique latine et Caraïbes	1
#53B400	4.685	1974	Jamaïque	99	Jamaïque	Amérique latine et Caraïbes	1
#53B400	4.478	1975	Jamaïque	99	Jamaïque	Amérique latine et Caraïbes	1
#53B400	4.286	1976	Jamaïque	99	Jamaïque	Amérique latine et Caraïbes	1
#53B400	4.115	1977	Jamaïque	99	Jamaïque	Amérique latine et Caraïbes	1
#53B400	3.965	1978	Jamaïque	99	Jamaïque	Amérique latine et Caraïbes	1
#53B400	3.839	1979	Jamaïque	99	Jamaïque	Amérique latine et Caraïbes	1
#53B400	3.733	1980	Jamaïque	99	Jamaïque	Amérique latine et Caraïbes	1
#53B400	3.643	1981	Jamaïque	99	Jamaïque	Amérique latine et Caraïbes	1
#53B400	3.559	1982	Jamaïque	99	Jamaïque	Amérique latine et Caraïbes	1
#53B400	3.477	1983	Jamaïque	99	Jamaïque	Amérique latine et Caraïbes	1
#53B400	3.394	1984	Jamaïque	99	Jamaïque	Amérique latine et Caraïbes	1
#53B400	3.308	1985	Jamaïque	99	Jamaïque	Amérique latine et Caraïbes	1
#53B400	3.224	1986	Jamaïque	99	Jamaïque	Amérique latine et Caraïbes	1
#53B400	3.143	1987	Jamaïque	99	Jamaïque	Amérique latine et Caraïbes	1
#53B400	3.07	1988	Jamaïque	99	Jamaïque	Amérique latine et Caraïbes	1
#53B400	3.005	1989	Jamaïque	99	Jamaïque	Amérique latine et Caraïbes	1
#53B400	2.948	1990	Jamaïque	99	Jamaïque	Amérique latine et Caraïbes	1
#53B400	2.899	1991	Jamaïque	99	Jamaïque	Amérique latine et Caraïbes	1
#53B400	2.855	1992	Jamaïque	99	Jamaïque	Amérique latine et Caraïbes	1
#53B400	2.815	1993	Jamaïque	99	Jamaïque	Amérique latine et Caraïbes	1
#53B400	2.778	1994	Jamaïque	99	Jamaïque	Amérique latine et Caraïbes	1
#53B400	2.744	1995	Jamaïque	99	Jamaïque	Amérique latine et Caraïbes	1
#53B400	2.712	1996	Jamaïque	99	Jamaïque	Amérique latine et Caraïbes	1
#53B400	2.683	1997	Jamaïque	99	Jamaïque	Amérique latine et Caraïbes	1
#53B400	2.655	1998	Jamaïque	99	Jamaïque	Amérique latine et Caraïbes	1
#53B400	2.629	1999	Jamaïque	99	Jamaïque	Amérique latine et Caraïbes	1
#53B400	2.603	2000	Jamaïque	99	Jamaïque	Amérique latine et Caraïbes	1
#53B400	2.578	2001	Jamaïque	99	Jamaïque	Amérique latine et Caraïbes	1
#53B400	2.552	2002	Jamaïque	99	Jamaïque	Amérique latine et Caraïbes	1
#53B400	2.526	2003	Jamaïque	99	Jamaïque	Amérique latine et Caraïbes	1
#53B400	2.499	2004	Jamaïque	99	Jamaïque	Amérique latine et Caraïbes	1
#53B400	2.471	2005	Jamaïque	99	Jamaïque	Amérique latine et Caraïbes	1
#53B400	2.443	2006	Jamaïque	99	Jamaïque	Amérique latine et Caraïbes	1
#53B400	2.414	2007	Jamaïque	99	Jamaïque	Amérique latine et Caraïbes	1
#53B400	2.385	2008	Jamaïque	99	Jamaïque	Amérique latine et Caraïbes	1
#53B400	2.357	2009	Jamaïque	99	Jamaïque	Amérique latine et Caraïbes	1
#53B400	2.329	2010	Jamaïque	99	Jamaïque	Amérique latine et Caraïbes	1
#53B400	2.302	2011	Jamaïque	99	Jamaïque	Amérique latine et Caraïbes	1
#00C094	7.687	1960	Jordanie	101	Jordanie	Moyen-Orient et Afrique du Nord	1
#00C094	7.802	1961	Jordanie	101	Jordanie	Moyen-Orient et Afrique du Nord	1
#00C094	7.904	1962	Jordanie	101	Jordanie	Moyen-Orient et Afrique du Nord	1
#00C094	7.983	1963	Jordanie	101	Jordanie	Moyen-Orient et Afrique du Nord	1
#00C094	8.034	1964	Jordanie	101	Jordanie	Moyen-Orient et Afrique du Nord	1
#00C094	8.057	1965	Jordanie	101	Jordanie	Moyen-Orient et Afrique du Nord	1
#00C094	8.053	1966	Jordanie	101	Jordanie	Moyen-Orient et Afrique du Nord	1
#00C094	8.033	1967	Jordanie	101	Jordanie	Moyen-Orient et Afrique du Nord	1
#00C094	8.004	1968	Jordanie	101	Jordanie	Moyen-Orient et Afrique du Nord	1
#00C094	7.968	1969	Jordanie	101	Jordanie	Moyen-Orient et Afrique du Nord	1
#00C094	7.926	1970	Jordanie	101	Jordanie	Moyen-Orient et Afrique du Nord	1
#00C094	7.876	1971	Jordanie	101	Jordanie	Moyen-Orient et Afrique du Nord	1
#00C094	7.818	1972	Jordanie	101	Jordanie	Moyen-Orient et Afrique du Nord	1
#00C094	7.75	1973	Jordanie	101	Jordanie	Moyen-Orient et Afrique du Nord	1
#00C094	7.675	1974	Jordanie	101	Jordanie	Moyen-Orient et Afrique du Nord	1
#00C094	7.596	1975	Jordanie	101	Jordanie	Moyen-Orient et Afrique du Nord	1
#00C094	7.517	1976	Jordanie	101	Jordanie	Moyen-Orient et Afrique du Nord	1
#00C094	7.441	1977	Jordanie	101	Jordanie	Moyen-Orient et Afrique du Nord	1
#00C094	7.368	1978	Jordanie	101	Jordanie	Moyen-Orient et Afrique du Nord	1
#00C094	7.299	1979	Jordanie	101	Jordanie	Moyen-Orient et Afrique du Nord	1
#00C094	7.232	1980	Jordanie	101	Jordanie	Moyen-Orient et Afrique du Nord	1
#00C094	7.167	1981	Jordanie	101	Jordanie	Moyen-Orient et Afrique du Nord	1
#00C094	7.098	1982	Jordanie	101	Jordanie	Moyen-Orient et Afrique du Nord	1
#00C094	7.022	1983	Jordanie	101	Jordanie	Moyen-Orient et Afrique du Nord	1
#00C094	6.931	1984	Jordanie	101	Jordanie	Moyen-Orient et Afrique du Nord	1
#00C094	6.819	1985	Jordanie	101	Jordanie	Moyen-Orient et Afrique du Nord	1
#00C094	6.676	1986	Jordanie	101	Jordanie	Moyen-Orient et Afrique du Nord	1
#00C094	6.5	1987	Jordanie	101	Jordanie	Moyen-Orient et Afrique du Nord	1
#00C094	6.292	1988	Jordanie	101	Jordanie	Moyen-Orient et Afrique du Nord	1
#00C094	6.058	1989	Jordanie	101	Jordanie	Moyen-Orient et Afrique du Nord	1
#00C094	5.808	1990	Jordanie	101	Jordanie	Moyen-Orient et Afrique du Nord	1
#00C094	5.554	1991	Jordanie	101	Jordanie	Moyen-Orient et Afrique du Nord	1
#00C094	5.308	1992	Jordanie	101	Jordanie	Moyen-Orient et Afrique du Nord	1
#00C094	5.081	1993	Jordanie	101	Jordanie	Moyen-Orient et Afrique du Nord	1
#00C094	4.877	1994	Jordanie	101	Jordanie	Moyen-Orient et Afrique du Nord	1
#00C094	4.695	1995	Jordanie	101	Jordanie	Moyen-Orient et Afrique du Nord	1
#00C094	4.532	1996	Jordanie	101	Jordanie	Moyen-Orient et Afrique du Nord	1
#00C094	4.377	1997	Jordanie	101	Jordanie	Moyen-Orient et Afrique du Nord	1
#00C094	4.226	1998	Jordanie	101	Jordanie	Moyen-Orient et Afrique du Nord	1
#00C094	4.076	1999	Jordanie	101	Jordanie	Moyen-Orient et Afrique du Nord	1
#00C094	3.931	2000	Jordanie	101	Jordanie	Moyen-Orient et Afrique du Nord	1
#00C094	3.796	2001	Jordanie	101	Jordanie	Moyen-Orient et Afrique du Nord	1
#00C094	3.676	2002	Jordanie	101	Jordanie	Moyen-Orient et Afrique du Nord	1
#00C094	3.6506666667	2003	Jordanie	101	Jordanie	Moyen-Orient et Afrique du Nord	1
#00C094	3.6253333333	2004	Jordanie	101	Jordanie	Moyen-Orient et Afrique du Nord	1
#00C094	3.6	2005	Jordanie	101	Jordanie	Moyen-Orient et Afrique du Nord	1
#00C094	3.7	2006	Jordanie	101	Jordanie	Moyen-Orient et Afrique du Nord	1
#00C094	3.8	2007	Jordanie	101	Jordanie	Moyen-Orient et Afrique du Nord	1
#00C094	3.8	2008	Jordanie	101	Jordanie	Moyen-Orient et Afrique du Nord	1
#00C094	3.8	2009	Jordanie	101	Jordanie	Moyen-Orient et Afrique du Nord	1
#00C094	3.8	2010	Jordanie	101	Jordanie	Moyen-Orient et Afrique du Nord	1
#00C094	3.7	2011	Jordanie	101	Jordanie	Moyen-Orient et Afrique du Nord	1
#F8766D	2.001	1960	Japon	100	Japon	Asie de l'Est et Pacifique	1
#F8766D	2.05	1961	Japon	100	Japon	Asie de l'Est et Pacifique	1
#F8766D	2.01	1962	Japon	100	Japon	Asie de l'Est et Pacifique	1
#F8766D	2.02	1963	Japon	100	Japon	Asie de l'Est et Pacifique	1
#F8766D	2.05	1964	Japon	100	Japon	Asie de l'Est et Pacifique	1
#F8766D	2.139	1965	Japon	100	Japon	Asie de l'Est et Pacifique	1
#F8766D	1.58	1966	Japon	100	Japon	Asie de l'Est et Pacifique	1
#F8766D	2.02	1967	Japon	100	Japon	Asie de l'Est et Pacifique	1
#F8766D	2.13	1968	Japon	100	Japon	Asie de l'Est et Pacifique	1
#F8766D	2.13	1969	Japon	100	Japon	Asie de l'Est et Pacifique	1
#F8766D	2.135	1970	Japon	100	Japon	Asie de l'Est et Pacifique	1
#F8766D	2.16	1971	Japon	100	Japon	Asie de l'Est et Pacifique	1
#F8766D	2.14	1972	Japon	100	Japon	Asie de l'Est et Pacifique	1
#F8766D	2.14	1973	Japon	100	Japon	Asie de l'Est et Pacifique	1
#F8766D	2.05	1974	Japon	100	Japon	Asie de l'Est et Pacifique	1
#F8766D	1.909	1975	Japon	100	Japon	Asie de l'Est et Pacifique	1
#F8766D	1.85	1976	Japon	100	Japon	Asie de l'Est et Pacifique	1
#F8766D	1.8	1977	Japon	100	Japon	Asie de l'Est et Pacifique	1
#F8766D	1.79	1978	Japon	100	Japon	Asie de l'Est et Pacifique	1
#F8766D	1.77	1979	Japon	100	Japon	Asie de l'Est et Pacifique	1
#F8766D	1.75	1980	Japon	100	Japon	Asie de l'Est et Pacifique	1
#F8766D	1.74	1981	Japon	100	Japon	Asie de l'Est et Pacifique	1
#F8766D	1.77	1982	Japon	100	Japon	Asie de l'Est et Pacifique	1
#F8766D	1.8	1983	Japon	100	Japon	Asie de l'Est et Pacifique	1
#F8766D	1.81	1984	Japon	100	Japon	Asie de l'Est et Pacifique	1
#F8766D	1.76	1985	Japon	100	Japon	Asie de l'Est et Pacifique	1
#F8766D	1.72	1986	Japon	100	Japon	Asie de l'Est et Pacifique	1
#F8766D	1.69	1987	Japon	100	Japon	Asie de l'Est et Pacifique	1
#F8766D	1.66	1988	Japon	100	Japon	Asie de l'Est et Pacifique	1
#F8766D	1.57	1989	Japon	100	Japon	Asie de l'Est et Pacifique	1
#F8766D	1.54	1990	Japon	100	Japon	Asie de l'Est et Pacifique	1
#F8766D	1.53	1991	Japon	100	Japon	Asie de l'Est et Pacifique	1
#F8766D	1.502	1992	Japon	100	Japon	Asie de l'Est et Pacifique	1
#F8766D	1.458	1993	Japon	100	Japon	Asie de l'Est et Pacifique	1
#F8766D	1.5	1994	Japon	100	Japon	Asie de l'Est et Pacifique	1
#F8766D	1.422	1995	Japon	100	Japon	Asie de l'Est et Pacifique	1
#F8766D	1.425	1996	Japon	100	Japon	Asie de l'Est et Pacifique	1
#F8766D	1.388	1997	Japon	100	Japon	Asie de l'Est et Pacifique	1
#F8766D	1.384	1998	Japon	100	Japon	Asie de l'Est et Pacifique	1
#F8766D	1.342	1999	Japon	100	Japon	Asie de l'Est et Pacifique	1
#F8766D	1.359	2000	Japon	100	Japon	Asie de l'Est et Pacifique	1
#F8766D	1.33	2001	Japon	100	Japon	Asie de l'Est et Pacifique	1
#F8766D	1.32	2002	Japon	100	Japon	Asie de l'Est et Pacifique	1
#F8766D	1.29	2003	Japon	100	Japon	Asie de l'Est et Pacifique	1
#F8766D	1.29	2004	Japon	100	Japon	Asie de l'Est et Pacifique	1
#F8766D	1.26	2005	Japon	100	Japon	Asie de l'Est et Pacifique	1
#F8766D	1.32	2006	Japon	100	Japon	Asie de l'Est et Pacifique	1
#F8766D	1.34	2007	Japon	100	Japon	Asie de l'Est et Pacifique	1
#F8766D	1.37	2008	Japon	100	Japon	Asie de l'Est et Pacifique	1
#F8766D	1.37	2009	Japon	100	Japon	Asie de l'Est et Pacifique	1
#F8766D	1.39	2010	Japon	100	Japon	Asie de l'Est et Pacifique	1
#F8766D	1.39	2011	Japon	100	Japon	Asie de l'Est et Pacifique	1
#FB61D7	7.946	1960	Kenya	103	Kenya	Afrique subsaharienne	1
#FB61D7	7.998	1961	Kenya	103	Kenya	Afrique subsaharienne	1
#FB61D7	8.042	1962	Kenya	103	Kenya	Afrique subsaharienne	1
#FB61D7	8.078	1963	Kenya	103	Kenya	Afrique subsaharienne	1
#FB61D7	8.103	1964	Kenya	103	Kenya	Afrique subsaharienne	1
#FB61D7	8.119	1965	Kenya	103	Kenya	Afrique subsaharienne	1
#FB61D7	8.126	1966	Kenya	103	Kenya	Afrique subsaharienne	1
#FB61D7	8.125	1967	Kenya	103	Kenya	Afrique subsaharienne	1
#FB61D7	8.117	1968	Kenya	103	Kenya	Afrique subsaharienne	1
#FB61D7	8.103	1969	Kenya	103	Kenya	Afrique subsaharienne	1
#FB61D7	8.081	1970	Kenya	103	Kenya	Afrique subsaharienne	1
#FB61D7	8.051	1971	Kenya	103	Kenya	Afrique subsaharienne	1
#FB61D7	8.012	1972	Kenya	103	Kenya	Afrique subsaharienne	1
#FB61D7	7.963	1973	Kenya	103	Kenya	Afrique subsaharienne	1
#FB61D7	7.905	1974	Kenya	103	Kenya	Afrique subsaharienne	1
#FB61D7	7.84	1975	Kenya	103	Kenya	Afrique subsaharienne	1
#FB61D7	7.769	1976	Kenya	103	Kenya	Afrique subsaharienne	1
#FB61D7	7.695	1977	Kenya	103	Kenya	Afrique subsaharienne	1
#FB61D7	7.618	1978	Kenya	103	Kenya	Afrique subsaharienne	1
#FB61D7	7.538	1979	Kenya	103	Kenya	Afrique subsaharienne	1
#FB61D7	7.455	1980	Kenya	103	Kenya	Afrique subsaharienne	1
#FB61D7	7.366	1981	Kenya	103	Kenya	Afrique subsaharienne	1
#FB61D7	7.27	1982	Kenya	103	Kenya	Afrique subsaharienne	1
#FB61D7	7.165	1983	Kenya	103	Kenya	Afrique subsaharienne	1
#FB61D7	7.049	1984	Kenya	103	Kenya	Afrique subsaharienne	1
#FB61D7	6.918	1985	Kenya	103	Kenya	Afrique subsaharienne	1
#FB61D7	6.769	1986	Kenya	103	Kenya	Afrique subsaharienne	1
#FB61D7	6.602	1987	Kenya	103	Kenya	Afrique subsaharienne	1
#FB61D7	6.422	1988	Kenya	103	Kenya	Afrique subsaharienne	1
#FB61D7	6.231	1989	Kenya	103	Kenya	Afrique subsaharienne	1
#FB61D7	6.037	1990	Kenya	103	Kenya	Afrique subsaharienne	1
#FB61D7	5.847	1991	Kenya	103	Kenya	Afrique subsaharienne	1
#FB61D7	5.668	1992	Kenya	103	Kenya	Afrique subsaharienne	1
#FB61D7	5.506	1993	Kenya	103	Kenya	Afrique subsaharienne	1
#FB61D7	5.366	1994	Kenya	103	Kenya	Afrique subsaharienne	1
#FB61D7	5.251	1995	Kenya	103	Kenya	Afrique subsaharienne	1
#FB61D7	5.165	1996	Kenya	103	Kenya	Afrique subsaharienne	1
#FB61D7	5.102	1997	Kenya	103	Kenya	Afrique subsaharienne	1
#FB61D7	5.059	1998	Kenya	103	Kenya	Afrique subsaharienne	1
#FB61D7	5.03	1999	Kenya	103	Kenya	Afrique subsaharienne	1
#FB61D7	5.012	2000	Kenya	103	Kenya	Afrique subsaharienne	1
#FB61D7	4.998	2001	Kenya	103	Kenya	Afrique subsaharienne	1
#FB61D7	4.983	2002	Kenya	103	Kenya	Afrique subsaharienne	1
#FB61D7	4.965	2003	Kenya	103	Kenya	Afrique subsaharienne	1
#FB61D7	4.939	2004	Kenya	103	Kenya	Afrique subsaharienne	1
#FB61D7	4.907	2005	Kenya	103	Kenya	Afrique subsaharienne	1
#FB61D7	4.869	2006	Kenya	103	Kenya	Afrique subsaharienne	1
#FB61D7	4.83	2007	Kenya	103	Kenya	Afrique subsaharienne	1
#FB61D7	4.792	2008	Kenya	103	Kenya	Afrique subsaharienne	1
#FB61D7	4.755	2009	Kenya	103	Kenya	Afrique subsaharienne	1
#FB61D7	4.718	2010	Kenya	103	Kenya	Afrique subsaharienne	1
#FB61D7	4.68	2011	Kenya	103	Kenya	Afrique subsaharienne	1
#C49A00	5.166	1960	République kirghize	160	République kirghize	Europe et Asie centrale	1
#C49A00	5.255	1961	République kirghize	160	République kirghize	Europe et Asie centrale	1
#C49A00	5.314	1962	République kirghize	160	République kirghize	Europe et Asie centrale	1
#C49A00	5.335	1963	République kirghize	160	République kirghize	Europe et Asie centrale	1
#C49A00	5.317	1964	République kirghize	160	République kirghize	Europe et Asie centrale	1
#C49A00	5.266	1965	République kirghize	160	République kirghize	Europe et Asie centrale	1
#C49A00	5.193	1966	République kirghize	160	République kirghize	Europe et Asie centrale	1
#C49A00	5.112	1967	République kirghize	160	République kirghize	Europe et Asie centrale	1
#C49A00	5.034	1968	République kirghize	160	République kirghize	Europe et Asie centrale	1
#C49A00	4.961	1969	République kirghize	160	République kirghize	Europe et Asie centrale	1
#C49A00	4.892	1970	République kirghize	160	République kirghize	Europe et Asie centrale	1
#C49A00	4.815	1971	République kirghize	160	République kirghize	Europe et Asie centrale	1
#C49A00	4.724	1972	République kirghize	160	République kirghize	Europe et Asie centrale	1
#C49A00	4.615	1973	République kirghize	160	République kirghize	Europe et Asie centrale	1
#C49A00	4.492	1974	République kirghize	160	République kirghize	Europe et Asie centrale	1
#C49A00	4.365	1975	République kirghize	160	République kirghize	Europe et Asie centrale	1
#C49A00	4.247	1976	République kirghize	160	République kirghize	Europe et Asie centrale	1
#C49A00	4.15	1977	République kirghize	160	République kirghize	Europe et Asie centrale	1
#C49A00	4.082	1978	République kirghize	160	République kirghize	Europe et Asie centrale	1
#C49A00	4.044	1979	République kirghize	160	République kirghize	Europe et Asie centrale	1
#C49A00	4.035	1980	République kirghize	160	République kirghize	Europe et Asie centrale	1
#C49A00	4.046	1981	République kirghize	160	République kirghize	Europe et Asie centrale	1
#C49A00	4.068	1982	République kirghize	160	République kirghize	Europe et Asie centrale	1
#C49A00	4.086	1983	République kirghize	160	République kirghize	Europe et Asie centrale	1
#C49A00	4.097	1984	République kirghize	160	République kirghize	Europe et Asie centrale	1
#C49A00	4.093	1985	République kirghize	160	République kirghize	Europe et Asie centrale	1
#C49A00	4.073	1986	République kirghize	160	République kirghize	Europe et Asie centrale	1
#C49A00	4.039	1987	République kirghize	160	République kirghize	Europe et Asie centrale	1
#C49A00	3.992	1988	République kirghize	160	République kirghize	Europe et Asie centrale	1
#C49A00	3.875	1989	République kirghize	160	République kirghize	Europe et Asie centrale	1
#C49A00	3.69	1990	République kirghize	160	République kirghize	Europe et Asie centrale	1
#C49A00	3.671	1991	République kirghize	160	République kirghize	Europe et Asie centrale	1
#C49A00	3.617	1992	République kirghize	160	République kirghize	Europe et Asie centrale	1
#C49A00	3.3	1993	République kirghize	160	République kirghize	Europe et Asie centrale	1
#C49A00	3.14	1994	République kirghize	160	République kirghize	Europe et Asie centrale	1
#C49A00	3.31	1995	République kirghize	160	République kirghize	Europe et Asie centrale	1
#C49A00	2.99	1996	République kirghize	160	République kirghize	Europe et Asie centrale	1
#C49A00	2.79	1997	République kirghize	160	République kirghize	Europe et Asie centrale	1
#C49A00	2.648	1998	République kirghize	160	République kirghize	Europe et Asie centrale	1
#C49A00	2.629	1999	République kirghize	160	République kirghize	Europe et Asie centrale	1
#C49A00	2.4	2000	République kirghize	160	République kirghize	Europe et Asie centrale	1
#C49A00	2.4	2001	République kirghize	160	République kirghize	Europe et Asie centrale	1
#C49A00	2.5	2002	République kirghize	160	République kirghize	Europe et Asie centrale	1
#C49A00	2.5	2003	République kirghize	160	République kirghize	Europe et Asie centrale	1
#C49A00	2.6	2004	République kirghize	160	République kirghize	Europe et Asie centrale	1
#C49A00	2.5	2005	République kirghize	160	République kirghize	Europe et Asie centrale	1
#C49A00	2.7	2006	République kirghize	160	République kirghize	Europe et Asie centrale	1
#C49A00	2.8	2007	République kirghize	160	République kirghize	Europe et Asie centrale	1
#C49A00	2.8	2008	République kirghize	160	République kirghize	Europe et Asie centrale	1
#C49A00	2.9	2009	République kirghize	160	République kirghize	Europe et Asie centrale	1
#C49A00	3.06	2010	République kirghize	160	République kirghize	Europe et Asie centrale	1
#C49A00	3.06	2011	République kirghize	160	République kirghize	Europe et Asie centrale	1
#F8766D	6.3	1960	Cambodge	33	Cambodge	Asie de l'Est et Pacifique	1
#F8766D	6.304	1961	Cambodge	33	Cambodge	Asie de l'Est et Pacifique	1
#F8766D	6.31	1962	Cambodge	33	Cambodge	Asie de l'Est et Pacifique	1
#F8766D	6.316	1963	Cambodge	33	Cambodge	Asie de l'Est et Pacifique	1
#F8766D	6.316	1964	Cambodge	33	Cambodge	Asie de l'Est et Pacifique	1
#F8766D	6.306	1965	Cambodge	33	Cambodge	Asie de l'Est et Pacifique	1
#F8766D	6.278	1966	Cambodge	33	Cambodge	Asie de l'Est et Pacifique	1
#F8766D	6.229	1967	Cambodge	33	Cambodge	Asie de l'Est et Pacifique	1
#F8766D	6.155	1968	Cambodge	33	Cambodge	Asie de l'Est et Pacifique	1
#F8766D	6.056	1969	Cambodge	33	Cambodge	Asie de l'Est et Pacifique	1
#F8766D	5.924	1970	Cambodge	33	Cambodge	Asie de l'Est et Pacifique	1
#F8766D	5.747	1971	Cambodge	33	Cambodge	Asie de l'Est et Pacifique	1
#F8766D	5.534	1972	Cambodge	33	Cambodge	Asie de l'Est et Pacifique	1
#F8766D	5.302	1973	Cambodge	33	Cambodge	Asie de l'Est et Pacifique	1
#F8766D	5.075	1974	Cambodge	33	Cambodge	Asie de l'Est et Pacifique	1
#F8766D	4.901	1975	Cambodge	33	Cambodge	Asie de l'Est et Pacifique	1
#F8766D	4.839	1976	Cambodge	33	Cambodge	Asie de l'Est et Pacifique	1
#F8766D	4.915	1977	Cambodge	33	Cambodge	Asie de l'Est et Pacifique	1
#F8766D	5.129	1978	Cambodge	33	Cambodge	Asie de l'Est et Pacifique	1
#F8766D	5.462	1979	Cambodge	33	Cambodge	Asie de l'Est et Pacifique	1
#F8766D	5.862	1980	Cambodge	33	Cambodge	Asie de l'Est et Pacifique	1
#F8766D	6.255	1981	Cambodge	33	Cambodge	Asie de l'Est et Pacifique	1
#F8766D	6.57	1982	Cambodge	33	Cambodge	Asie de l'Est et Pacifique	1
#F8766D	6.758	1983	Cambodge	33	Cambodge	Asie de l'Est et Pacifique	1
#F8766D	6.802	1984	Cambodge	33	Cambodge	Asie de l'Est et Pacifique	1
#F8766D	6.711	1985	Cambodge	33	Cambodge	Asie de l'Est et Pacifique	1
#F8766D	6.523	1986	Cambodge	33	Cambodge	Asie de l'Est et Pacifique	1
#F8766D	6.297	1987	Cambodge	33	Cambodge	Asie de l'Est et Pacifique	1
#F8766D	6.083	1988	Cambodge	33	Cambodge	Asie de l'Est et Pacifique	1
#F8766D	5.896	1989	Cambodge	33	Cambodge	Asie de l'Est et Pacifique	1
#F8766D	5.741	1990	Cambodge	33	Cambodge	Asie de l'Est et Pacifique	1
#F8766D	5.605	1991	Cambodge	33	Cambodge	Asie de l'Est et Pacifique	1
#F8766D	5.464	1992	Cambodge	33	Cambodge	Asie de l'Est et Pacifique	1
#F8766D	5.301	1993	Cambodge	33	Cambodge	Asie de l'Est et Pacifique	1
#F8766D	5.113	1994	Cambodge	33	Cambodge	Asie de l'Est et Pacifique	1
#F8766D	4.903	1995	Cambodge	33	Cambodge	Asie de l'Est et Pacifique	1
#F8766D	4.678	1996	Cambodge	33	Cambodge	Asie de l'Est et Pacifique	1
#F8766D	4.45	1997	Cambodge	33	Cambodge	Asie de l'Est et Pacifique	1
#F8766D	4.227	1998	Cambodge	33	Cambodge	Asie de l'Est et Pacifique	1
#F8766D	4.017	1999	Cambodge	33	Cambodge	Asie de l'Est et Pacifique	1
#F8766D	3.822	2000	Cambodge	33	Cambodge	Asie de l'Est et Pacifique	1
#F8766D	3.643	2001	Cambodge	33	Cambodge	Asie de l'Est et Pacifique	1
#F8766D	3.479	2002	Cambodge	33	Cambodge	Asie de l'Est et Pacifique	1
#F8766D	3.327	2003	Cambodge	33	Cambodge	Asie de l'Est et Pacifique	1
#F8766D	3.188	2004	Cambodge	33	Cambodge	Asie de l'Est et Pacifique	1
#F8766D	3.06	2005	Cambodge	33	Cambodge	Asie de l'Est et Pacifique	1
#F8766D	2.944	2006	Cambodge	33	Cambodge	Asie de l'Est et Pacifique	1
#F8766D	2.84	2007	Cambodge	33	Cambodge	Asie de l'Est et Pacifique	1
#F8766D	2.745	2008	Cambodge	33	Cambodge	Asie de l'Est et Pacifique	1
#F8766D	2.659	2009	Cambodge	33	Cambodge	Asie de l'Est et Pacifique	1
#F8766D	2.581	2010	Cambodge	33	Cambodge	Asie de l'Est et Pacifique	1
#F8766D	2.51	2011	Cambodge	33	Cambodge	Asie de l'Est et Pacifique	1
#F8766D	4.5	1982	Kiribati	104	Kiribati	Asie de l'Est et Pacifique	1
#F8766D	4.4	1987	Kiribati	104	Kiribati	Asie de l'Est et Pacifique	1
#F8766D	3.8	1992	Kiribati	104	Kiribati	Asie de l'Est et Pacifique	1
#F8766D	4.5	1995	Kiribati	104	Kiribati	Asie de l'Est et Pacifique	1
#F8766D	4.2	1997	Kiribati	104	Kiribati	Asie de l'Est et Pacifique	1
#F8766D	3.6	2002	Kiribati	104	Kiribati	Asie de l'Est et Pacifique	1
#F8766D	3.44	2005	Kiribati	104	Kiribati	Asie de l'Est et Pacifique	1
#FB61D7	6.792	1960	Comores	43	Comores	Afrique subsaharienne	1
#FB61D7	6.849	1961	Comores	43	Comores	Afrique subsaharienne	1
#FB61D7	6.897	1962	Comores	43	Comores	Afrique subsaharienne	1
#FB61D7	6.939	1963	Comores	43	Comores	Afrique subsaharienne	1
#FB61D7	6.975	1964	Comores	43	Comores	Afrique subsaharienne	1
#FB61D7	7.004	1965	Comores	43	Comores	Afrique subsaharienne	1
#FB61D7	7.027	1966	Comores	43	Comores	Afrique subsaharienne	1
#FB61D7	7.044	1967	Comores	43	Comores	Afrique subsaharienne	1
#FB61D7	7.055	1968	Comores	43	Comores	Afrique subsaharienne	1
#FB61D7	7.06	1969	Comores	43	Comores	Afrique subsaharienne	1
#FB61D7	7.061	1970	Comores	43	Comores	Afrique subsaharienne	1
#FB61D7	7.06	1971	Comores	43	Comores	Afrique subsaharienne	1
#FB61D7	7.058	1972	Comores	43	Comores	Afrique subsaharienne	1
#FB61D7	7.055	1973	Comores	43	Comores	Afrique subsaharienne	1
#FB61D7	7.052	1974	Comores	43	Comores	Afrique subsaharienne	1
#FB61D7	7.054	1975	Comores	43	Comores	Afrique subsaharienne	1
#FB61D7	7.065	1976	Comores	43	Comores	Afrique subsaharienne	1
#FB61D7	7.084	1977	Comores	43	Comores	Afrique subsaharienne	1
#FB61D7	7.106	1978	Comores	43	Comores	Afrique subsaharienne	1
#FB61D7	7.126	1979	Comores	43	Comores	Afrique subsaharienne	1
#FB61D7	7.129	1980	Comores	43	Comores	Afrique subsaharienne	1
#FB61D7	7.102	1981	Comores	43	Comores	Afrique subsaharienne	1
#FB61D7	7.033	1982	Comores	43	Comores	Afrique subsaharienne	1
#FB61D7	6.921	1983	Comores	43	Comores	Afrique subsaharienne	1
#FB61D7	6.766	1984	Comores	43	Comores	Afrique subsaharienne	1
#FB61D7	6.576	1985	Comores	43	Comores	Afrique subsaharienne	1
#FB61D7	6.362	1986	Comores	43	Comores	Afrique subsaharienne	1
#FB61D7	6.141	1987	Comores	43	Comores	Afrique subsaharienne	1
#FB61D7	5.928	1988	Comores	43	Comores	Afrique subsaharienne	1
#FB61D7	5.735	1989	Comores	43	Comores	Afrique subsaharienne	1
#FB61D7	5.573	1990	Comores	43	Comores	Afrique subsaharienne	1
#FB61D7	5.447	1991	Comores	43	Comores	Afrique subsaharienne	1
#FB61D7	5.355	1992	Comores	43	Comores	Afrique subsaharienne	1
#FB61D7	5.293	1993	Comores	43	Comores	Afrique subsaharienne	1
#FB61D7	5.257	1994	Comores	43	Comores	Afrique subsaharienne	1
#FB61D7	5.246	1995	Comores	43	Comores	Afrique subsaharienne	1
#FB61D7	5.253	1996	Comores	43	Comores	Afrique subsaharienne	1
#FB61D7	5.27	1997	Comores	43	Comores	Afrique subsaharienne	1
#FB61D7	5.289	1998	Comores	43	Comores	Afrique subsaharienne	1
#FB61D7	5.306	1999	Comores	43	Comores	Afrique subsaharienne	1
#FB61D7	5.315	2000	Comores	43	Comores	Afrique subsaharienne	1
#FB61D7	5.313	2001	Comores	43	Comores	Afrique subsaharienne	1
#FB61D7	5.303	2002	Comores	43	Comores	Afrique subsaharienne	1
#FB61D7	5.283	2003	Comores	43	Comores	Afrique subsaharienne	1
#FB61D7	5.254	2004	Comores	43	Comores	Afrique subsaharienne	1
#FB61D7	5.216	2005	Comores	43	Comores	Afrique subsaharienne	1
#FB61D7	5.168	2006	Comores	43	Comores	Afrique subsaharienne	1
#FB61D7	5.112	2007	Comores	43	Comores	Afrique subsaharienne	1
#FB61D7	5.051	2008	Comores	43	Comores	Afrique subsaharienne	1
#FB61D7	4.986	2009	Comores	43	Comores	Afrique subsaharienne	1
#FB61D7	4.919	2010	Comores	43	Comores	Afrique subsaharienne	1
#FB61D7	4.85	2011	Comores	43	Comores	Afrique subsaharienne	1
#53B400	3.3	1982	Saint-Kitts-et-Nevis	166	Saint-Kitts-et-Nevis	Amérique latine et Caraïbes	1
#53B400	2.8	1987	Saint-Kitts-et-Nevis	166	Saint-Kitts-et-Nevis	Amérique latine et Caraïbes	1
#53B400	2.6	1992	Saint-Kitts-et-Nevis	166	Saint-Kitts-et-Nevis	Amérique latine et Caraïbes	1
#53B400	2.4	1997	Saint-Kitts-et-Nevis	166	Saint-Kitts-et-Nevis	Amérique latine et Caraïbes	1
#53B400	2.107	2002	Saint-Kitts-et-Nevis	166	Saint-Kitts-et-Nevis	Amérique latine et Caraïbes	1
#F8766D	3.643	1960	Corée du Nord	46	Corée du Nord	Asie de l'Est et Pacifique	1
#F8766D	3.592	1961	Corée du Nord	46	Corée du Nord	Asie de l'Est et Pacifique	1
#F8766D	3.568	1962	Corée du Nord	46	Corée du Nord	Asie de l'Est et Pacifique	1
#F8766D	3.588	1963	Corée du Nord	46	Corée du Nord	Asie de l'Est et Pacifique	1
#F8766D	3.653	1964	Corée du Nord	46	Corée du Nord	Asie de l'Est et Pacifique	1
#F8766D	3.756	1965	Corée du Nord	46	Corée du Nord	Asie de l'Est et Pacifique	1
#F8766D	3.876	1966	Corée du Nord	46	Corée du Nord	Asie de l'Est et Pacifique	1
#F8766D	3.984	1967	Corée du Nord	46	Corée du Nord	Asie de l'Est et Pacifique	1
#F8766D	4.054	1968	Corée du Nord	46	Corée du Nord	Asie de l'Est et Pacifique	1
#F8766D	4.076	1969	Corée du Nord	46	Corée du Nord	Asie de l'Est et Pacifique	1
#F8766D	4.036	1970	Corée du Nord	46	Corée du Nord	Asie de l'Est et Pacifique	1
#F8766D	3.927	1971	Corée du Nord	46	Corée du Nord	Asie de l'Est et Pacifique	1
#F8766D	3.761	1972	Corée du Nord	46	Corée du Nord	Asie de l'Est et Pacifique	1
#F8766D	3.556	1973	Corée du Nord	46	Corée du Nord	Asie de l'Est et Pacifique	1
#F8766D	3.326	1974	Corée du Nord	46	Corée du Nord	Asie de l'Est et Pacifique	1
#F8766D	3.101	1975	Corée du Nord	46	Corée du Nord	Asie de l'Est et Pacifique	1
#F8766D	2.909	1976	Corée du Nord	46	Corée du Nord	Asie de l'Est et Pacifique	1
#F8766D	2.77	1977	Corée du Nord	46	Corée du Nord	Asie de l'Est et Pacifique	1
#F8766D	2.692	1978	Corée du Nord	46	Corée du Nord	Asie de l'Est et Pacifique	1
#F8766D	2.676	1979	Corée du Nord	46	Corée du Nord	Asie de l'Est et Pacifique	1
#F8766D	2.705	1980	Corée du Nord	46	Corée du Nord	Asie de l'Est et Pacifique	1
#F8766D	2.756	1981	Corée du Nord	46	Corée du Nord	Asie de l'Est et Pacifique	1
#F8766D	2.797	1982	Corée du Nord	46	Corée du Nord	Asie de l'Est et Pacifique	1
#F8766D	2.807	1983	Corée du Nord	46	Corée du Nord	Asie de l'Est et Pacifique	1
#F8766D	2.779	1984	Corée du Nord	46	Corée du Nord	Asie de l'Est et Pacifique	1
#F8766D	2.716	1985	Corée du Nord	46	Corée du Nord	Asie de l'Est et Pacifique	1
#F8766D	2.633	1986	Corée du Nord	46	Corée du Nord	Asie de l'Est et Pacifique	1
#F8766D	2.55	1987	Corée du Nord	46	Corée du Nord	Asie de l'Est et Pacifique	1
#F8766D	2.482	1988	Corée du Nord	46	Corée du Nord	Asie de l'Est et Pacifique	1
#F8766D	2.434	1989	Corée du Nord	46	Corée du Nord	Asie de l'Est et Pacifique	1
#F8766D	2.406	1990	Corée du Nord	46	Corée du Nord	Asie de l'Est et Pacifique	1
#F8766D	2.391	1991	Corée du Nord	46	Corée du Nord	Asie de l'Est et Pacifique	1
#F8766D	2.38	1992	Corée du Nord	46	Corée du Nord	Asie de l'Est et Pacifique	1
#F8766D	2.363	1993	Corée du Nord	46	Corée du Nord	Asie de l'Est et Pacifique	1
#F8766D	2.338	1994	Corée du Nord	46	Corée du Nord	Asie de l'Est et Pacifique	1
#F8766D	2.306	1995	Corée du Nord	46	Corée du Nord	Asie de l'Est et Pacifique	1
#F8766D	2.266	1996	Corée du Nord	46	Corée du Nord	Asie de l'Est et Pacifique	1
#F8766D	2.224	1997	Corée du Nord	46	Corée du Nord	Asie de l'Est et Pacifique	1
#F8766D	2.182	1998	Corée du Nord	46	Corée du Nord	Asie de l'Est et Pacifique	1
#F8766D	2.144	1999	Corée du Nord	46	Corée du Nord	Asie de l'Est et Pacifique	1
#F8766D	2.11	2000	Corée du Nord	46	Corée du Nord	Asie de l'Est et Pacifique	1
#F8766D	2.084	2001	Corée du Nord	46	Corée du Nord	Asie de l'Est et Pacifique	1
#F8766D	2.065	2002	Corée du Nord	46	Corée du Nord	Asie de l'Est et Pacifique	1
#F8766D	2.053	2003	Corée du Nord	46	Corée du Nord	Asie de l'Est et Pacifique	1
#F8766D	2.046	2004	Corée du Nord	46	Corée du Nord	Asie de l'Est et Pacifique	1
#F8766D	2.043	2005	Corée du Nord	46	Corée du Nord	Asie de l'Est et Pacifique	1
#F8766D	2.042	2006	Corée du Nord	46	Corée du Nord	Asie de l'Est et Pacifique	1
#F8766D	2.041	2007	Corée du Nord	46	Corée du Nord	Asie de l'Est et Pacifique	1
#F8766D	2.038	2008	Corée du Nord	46	Corée du Nord	Asie de l'Est et Pacifique	1
#F8766D	2.032	2009	Corée du Nord	46	Corée du Nord	Asie de l'Est et Pacifique	1
#F8766D	2.022	2010	Corée du Nord	46	Corée du Nord	Asie de l'Est et Pacifique	1
#F8766D	2.01	2011	Corée du Nord	46	Corée du Nord	Asie de l'Est et Pacifique	1
#F8766D	6.155	1960	Corée, République de	47	Corée, République de	Asie de l'Est et Pacifique	1
#F8766D	5.989	1961	Corée, République de	47	Corée, République de	Asie de l'Est et Pacifique	1
#F8766D	5.789	1962	Corée, République de	47	Corée, République de	Asie de l'Est et Pacifique	1
#F8766D	5.574	1963	Corée, République de	47	Corée, République de	Asie de l'Est et Pacifique	1
#F8766D	5.357	1964	Corée, République de	47	Corée, République de	Asie de l'Est et Pacifique	1
#F8766D	5.157	1965	Corée, République de	47	Corée, République de	Asie de l'Est et Pacifique	1
#F8766D	4.987	1966	Corée, République de	47	Corée, République de	Asie de l'Est et Pacifique	1
#F8766D	4.845	1967	Corée, République de	47	Corée, République de	Asie de l'Est et Pacifique	1
#F8766D	4.725	1968	Corée, République de	47	Corée, République de	Asie de l'Est et Pacifique	1
#F8766D	4.624	1969	Corée, République de	47	Corée, République de	Asie de l'Est et Pacifique	1
#F8766D	4.53	1970	Corée, République de	47	Corée, République de	Asie de l'Est et Pacifique	1
#F8766D	4.54	1971	Corée, République de	47	Corée, République de	Asie de l'Est et Pacifique	1
#F8766D	4.14	1972	Corée, République de	47	Corée, République de	Asie de l'Est et Pacifique	1
#F8766D	4.1	1973	Corée, République de	47	Corée, République de	Asie de l'Est et Pacifique	1
#F8766D	3.81	1974	Corée, République de	47	Corée, République de	Asie de l'Est et Pacifique	1
#F8766D	3.47	1975	Corée, République de	47	Corée, République de	Asie de l'Est et Pacifique	1
#F8766D	3.05	1976	Corée, République de	47	Corée, République de	Asie de l'Est et Pacifique	1
#F8766D	3.02	1977	Corée, République de	47	Corée, République de	Asie de l'Est et Pacifique	1
#F8766D	2.65	1978	Corée, République de	47	Corée, République de	Asie de l'Est et Pacifique	1
#F8766D	2.9	1979	Corée, République de	47	Corée, République de	Asie de l'Est et Pacifique	1
#F8766D	2.83	1980	Corée, République de	47	Corée, République de	Asie de l'Est et Pacifique	1
#F8766D	2.66	1981	Corée, République de	47	Corée, République de	Asie de l'Est et Pacifique	1
#F8766D	2.42	1982	Corée, République de	47	Corée, République de	Asie de l'Est et Pacifique	1
#F8766D	2.08	1983	Corée, République de	47	Corée, République de	Asie de l'Est et Pacifique	1
#F8766D	1.96	1984	Corée, République de	47	Corée, République de	Asie de l'Est et Pacifique	1
#F8766D	1.67	1985	Corée, République de	47	Corée, République de	Asie de l'Est et Pacifique	1
#F8766D	1.6	1986	Corée, République de	47	Corée, République de	Asie de l'Est et Pacifique	1
#F8766D	1.55	1987	Corée, République de	47	Corée, République de	Asie de l'Est et Pacifique	1
#F8766D	1.56	1988	Corée, République de	47	Corée, République de	Asie de l'Est et Pacifique	1
#F8766D	1.58	1989	Corée, République de	47	Corée, République de	Asie de l'Est et Pacifique	1
#F8766D	1.59	1990	Corée, République de	47	Corée, République de	Asie de l'Est et Pacifique	1
#F8766D	1.74	1991	Corée, République de	47	Corée, République de	Asie de l'Est et Pacifique	1
#F8766D	1.78	1992	Corée, République de	47	Corée, République de	Asie de l'Est et Pacifique	1
#F8766D	1.67	1993	Corée, République de	47	Corée, République de	Asie de l'Est et Pacifique	1
#F8766D	1.67	1994	Corée, République de	47	Corée, République de	Asie de l'Est et Pacifique	1
#F8766D	1.65	1995	Corée, République de	47	Corée, République de	Asie de l'Est et Pacifique	1
#F8766D	1.58	1996	Corée, République de	47	Corée, République de	Asie de l'Est et Pacifique	1
#F8766D	1.54	1997	Corée, République de	47	Corée, République de	Asie de l'Est et Pacifique	1
#F8766D	1.47	1998	Corée, République de	47	Corée, République de	Asie de l'Est et Pacifique	1
#F8766D	1.42	1999	Corée, République de	47	Corée, République de	Asie de l'Est et Pacifique	1
#F8766D	1.47	2000	Corée, République de	47	Corée, République de	Asie de l'Est et Pacifique	1
#F8766D	1.3	2001	Corée, République de	47	Corée, République de	Asie de l'Est et Pacifique	1
#F8766D	1.17	2002	Corée, République de	47	Corée, République de	Asie de l'Est et Pacifique	1
#F8766D	1.19	2003	Corée, République de	47	Corée, République de	Asie de l'Est et Pacifique	1
#F8766D	1.16	2004	Corée, République de	47	Corée, République de	Asie de l'Est et Pacifique	1
#F8766D	1.076	2005	Corée, République de	47	Corée, République de	Asie de l'Est et Pacifique	1
#F8766D	1.123	2006	Corée, République de	47	Corée, République de	Asie de l'Est et Pacifique	1
#F8766D	1.25	2007	Corée, République de	47	Corée, République de	Asie de l'Est et Pacifique	1
#F8766D	1.192	2008	Corée, République de	47	Corée, République de	Asie de l'Est et Pacifique	1
#F8766D	1.149	2009	Corée, République de	47	Corée, République de	Asie de l'Est et Pacifique	1
#F8766D	1.226	2010	Corée, République de	47	Corée, République de	Asie de l'Est et Pacifique	1
#F8766D	1.244	2011	Corée, République de	47	Corée, République de	Asie de l'Est et Pacifique	1
#C49A00	4.5758	1981	Kosovo	105	Kosovo	Europe et Asie centrale	1
#C49A00	4.8844	1982	Kosovo	105	Kosovo	Europe et Asie centrale	1
#C49A00	4.4761	1983	Kosovo	105	Kosovo	Europe et Asie centrale	1
#C49A00	4.8199	1984	Kosovo	105	Kosovo	Europe et Asie centrale	1
#C49A00	4.5635	1985	Kosovo	105	Kosovo	Europe et Asie centrale	1
#C49A00	4.4662	1986	Kosovo	105	Kosovo	Europe et Asie centrale	1
#C49A00	4.4299	1987	Kosovo	105	Kosovo	Europe et Asie centrale	1
#C49A00	4.2631	1988	Kosovo	105	Kosovo	Europe et Asie centrale	1
#C49A00	3.9223	1989	Kosovo	105	Kosovo	Europe et Asie centrale	1
#C49A00	3.9028	1990	Kosovo	105	Kosovo	Europe et Asie centrale	1
#C49A00	3.5844	1991	Kosovo	105	Kosovo	Europe et Asie centrale	1
#C49A00	2.9581	1992	Kosovo	105	Kosovo	Europe et Asie centrale	1
#C49A00	2.8396	1993	Kosovo	105	Kosovo	Europe et Asie centrale	1
#C49A00	2.7064	1994	Kosovo	105	Kosovo	Europe et Asie centrale	1
#C49A00	2.7014	1995	Kosovo	105	Kosovo	Europe et Asie centrale	1
#C49A00	2.6981	1996	Kosovo	105	Kosovo	Europe et Asie centrale	1
#C49A00	2.4573	1997	Kosovo	105	Kosovo	Europe et Asie centrale	1
#C49A00	2.5677	1998	Kosovo	105	Kosovo	Europe et Asie centrale	1
#C49A00	2.8781	1999	Kosovo	105	Kosovo	Europe et Asie centrale	1
#C49A00	2.9543	2000	Kosovo	105	Kosovo	Europe et Asie centrale	1
#C49A00	2.799	2001	Kosovo	105	Kosovo	Europe et Asie centrale	1
#C49A00	2.6645	2002	Kosovo	105	Kosovo	Europe et Asie centrale	1
#C49A00	2.343	2003	Kosovo	105	Kosovo	Europe et Asie centrale	1
#C49A00	2.533	2004	Kosovo	105	Kosovo	Europe et Asie centrale	1
#C49A00	2.6473	2005	Kosovo	105	Kosovo	Europe et Asie centrale	1
#C49A00	2.4252	2006	Kosovo	105	Kosovo	Europe et Asie centrale	1
#C49A00	2.431	2007	Kosovo	105	Kosovo	Europe et Asie centrale	1
#C49A00	2.3835	2008	Kosovo	105	Kosovo	Europe et Asie centrale	1
#C49A00	2.3368	2009	Kosovo	105	Kosovo	Europe et Asie centrale	1
#C49A00	2.2893	2010	Kosovo	105	Kosovo	Europe et Asie centrale	1
#C49A00	2.2	2011	Kosovo	105	Kosovo	Europe et Asie centrale	1
#00C094	7.251	1960	Koweït	106	Koweït	Moyen-Orient et Afrique du Nord	1
#00C094	7.279	1961	Koweït	106	Koweït	Moyen-Orient et Afrique du Nord	1
#00C094	7.312	1962	Koweït	106	Koweït	Moyen-Orient et Afrique du Nord	1
#00C094	7.348	1963	Koweït	106	Koweït	Moyen-Orient et Afrique du Nord	1
#00C094	7.381	1964	Koweït	106	Koweït	Moyen-Orient et Afrique du Nord	1
#00C094	7.407	1965	Koweït	106	Koweït	Moyen-Orient et Afrique du Nord	1
#00C094	7.419	1966	Koweït	106	Koweït	Moyen-Orient et Afrique du Nord	1
#00C094	7.413	1967	Koweït	106	Koweït	Moyen-Orient et Afrique du Nord	1
#00C094	7.383	1968	Koweït	106	Koweït	Moyen-Orient et Afrique du Nord	1
#00C094	7.327	1969	Koweït	106	Koweït	Moyen-Orient et Afrique du Nord	1
#00C094	7.241	1970	Koweït	106	Koweït	Moyen-Orient et Afrique du Nord	1
#00C094	7.123	1971	Koweït	106	Koweït	Moyen-Orient et Afrique du Nord	1
#00C094	6.975	1972	Koweït	106	Koweït	Moyen-Orient et Afrique du Nord	1
#00C094	6.805	1973	Koweït	106	Koweït	Moyen-Orient et Afrique du Nord	1
#00C094	6.617	1974	Koweït	106	Koweït	Moyen-Orient et Afrique du Nord	1
#00C094	6.421	1975	Koweït	106	Koweït	Moyen-Orient et Afrique du Nord	1
#00C094	6.23	1976	Koweït	106	Koweït	Moyen-Orient et Afrique du Nord	1
#00C094	6.048	1977	Koweït	106	Koweït	Moyen-Orient et Afrique du Nord	1
#00C094	5.877	1978	Koweït	106	Koweït	Moyen-Orient et Afrique du Nord	1
#00C094	5.715	1979	Koweït	106	Koweït	Moyen-Orient et Afrique du Nord	1
#00C094	5.549	1980	Koweït	106	Koweït	Moyen-Orient et Afrique du Nord	1
#00C094	5.362	1981	Koweït	106	Koweït	Moyen-Orient et Afrique du Nord	1
#00C094	5.14	1982	Koweït	106	Koweït	Moyen-Orient et Afrique du Nord	1
#00C094	4.876	1983	Koweït	106	Koweït	Moyen-Orient et Afrique du Nord	1
#00C094	4.575	1984	Koweït	106	Koweït	Moyen-Orient et Afrique du Nord	1
#00C094	4.239	1985	Koweït	106	Koweït	Moyen-Orient et Afrique du Nord	1
#00C094	3.878	1986	Koweït	106	Koweït	Moyen-Orient et Afrique du Nord	1
#00C094	3.511	1987	Koweït	106	Koweït	Moyen-Orient et Afrique du Nord	1
#00C094	3.161	1988	Koweït	106	Koweït	Moyen-Orient et Afrique du Nord	1
#00C094	2.844	1989	Koweït	106	Koweït	Moyen-Orient et Afrique du Nord	1
#00C094	2.588	1990	Koweït	106	Koweït	Moyen-Orient et Afrique du Nord	1
#00C094	2.418	1991	Koweït	106	Koweït	Moyen-Orient et Afrique du Nord	1
#00C094	2.338	1992	Koweït	106	Koweït	Moyen-Orient et Afrique du Nord	1
#00C094	2.341	1993	Koweït	106	Koweït	Moyen-Orient et Afrique du Nord	1
#00C094	2.413	1994	Koweït	106	Koweït	Moyen-Orient et Afrique du Nord	1
#00C094	2.525	1995	Koweït	106	Koweït	Moyen-Orient et Afrique du Nord	1
#00C094	2.64	1996	Koweït	106	Koweït	Moyen-Orient et Afrique du Nord	1
#00C094	2.722	1997	Koweït	106	Koweït	Moyen-Orient et Afrique du Nord	1
#00C094	2.749	1998	Koweït	106	Koweït	Moyen-Orient et Afrique du Nord	1
#00C094	2.714	1999	Koweït	106	Koweït	Moyen-Orient et Afrique du Nord	1
#00C094	2.626	2000	Koweït	106	Koweït	Moyen-Orient et Afrique du Nord	1
#00C094	2.508	2001	Koweït	106	Koweït	Moyen-Orient et Afrique du Nord	1
#00C094	2.392	2002	Koweït	106	Koweït	Moyen-Orient et Afrique du Nord	1
#00C094	2.305	2003	Koweït	106	Koweït	Moyen-Orient et Afrique du Nord	1
#00C094	2.254	2004	Koweït	106	Koweït	Moyen-Orient et Afrique du Nord	1
#00C094	2.239	2005	Koweït	106	Koweït	Moyen-Orient et Afrique du Nord	1
#00C094	2.251	2006	Koweït	106	Koweït	Moyen-Orient et Afrique du Nord	1
#00C094	2.272	2007	Koweït	106	Koweït	Moyen-Orient et Afrique du Nord	1
#00C094	2.29	2008	Koweït	106	Koweït	Moyen-Orient et Afrique du Nord	1
#00C094	2.298	2009	Koweït	106	Koweït	Moyen-Orient et Afrique du Nord	1
#00C094	2.295	2010	Koweït	106	Koweït	Moyen-Orient et Afrique du Nord	1
#00C094	2.283	2011	Koweït	106	Koweït	Moyen-Orient et Afrique du Nord	1
#C49A00	4.563	1960	Kazakhstan	102	Kazakhstan	Europe et Asie centrale	1
#C49A00	4.514	1961	Kazakhstan	102	Kazakhstan	Europe et Asie centrale	1
#C49A00	4.437	1962	Kazakhstan	102	Kazakhstan	Europe et Asie centrale	1
#C49A00	4.331	1963	Kazakhstan	102	Kazakhstan	Europe et Asie centrale	1
#C49A00	4.201	1964	Kazakhstan	102	Kazakhstan	Europe et Asie centrale	1
#C49A00	4.059	1965	Kazakhstan	102	Kazakhstan	Europe et Asie centrale	1
#C49A00	3.918	1966	Kazakhstan	102	Kazakhstan	Europe et Asie centrale	1
#C49A00	3.79	1967	Kazakhstan	102	Kazakhstan	Europe et Asie centrale	1
#C49A00	3.683	1968	Kazakhstan	102	Kazakhstan	Europe et Asie centrale	1
#C49A00	3.6	1969	Kazakhstan	102	Kazakhstan	Europe et Asie centrale	1
#C49A00	3.538	1970	Kazakhstan	102	Kazakhstan	Europe et Asie centrale	1
#C49A00	3.489	1971	Kazakhstan	102	Kazakhstan	Europe et Asie centrale	1
#C49A00	3.44	1972	Kazakhstan	102	Kazakhstan	Europe et Asie centrale	1
#C49A00	3.385	1973	Kazakhstan	102	Kazakhstan	Europe et Asie centrale	1
#C49A00	3.32	1974	Kazakhstan	102	Kazakhstan	Europe et Asie centrale	1
#C49A00	3.249	1975	Kazakhstan	102	Kazakhstan	Europe et Asie centrale	1
#C49A00	3.175	1976	Kazakhstan	102	Kazakhstan	Europe et Asie centrale	1
#C49A00	3.106	1977	Kazakhstan	102	Kazakhstan	Europe et Asie centrale	1
#C49A00	3.048	1978	Kazakhstan	102	Kazakhstan	Europe et Asie centrale	1
#C49A00	3.019	1979	Kazakhstan	102	Kazakhstan	Europe et Asie centrale	1
#C49A00	2.9	1980	Kazakhstan	102	Kazakhstan	Europe et Asie centrale	1
#C49A00	2.95	1981	Kazakhstan	102	Kazakhstan	Europe et Asie centrale	1
#C49A00	3	1982	Kazakhstan	102	Kazakhstan	Europe et Asie centrale	1
#C49A00	3.04	1983	Kazakhstan	102	Kazakhstan	Europe et Asie centrale	1
#C49A00	3.08	1984	Kazakhstan	102	Kazakhstan	Europe et Asie centrale	1
#C49A00	3.08	1985	Kazakhstan	102	Kazakhstan	Europe et Asie centrale	1
#C49A00	3.135	1986	Kazakhstan	102	Kazakhstan	Europe et Asie centrale	1
#C49A00	3.19	1987	Kazakhstan	102	Kazakhstan	Europe et Asie centrale	1
#C49A00	3.13	1988	Kazakhstan	102	Kazakhstan	Europe et Asie centrale	1
#C49A00	2.82	1989	Kazakhstan	102	Kazakhstan	Europe et Asie centrale	1
#C49A00	2.72	1990	Kazakhstan	102	Kazakhstan	Europe et Asie centrale	1
#C49A00	2.61	1991	Kazakhstan	102	Kazakhstan	Europe et Asie centrale	1
#C49A00	2.5	1992	Kazakhstan	102	Kazakhstan	Europe et Asie centrale	1
#C49A00	2.3	1993	Kazakhstan	102	Kazakhstan	Europe et Asie centrale	1
#C49A00	2.28	1994	Kazakhstan	102	Kazakhstan	Europe et Asie centrale	1
#C49A00	2.26	1995	Kazakhstan	102	Kazakhstan	Europe et Asie centrale	1
#C49A00	2.13	1996	Kazakhstan	102	Kazakhstan	Europe et Asie centrale	1
#C49A00	2	1997	Kazakhstan	102	Kazakhstan	Europe et Asie centrale	1
#C49A00	1.8	1998	Kazakhstan	102	Kazakhstan	Europe et Asie centrale	1
#C49A00	1.7	1999	Kazakhstan	102	Kazakhstan	Europe et Asie centrale	1
#C49A00	1.8	2000	Kazakhstan	102	Kazakhstan	Europe et Asie centrale	1
#C49A00	1.9	2001	Kazakhstan	102	Kazakhstan	Europe et Asie centrale	1
#C49A00	2	2002	Kazakhstan	102	Kazakhstan	Europe et Asie centrale	1
#C49A00	2.03	2003	Kazakhstan	102	Kazakhstan	Europe et Asie centrale	1
#C49A00	2.21	2004	Kazakhstan	102	Kazakhstan	Europe et Asie centrale	1
#C49A00	2.22	2005	Kazakhstan	102	Kazakhstan	Europe et Asie centrale	1
#C49A00	2.36	2006	Kazakhstan	102	Kazakhstan	Europe et Asie centrale	1
#C49A00	2.5	2007	Kazakhstan	102	Kazakhstan	Europe et Asie centrale	1
#C49A00	2.7	2008	Kazakhstan	102	Kazakhstan	Europe et Asie centrale	1
#C49A00	2.6	2009	Kazakhstan	102	Kazakhstan	Europe et Asie centrale	1
#C49A00	2.59	2010	Kazakhstan	102	Kazakhstan	Europe et Asie centrale	1
#C49A00	2.59	2011	Kazakhstan	102	Kazakhstan	Europe et Asie centrale	1
#F8766D	5.961	1960	République démocratique populaire lao	158	République démocratique populaire lao	Asie de l'Est et Pacifique	1
#F8766D	5.964	1961	République démocratique populaire lao	158	République démocratique populaire lao	Asie de l'Est et Pacifique	1
#F8766D	5.966	1962	République démocratique populaire lao	158	République démocratique populaire lao	Asie de l'Est et Pacifique	1
#F8766D	5.969	1963	République démocratique populaire lao	158	République démocratique populaire lao	Asie de l'Est et Pacifique	1
#F8766D	5.971	1964	République démocratique populaire lao	158	République démocratique populaire lao	Asie de l'Est et Pacifique	1
#F8766D	5.973	1965	République démocratique populaire lao	158	République démocratique populaire lao	Asie de l'Est et Pacifique	1
#F8766D	5.974	1966	République démocratique populaire lao	158	République démocratique populaire lao	Asie de l'Est et Pacifique	1
#F8766D	5.973	1967	République démocratique populaire lao	158	République démocratique populaire lao	Asie de l'Est et Pacifique	1
#F8766D	5.973	1968	République démocratique populaire lao	158	République démocratique populaire lao	Asie de l'Est et Pacifique	1
#F8766D	5.972	1969	République démocratique populaire lao	158	République démocratique populaire lao	Asie de l'Est et Pacifique	1
#F8766D	5.974	1970	République démocratique populaire lao	158	République démocratique populaire lao	Asie de l'Est et Pacifique	1
#F8766D	5.979	1971	République démocratique populaire lao	158	République démocratique populaire lao	Asie de l'Est et Pacifique	1
#F8766D	5.99	1972	République démocratique populaire lao	158	République démocratique populaire lao	Asie de l'Est et Pacifique	1
#F8766D	6.006	1973	République démocratique populaire lao	158	République démocratique populaire lao	Asie de l'Est et Pacifique	1
#F8766D	6.029	1974	République démocratique populaire lao	158	République démocratique populaire lao	Asie de l'Est et Pacifique	1
#F8766D	6.059	1975	République démocratique populaire lao	158	République démocratique populaire lao	Asie de l'Est et Pacifique	1
#F8766D	6.096	1976	République démocratique populaire lao	158	République démocratique populaire lao	Asie de l'Est et Pacifique	1
#F8766D	6.139	1977	République démocratique populaire lao	158	République démocratique populaire lao	Asie de l'Est et Pacifique	1
#F8766D	6.186	1978	République démocratique populaire lao	158	République démocratique populaire lao	Asie de l'Est et Pacifique	1
#F8766D	6.233	1979	République démocratique populaire lao	158	République démocratique populaire lao	Asie de l'Est et Pacifique	1
#F8766D	6.277	1980	République démocratique populaire lao	158	République démocratique populaire lao	Asie de l'Est et Pacifique	1
#F8766D	6.315	1981	République démocratique populaire lao	158	République démocratique populaire lao	Asie de l'Est et Pacifique	1
#F8766D	6.345	1982	République démocratique populaire lao	158	République démocratique populaire lao	Asie de l'Est et Pacifique	1
#F8766D	6.363	1983	République démocratique populaire lao	158	République démocratique populaire lao	Asie de l'Est et Pacifique	1
#F8766D	6.369	1984	République démocratique populaire lao	158	République démocratique populaire lao	Asie de l'Est et Pacifique	1
#F8766D	6.361	1985	République démocratique populaire lao	158	République démocratique populaire lao	Asie de l'Est et Pacifique	1
#F8766D	6.342	1986	République démocratique populaire lao	158	République démocratique populaire lao	Asie de l'Est et Pacifique	1
#F8766D	6.313	1987	République démocratique populaire lao	158	République démocratique populaire lao	Asie de l'Est et Pacifique	1
#F8766D	6.274	1988	République démocratique populaire lao	158	République démocratique populaire lao	Asie de l'Est et Pacifique	1
#F8766D	6.222	1989	République démocratique populaire lao	158	République démocratique populaire lao	Asie de l'Est et Pacifique	1
#F8766D	6.152	1990	République démocratique populaire lao	158	République démocratique populaire lao	Asie de l'Est et Pacifique	1
#F8766D	6.057	1991	République démocratique populaire lao	158	République démocratique populaire lao	Asie de l'Est et Pacifique	1
#F8766D	5.934	1992	République démocratique populaire lao	158	République démocratique populaire lao	Asie de l'Est et Pacifique	1
#F8766D	5.782	1993	République démocratique populaire lao	158	République démocratique populaire lao	Asie de l'Est et Pacifique	1
#F8766D	5.603	1994	République démocratique populaire lao	158	République démocratique populaire lao	Asie de l'Est et Pacifique	1
#F8766D	5.4	1995	République démocratique populaire lao	158	République démocratique populaire lao	Asie de l'Est et Pacifique	1
#F8766D	5.175	1996	République démocratique populaire lao	158	République démocratique populaire lao	Asie de l'Est et Pacifique	1
#F8766D	4.938	1997	République démocratique populaire lao	158	République démocratique populaire lao	Asie de l'Est et Pacifique	1
#F8766D	4.696	1998	République démocratique populaire lao	158	République démocratique populaire lao	Asie de l'Est et Pacifique	1
#F8766D	4.457	1999	République démocratique populaire lao	158	République démocratique populaire lao	Asie de l'Est et Pacifique	1
#F8766D	4.227	2000	République démocratique populaire lao	158	République démocratique populaire lao	Asie de l'Est et Pacifique	1
#F8766D	4.011	2001	République démocratique populaire lao	158	République démocratique populaire lao	Asie de l'Est et Pacifique	1
#F8766D	3.811	2002	République démocratique populaire lao	158	République démocratique populaire lao	Asie de l'Est et Pacifique	1
#F8766D	3.626	2003	République démocratique populaire lao	158	République démocratique populaire lao	Asie de l'Est et Pacifique	1
#F8766D	3.46	2004	République démocratique populaire lao	158	République démocratique populaire lao	Asie de l'Est et Pacifique	1
#F8766D	3.311	2005	République démocratique populaire lao	158	République démocratique populaire lao	Asie de l'Est et Pacifique	1
#F8766D	3.178	2006	République démocratique populaire lao	158	République démocratique populaire lao	Asie de l'Est et Pacifique	1
#F8766D	3.057	2007	République démocratique populaire lao	158	République démocratique populaire lao	Asie de l'Est et Pacifique	1
#F8766D	2.946	2008	République démocratique populaire lao	158	République démocratique populaire lao	Asie de l'Est et Pacifique	1
#F8766D	2.843	2009	République démocratique populaire lao	158	République démocratique populaire lao	Asie de l'Est et Pacifique	1
#F8766D	2.747	2010	République démocratique populaire lao	158	République démocratique populaire lao	Asie de l'Est et Pacifique	1
#F8766D	2.658	2011	République démocratique populaire lao	158	République démocratique populaire lao	Asie de l'Est et Pacifique	1
#00C094	5.731	1960	Liban	109	Liban	Moyen-Orient et Afrique du Nord	1
#00C094	5.719	1961	Liban	109	Liban	Moyen-Orient et Afrique du Nord	1
#00C094	5.697	1962	Liban	109	Liban	Moyen-Orient et Afrique du Nord	1
#00C094	5.663	1963	Liban	109	Liban	Moyen-Orient et Afrique du Nord	1
#00C094	5.615	1964	Liban	109	Liban	Moyen-Orient et Afrique du Nord	1
#00C094	5.553	1965	Liban	109	Liban	Moyen-Orient et Afrique du Nord	1
#00C094	5.475	1966	Liban	109	Liban	Moyen-Orient et Afrique du Nord	1
#00C094	5.385	1967	Liban	109	Liban	Moyen-Orient et Afrique du Nord	1
#00C094	5.285	1968	Liban	109	Liban	Moyen-Orient et Afrique du Nord	1
#00C094	5.178	1969	Liban	109	Liban	Moyen-Orient et Afrique du Nord	1
#00C094	5.068	1970	Liban	109	Liban	Moyen-Orient et Afrique du Nord	1
#00C094	4.956	1971	Liban	109	Liban	Moyen-Orient et Afrique du Nord	1
#00C094	4.845	1972	Liban	109	Liban	Moyen-Orient et Afrique du Nord	1
#00C094	4.737	1973	Liban	109	Liban	Moyen-Orient et Afrique du Nord	1
#00C094	4.634	1974	Liban	109	Liban	Moyen-Orient et Afrique du Nord	1
#00C094	4.536	1975	Liban	109	Liban	Moyen-Orient et Afrique du Nord	1
#00C094	4.445	1976	Liban	109	Liban	Moyen-Orient et Afrique du Nord	1
#00C094	4.359	1977	Liban	109	Liban	Moyen-Orient et Afrique du Nord	1
#00C094	4.276	1978	Liban	109	Liban	Moyen-Orient et Afrique du Nord	1
#00C094	4.194	1979	Liban	109	Liban	Moyen-Orient et Afrique du Nord	1
#00C094	4.111	1980	Liban	109	Liban	Moyen-Orient et Afrique du Nord	1
#00C094	4.021	1981	Liban	109	Liban	Moyen-Orient et Afrique du Nord	1
#00C094	3.924	1982	Liban	109	Liban	Moyen-Orient et Afrique du Nord	1
#00C094	3.82	1983	Liban	109	Liban	Moyen-Orient et Afrique du Nord	1
#00C094	3.709	1984	Liban	109	Liban	Moyen-Orient et Afrique du Nord	1
#00C094	3.596	1985	Liban	109	Liban	Moyen-Orient et Afrique du Nord	1
#00C094	3.485	1986	Liban	109	Liban	Moyen-Orient et Afrique du Nord	1
#00C094	3.381	1987	Liban	109	Liban	Moyen-Orient et Afrique du Nord	1
#00C094	3.288	1988	Liban	109	Liban	Moyen-Orient et Afrique du Nord	1
#00C094	3.206	1989	Liban	109	Liban	Moyen-Orient et Afrique du Nord	1
#00C094	3.137	1990	Liban	109	Liban	Moyen-Orient et Afrique du Nord	1
#00C094	3.078	1991	Liban	109	Liban	Moyen-Orient et Afrique du Nord	1
#00C094	3.027	1992	Liban	109	Liban	Moyen-Orient et Afrique du Nord	1
#00C094	2.977	1993	Liban	109	Liban	Moyen-Orient et Afrique du Nord	1
#00C094	2.926	1994	Liban	109	Liban	Moyen-Orient et Afrique du Nord	1
#00C094	2.868	1995	Liban	109	Liban	Moyen-Orient et Afrique du Nord	1
#00C094	2.797	1996	Liban	109	Liban	Moyen-Orient et Afrique du Nord	1
#00C094	2.711	1997	Liban	109	Liban	Moyen-Orient et Afrique du Nord	1
#00C094	2.613	1998	Liban	109	Liban	Moyen-Orient et Afrique du Nord	1
#00C094	2.503	1999	Liban	109	Liban	Moyen-Orient et Afrique du Nord	1
#00C094	2.387	2000	Liban	109	Liban	Moyen-Orient et Afrique du Nord	1
#00C094	2.272	2001	Liban	109	Liban	Moyen-Orient et Afrique du Nord	1
#00C094	2.165	2002	Liban	109	Liban	Moyen-Orient et Afrique du Nord	1
#00C094	2.073	2003	Liban	109	Liban	Moyen-Orient et Afrique du Nord	1
#00C094	1.997	2004	Liban	109	Liban	Moyen-Orient et Afrique du Nord	1
#00C094	1.939	2005	Liban	109	Liban	Moyen-Orient et Afrique du Nord	1
#00C094	1.896	2006	Liban	109	Liban	Moyen-Orient et Afrique du Nord	1
#00C094	1.865	2007	Liban	109	Liban	Moyen-Orient et Afrique du Nord	1
#00C094	1.84	2008	Liban	109	Liban	Moyen-Orient et Afrique du Nord	1
#00C094	1.819	2009	Liban	109	Liban	Moyen-Orient et Afrique du Nord	1
#00C094	1.8	2010	Liban	109	Liban	Moyen-Orient et Afrique du Nord	1
#00C094	1.783	2011	Liban	109	Liban	Moyen-Orient et Afrique du Nord	1
#53B400	6.967	1960	Sainte-Lucie	168	Sainte-Lucie	Amérique latine et Caraïbes	1
#53B400	6.931	1961	Sainte-Lucie	168	Sainte-Lucie	Amérique latine et Caraïbes	1
#53B400	6.88	1962	Sainte-Lucie	168	Sainte-Lucie	Amérique latine et Caraïbes	1
#53B400	6.821	1963	Sainte-Lucie	168	Sainte-Lucie	Amérique latine et Caraïbes	1
#53B400	6.758	1964	Sainte-Lucie	168	Sainte-Lucie	Amérique latine et Caraïbes	1
#53B400	6.688	1965	Sainte-Lucie	168	Sainte-Lucie	Amérique latine et Caraïbes	1
#53B400	6.607	1966	Sainte-Lucie	168	Sainte-Lucie	Amérique latine et Caraïbes	1
#53B400	6.508	1967	Sainte-Lucie	168	Sainte-Lucie	Amérique latine et Caraïbes	1
#53B400	6.387	1968	Sainte-Lucie	168	Sainte-Lucie	Amérique latine et Caraïbes	1
#53B400	6.249	1969	Sainte-Lucie	168	Sainte-Lucie	Amérique latine et Caraïbes	1
#53B400	6.101	1970	Sainte-Lucie	168	Sainte-Lucie	Amérique latine et Caraïbes	1
#53B400	5.953	1971	Sainte-Lucie	168	Sainte-Lucie	Amérique latine et Caraïbes	1
#53B400	5.813	1972	Sainte-Lucie	168	Sainte-Lucie	Amérique latine et Caraïbes	1
#53B400	5.686	1973	Sainte-Lucie	168	Sainte-Lucie	Amérique latine et Caraïbes	1
#53B400	5.571	1974	Sainte-Lucie	168	Sainte-Lucie	Amérique latine et Caraïbes	1
#53B400	5.462	1975	Sainte-Lucie	168	Sainte-Lucie	Amérique latine et Caraïbes	1
#53B400	5.347	1976	Sainte-Lucie	168	Sainte-Lucie	Amérique latine et Caraïbes	1
#53B400	5.216	1977	Sainte-Lucie	168	Sainte-Lucie	Amérique latine et Caraïbes	1
#53B400	5.064	1978	Sainte-Lucie	168	Sainte-Lucie	Amérique latine et Caraïbes	1
#53B400	4.891	1979	Sainte-Lucie	168	Sainte-Lucie	Amérique latine et Caraïbes	1
#53B400	4.703	1980	Sainte-Lucie	168	Sainte-Lucie	Amérique latine et Caraïbes	1
#53B400	4.512	1981	Sainte-Lucie	168	Sainte-Lucie	Amérique latine et Caraïbes	1
#53B400	4.328	1982	Sainte-Lucie	168	Sainte-Lucie	Amérique latine et Caraïbes	1
#53B400	4.161	1983	Sainte-Lucie	168	Sainte-Lucie	Amérique latine et Caraïbes	1
#53B400	4.014	1984	Sainte-Lucie	168	Sainte-Lucie	Amérique latine et Caraïbes	1
#53B400	3.888	1985	Sainte-Lucie	168	Sainte-Lucie	Amérique latine et Caraïbes	1
#53B400	3.781	1986	Sainte-Lucie	168	Sainte-Lucie	Amérique latine et Caraïbes	1
#53B400	3.683	1987	Sainte-Lucie	168	Sainte-Lucie	Amérique latine et Caraïbes	1
#53B400	3.589	1988	Sainte-Lucie	168	Sainte-Lucie	Amérique latine et Caraïbes	1
#53B400	3.495	1989	Sainte-Lucie	168	Sainte-Lucie	Amérique latine et Caraïbes	1
#53B400	3.398	1990	Sainte-Lucie	168	Sainte-Lucie	Amérique latine et Caraïbes	1
#53B400	3.2	1991	Sainte-Lucie	168	Sainte-Lucie	Amérique latine et Caraïbes	1
#53B400	3	1992	Sainte-Lucie	168	Sainte-Lucie	Amérique latine et Caraïbes	1
#53B400	2.8	1993	Sainte-Lucie	168	Sainte-Lucie	Amérique latine et Caraïbes	1
#53B400	2.8	1994	Sainte-Lucie	168	Sainte-Lucie	Amérique latine et Caraïbes	1
#53B400	2.9	1995	Sainte-Lucie	168	Sainte-Lucie	Amérique latine et Caraïbes	1
#53B400	2.5	1996	Sainte-Lucie	168	Sainte-Lucie	Amérique latine et Caraïbes	1
#53B400	2.6	1997	Sainte-Lucie	168	Sainte-Lucie	Amérique latine et Caraïbes	1
#53B400	2.1	1998	Sainte-Lucie	168	Sainte-Lucie	Amérique latine et Caraïbes	1
#53B400	2.1	1999	Sainte-Lucie	168	Sainte-Lucie	Amérique latine et Caraïbes	1
#53B400	2	2000	Sainte-Lucie	168	Sainte-Lucie	Amérique latine et Caraïbes	1
#53B400	2.2	2001	Sainte-Lucie	168	Sainte-Lucie	Amérique latine et Caraïbes	1
#53B400	2.1	2002	Sainte-Lucie	168	Sainte-Lucie	Amérique latine et Caraïbes	1
#53B400	2.101	2003	Sainte-Lucie	168	Sainte-Lucie	Amérique latine et Caraïbes	1
#53B400	2.066	2004	Sainte-Lucie	168	Sainte-Lucie	Amérique latine et Caraïbes	1
#53B400	2.046	2005	Sainte-Lucie	168	Sainte-Lucie	Amérique latine et Caraïbes	1
#53B400	2.035	2006	Sainte-Lucie	168	Sainte-Lucie	Amérique latine et Caraïbes	1
#53B400	2.026	2007	Sainte-Lucie	168	Sainte-Lucie	Amérique latine et Caraïbes	1
#53B400	2.014	2008	Sainte-Lucie	168	Sainte-Lucie	Amérique latine et Caraïbes	1
#53B400	1.997	2009	Sainte-Lucie	168	Sainte-Lucie	Amérique latine et Caraïbes	1
#53B400	1.98	2010	Sainte-Lucie	168	Sainte-Lucie	Amérique latine et Caraïbes	1
#53B400	1.954	2011	Sainte-Lucie	168	Sainte-Lucie	Amérique latine et Caraïbes	1
#A58AFF	5.541	1960	Sri Lanka	181	Sri Lanka	Asie du Sud	1
#A58AFF	5.421	1961	Sri Lanka	181	Sri Lanka	Asie du Sud	1
#A58AFF	5.299	1962	Sri Lanka	181	Sri Lanka	Asie du Sud	1
#A58AFF	5.18	1963	Sri Lanka	181	Sri Lanka	Asie du Sud	1
#A58AFF	5.067	1964	Sri Lanka	181	Sri Lanka	Asie du Sud	1
#A58AFF	4.959	1965	Sri Lanka	181	Sri Lanka	Asie du Sud	1
#A58AFF	4.849	1966	Sri Lanka	181	Sri Lanka	Asie du Sud	1
#A58AFF	4.734	1967	Sri Lanka	181	Sri Lanka	Asie du Sud	1
#A58AFF	4.609	1968	Sri Lanka	181	Sri Lanka	Asie du Sud	1
#A58AFF	4.477	1969	Sri Lanka	181	Sri Lanka	Asie du Sud	1
#A58AFF	4.342	1970	Sri Lanka	181	Sri Lanka	Asie du Sud	1
#A58AFF	4.208	1971	Sri Lanka	181	Sri Lanka	Asie du Sud	1
#A58AFF	4.083	1972	Sri Lanka	181	Sri Lanka	Asie du Sud	1
#A58AFF	3.97	1973	Sri Lanka	181	Sri Lanka	Asie du Sud	1
#A58AFF	3.87	1974	Sri Lanka	181	Sri Lanka	Asie du Sud	1
#A58AFF	3.783	1975	Sri Lanka	181	Sri Lanka	Asie du Sud	1
#A58AFF	3.705	1976	Sri Lanka	181	Sri Lanka	Asie du Sud	1
#A58AFF	3.633	1977	Sri Lanka	181	Sri Lanka	Asie du Sud	1
#A58AFF	3.562	1978	Sri Lanka	181	Sri Lanka	Asie du Sud	1
#A58AFF	3.488	1979	Sri Lanka	181	Sri Lanka	Asie du Sud	1
#A58AFF	3.408	1980	Sri Lanka	181	Sri Lanka	Asie du Sud	1
#A58AFF	3.319	1981	Sri Lanka	181	Sri Lanka	Asie du Sud	1
#A58AFF	3.222	1982	Sri Lanka	181	Sri Lanka	Asie du Sud	1
#A58AFF	3.119	1983	Sri Lanka	181	Sri Lanka	Asie du Sud	1
#A58AFF	3.01	1984	Sri Lanka	181	Sri Lanka	Asie du Sud	1
#A58AFF	2.902	1985	Sri Lanka	181	Sri Lanka	Asie du Sud	1
#A58AFF	2.798	1986	Sri Lanka	181	Sri Lanka	Asie du Sud	1
#A58AFF	2.702	1987	Sri Lanka	181	Sri Lanka	Asie du Sud	1
#A58AFF	2.619	1988	Sri Lanka	181	Sri Lanka	Asie du Sud	1
#A58AFF	2.548	1989	Sri Lanka	181	Sri Lanka	Asie du Sud	1
#A58AFF	2.488	1990	Sri Lanka	181	Sri Lanka	Asie du Sud	1
#A58AFF	2.435	1991	Sri Lanka	181	Sri Lanka	Asie du Sud	1
#A58AFF	2.385	1992	Sri Lanka	181	Sri Lanka	Asie du Sud	1
#A58AFF	2.337	1993	Sri Lanka	181	Sri Lanka	Asie du Sud	1
#A58AFF	2.289	1994	Sri Lanka	181	Sri Lanka	Asie du Sud	1
#A58AFF	2.245	1995	Sri Lanka	181	Sri Lanka	Asie du Sud	1
#A58AFF	2.208	1996	Sri Lanka	181	Sri Lanka	Asie du Sud	1
#A58AFF	2.184	1997	Sri Lanka	181	Sri Lanka	Asie du Sud	1
#A58AFF	2.173	1998	Sri Lanka	181	Sri Lanka	Asie du Sud	1
#A58AFF	2.176	1999	Sri Lanka	181	Sri Lanka	Asie du Sud	1
#A58AFF	2.191	2000	Sri Lanka	181	Sri Lanka	Asie du Sud	1
#A58AFF	2.216	2001	Sri Lanka	181	Sri Lanka	Asie du Sud	1
#A58AFF	2.247	2002	Sri Lanka	181	Sri Lanka	Asie du Sud	1
#A58AFF	2.279	2003	Sri Lanka	181	Sri Lanka	Asie du Sud	1
#A58AFF	2.308	2004	Sri Lanka	181	Sri Lanka	Asie du Sud	1
#A58AFF	2.331	2005	Sri Lanka	181	Sri Lanka	Asie du Sud	1
#A58AFF	2.345	2006	Sri Lanka	181	Sri Lanka	Asie du Sud	1
#A58AFF	2.35	2007	Sri Lanka	181	Sri Lanka	Asie du Sud	1
#A58AFF	2.346	2008	Sri Lanka	181	Sri Lanka	Asie du Sud	1
#A58AFF	2.333	2009	Sri Lanka	181	Sri Lanka	Asie du Sud	1
#A58AFF	2.313	2010	Sri Lanka	181	Sri Lanka	Asie du Sud	1
#A58AFF	2.287	2011	Sri Lanka	181	Sri Lanka	Asie du Sud	1
#FB61D7	6.406	1960	Libéria	110	Libéria	Afrique subsaharienne	1
#FB61D7	6.429	1961	Libéria	110	Libéria	Afrique subsaharienne	1
#FB61D7	6.453	1962	Libéria	110	Libéria	Afrique subsaharienne	1
#FB61D7	6.476	1963	Libéria	110	Libéria	Afrique subsaharienne	1
#FB61D7	6.5	1964	Libéria	110	Libéria	Afrique subsaharienne	1
#FB61D7	6.524	1965	Libéria	110	Libéria	Afrique subsaharienne	1
#FB61D7	6.552	1966	Libéria	110	Libéria	Afrique subsaharienne	1
#FB61D7	6.583	1967	Libéria	110	Libéria	Afrique subsaharienne	1
#FB61D7	6.617	1968	Libéria	110	Libéria	Afrique subsaharienne	1
#FB61D7	6.655	1969	Libéria	110	Libéria	Afrique subsaharienne	1
#FB61D7	6.695	1970	Libéria	110	Libéria	Afrique subsaharienne	1
#FB61D7	6.736	1971	Libéria	110	Libéria	Afrique subsaharienne	1
#FB61D7	6.777	1972	Libéria	110	Libéria	Afrique subsaharienne	1
#FB61D7	6.815	1973	Libéria	110	Libéria	Afrique subsaharienne	1
#FB61D7	6.849	1974	Libéria	110	Libéria	Afrique subsaharienne	1
#FB61D7	6.88	1975	Libéria	110	Libéria	Afrique subsaharienne	1
#FB61D7	6.907	1976	Libéria	110	Libéria	Afrique subsaharienne	1
#FB61D7	6.93	1977	Libéria	110	Libéria	Afrique subsaharienne	1
#FB61D7	6.95	1978	Libéria	110	Libéria	Afrique subsaharienne	1
#FB61D7	6.964	1979	Libéria	110	Libéria	Afrique subsaharienne	1
#FB61D7	6.972	1980	Libéria	110	Libéria	Afrique subsaharienne	1
#FB61D7	6.973	1981	Libéria	110	Libéria	Afrique subsaharienne	1
#FB61D7	6.964	1982	Libéria	110	Libéria	Afrique subsaharienne	1
#FB61D7	6.944	1983	Libéria	110	Libéria	Afrique subsaharienne	1
#FB61D7	6.915	1984	Libéria	110	Libéria	Afrique subsaharienne	1
#FB61D7	6.873	1985	Libéria	110	Libéria	Afrique subsaharienne	1
#FB61D7	6.819	1986	Libéria	110	Libéria	Afrique subsaharienne	1
#FB61D7	6.755	1987	Libéria	110	Libéria	Afrique subsaharienne	1
#FB61D7	6.681	1988	Libéria	110	Libéria	Afrique subsaharienne	1
#FB61D7	6.602	1989	Libéria	110	Libéria	Afrique subsaharienne	1
#FB61D7	6.519	1990	Libéria	110	Libéria	Afrique subsaharienne	1
#FB61D7	6.437	1991	Libéria	110	Libéria	Afrique subsaharienne	1
#FB61D7	6.357	1992	Libéria	110	Libéria	Afrique subsaharienne	1
#FB61D7	6.282	1993	Libéria	110	Libéria	Afrique subsaharienne	1
#FB61D7	6.213	1994	Libéria	110	Libéria	Afrique subsaharienne	1
#FB61D7	6.149	1995	Libéria	110	Libéria	Afrique subsaharienne	1
#FB61D7	6.089	1996	Libéria	110	Libéria	Afrique subsaharienne	1
#FB61D7	6.031	1997	Libéria	110	Libéria	Afrique subsaharienne	1
#FB61D7	5.971	1998	Libéria	110	Libéria	Afrique subsaharienne	1
#FB61D7	5.91	1999	Libéria	110	Libéria	Afrique subsaharienne	1
#FB61D7	5.849	2000	Libéria	110	Libéria	Afrique subsaharienne	1
#FB61D7	5.788	2001	Libéria	110	Libéria	Afrique subsaharienne	1
#FB61D7	5.729	2002	Libéria	110	Libéria	Afrique subsaharienne	1
#FB61D7	5.673	2003	Libéria	110	Libéria	Afrique subsaharienne	1
#FB61D7	5.618	2004	Libéria	110	Libéria	Afrique subsaharienne	1
#FB61D7	5.563	2005	Libéria	110	Libéria	Afrique subsaharienne	1
#FB61D7	5.507	2006	Libéria	110	Libéria	Afrique subsaharienne	1
#FB61D7	5.447	2007	Libéria	110	Libéria	Afrique subsaharienne	1
#FB61D7	5.382	2008	Libéria	110	Libéria	Afrique subsaharienne	1
#FB61D7	5.312	2009	Libéria	110	Libéria	Afrique subsaharienne	1
#FB61D7	5.238	2010	Libéria	110	Libéria	Afrique subsaharienne	1
#FB61D7	5.161	2011	Libéria	110	Libéria	Afrique subsaharienne	1
#FB61D7	5.839	1960	Lesotho	107	Lesotho	Afrique subsaharienne	1
#FB61D7	5.829	1961	Lesotho	107	Lesotho	Afrique subsaharienne	1
#FB61D7	5.82	1962	Lesotho	107	Lesotho	Afrique subsaharienne	1
#FB61D7	5.812	1963	Lesotho	107	Lesotho	Afrique subsaharienne	1
#FB61D7	5.806	1964	Lesotho	107	Lesotho	Afrique subsaharienne	1
#FB61D7	5.802	1965	Lesotho	107	Lesotho	Afrique subsaharienne	1
#FB61D7	5.801	1966	Lesotho	107	Lesotho	Afrique subsaharienne	1
#FB61D7	5.803	1967	Lesotho	107	Lesotho	Afrique subsaharienne	1
#FB61D7	5.805	1968	Lesotho	107	Lesotho	Afrique subsaharienne	1
#FB61D7	5.807	1969	Lesotho	107	Lesotho	Afrique subsaharienne	1
#FB61D7	5.808	1970	Lesotho	107	Lesotho	Afrique subsaharienne	1
#FB61D7	5.807	1971	Lesotho	107	Lesotho	Afrique subsaharienne	1
#FB61D7	5.802	1972	Lesotho	107	Lesotho	Afrique subsaharienne	1
#FB61D7	5.794	1973	Lesotho	107	Lesotho	Afrique subsaharienne	1
#FB61D7	5.78	1974	Lesotho	107	Lesotho	Afrique subsaharienne	1
#FB61D7	5.761	1975	Lesotho	107	Lesotho	Afrique subsaharienne	1
#FB61D7	5.736	1976	Lesotho	107	Lesotho	Afrique subsaharienne	1
#FB61D7	5.706	1977	Lesotho	107	Lesotho	Afrique subsaharienne	1
#FB61D7	5.672	1978	Lesotho	107	Lesotho	Afrique subsaharienne	1
#FB61D7	5.633	1979	Lesotho	107	Lesotho	Afrique subsaharienne	1
#FB61D7	5.589	1980	Lesotho	107	Lesotho	Afrique subsaharienne	1
#FB61D7	5.542	1981	Lesotho	107	Lesotho	Afrique subsaharienne	1
#FB61D7	5.491	1982	Lesotho	107	Lesotho	Afrique subsaharienne	1
#FB61D7	5.436	1983	Lesotho	107	Lesotho	Afrique subsaharienne	1
#FB61D7	5.377	1984	Lesotho	107	Lesotho	Afrique subsaharienne	1
#FB61D7	5.313	1985	Lesotho	107	Lesotho	Afrique subsaharienne	1
#FB61D7	5.244	1986	Lesotho	107	Lesotho	Afrique subsaharienne	1
#FB61D7	5.169	1987	Lesotho	107	Lesotho	Afrique subsaharienne	1
#FB61D7	5.088	1988	Lesotho	107	Lesotho	Afrique subsaharienne	1
#FB61D7	5.004	1989	Lesotho	107	Lesotho	Afrique subsaharienne	1
#FB61D7	4.919	1990	Lesotho	107	Lesotho	Afrique subsaharienne	1
#FB61D7	4.837	1991	Lesotho	107	Lesotho	Afrique subsaharienne	1
#FB61D7	4.759	1992	Lesotho	107	Lesotho	Afrique subsaharienne	1
#FB61D7	4.686	1993	Lesotho	107	Lesotho	Afrique subsaharienne	1
#FB61D7	4.617	1994	Lesotho	107	Lesotho	Afrique subsaharienne	1
#FB61D7	4.548	1995	Lesotho	107	Lesotho	Afrique subsaharienne	1
#FB61D7	4.475	1996	Lesotho	107	Lesotho	Afrique subsaharienne	1
#FB61D7	4.394	1997	Lesotho	107	Lesotho	Afrique subsaharienne	1
#FB61D7	4.302	1998	Lesotho	107	Lesotho	Afrique subsaharienne	1
#FB61D7	4.2	1999	Lesotho	107	Lesotho	Afrique subsaharienne	1
#FB61D7	4.089	2000	Lesotho	107	Lesotho	Afrique subsaharienne	1
#FB61D7	3.975	2001	Lesotho	107	Lesotho	Afrique subsaharienne	1
#FB61D7	3.862	2002	Lesotho	107	Lesotho	Afrique subsaharienne	1
#FB61D7	3.755	2003	Lesotho	107	Lesotho	Afrique subsaharienne	1
#FB61D7	3.655	2004	Lesotho	107	Lesotho	Afrique subsaharienne	1
#FB61D7	3.564	2005	Lesotho	107	Lesotho	Afrique subsaharienne	1
#FB61D7	3.481	2006	Lesotho	107	Lesotho	Afrique subsaharienne	1
#FB61D7	3.405	2007	Lesotho	107	Lesotho	Afrique subsaharienne	1
#FB61D7	3.333	2008	Lesotho	107	Lesotho	Afrique subsaharienne	1
#FB61D7	3.265	2009	Lesotho	107	Lesotho	Afrique subsaharienne	1
#FB61D7	3.199	2010	Lesotho	107	Lesotho	Afrique subsaharienne	1
#FB61D7	3.137	2011	Lesotho	107	Lesotho	Afrique subsaharienne	1
#C49A00	2.56	1960	Lituanie	112	Lituanie	Europe et Asie centrale	1
#C49A00	2.53	1961	Lituanie	112	Lituanie	Europe et Asie centrale	1
#C49A00	2.45	1962	Lituanie	112	Lituanie	Europe et Asie centrale	1
#C49A00	2.35	1963	Lituanie	112	Lituanie	Europe et Asie centrale	1
#C49A00	2.28	1964	Lituanie	112	Lituanie	Europe et Asie centrale	1
#C49A00	2.23	1965	Lituanie	112	Lituanie	Europe et Asie centrale	1
#C49A00	2.22	1966	Lituanie	112	Lituanie	Europe et Asie centrale	1
#C49A00	2.23	1967	Lituanie	112	Lituanie	Europe et Asie centrale	1
#C49A00	2.24	1968	Lituanie	112	Lituanie	Europe et Asie centrale	1
#C49A00	2.3	1969	Lituanie	112	Lituanie	Europe et Asie centrale	1
#C49A00	2.37	1970	Lituanie	112	Lituanie	Europe et Asie centrale	1
#C49A00	2.38	1971	Lituanie	112	Lituanie	Europe et Asie centrale	1
#C49A00	2.33	1972	Lituanie	112	Lituanie	Europe et Asie centrale	1
#C49A00	2.25	1973	Lituanie	112	Lituanie	Europe et Asie centrale	1
#C49A00	2.21	1974	Lituanie	112	Lituanie	Europe et Asie centrale	1
#C49A00	2.19	1975	Lituanie	112	Lituanie	Europe et Asie centrale	1
#C49A00	2.17	1976	Lituanie	112	Lituanie	Europe et Asie centrale	1
#C49A00	2.13	1977	Lituanie	112	Lituanie	Europe et Asie centrale	1
#C49A00	2.09	1978	Lituanie	112	Lituanie	Europe et Asie centrale	1
#C49A00	2.04	1979	Lituanie	112	Lituanie	Europe et Asie centrale	1
#C49A00	2.03	1980	Lituanie	112	Lituanie	Europe et Asie centrale	1
#C49A00	1.98	1981	Lituanie	112	Lituanie	Europe et Asie centrale	1
#C49A00	1.99	1982	Lituanie	112	Lituanie	Europe et Asie centrale	1
#C49A00	2.04	1983	Lituanie	112	Lituanie	Europe et Asie centrale	1
#C49A00	2.09	1984	Lituanie	112	Lituanie	Europe et Asie centrale	1
#C49A00	2.1	1985	Lituanie	112	Lituanie	Europe et Asie centrale	1
#C49A00	2.14	1986	Lituanie	112	Lituanie	Europe et Asie centrale	1
#C49A00	2.16	1987	Lituanie	112	Lituanie	Europe et Asie centrale	1
#C49A00	2.09	1988	Lituanie	112	Lituanie	Europe et Asie centrale	1
#C49A00	1.98	1989	Lituanie	112	Lituanie	Europe et Asie centrale	1
#C49A00	2.03	1990	Lituanie	112	Lituanie	Europe et Asie centrale	1
#C49A00	1.97	1991	Lituanie	112	Lituanie	Europe et Asie centrale	1
#C49A00	1.89	1992	Lituanie	112	Lituanie	Europe et Asie centrale	1
#C49A00	1.67	1993	Lituanie	112	Lituanie	Europe et Asie centrale	1
#C49A00	1.57	1994	Lituanie	112	Lituanie	Europe et Asie centrale	1
#C49A00	1.55	1995	Lituanie	112	Lituanie	Europe et Asie centrale	1
#C49A00	1.49	1996	Lituanie	112	Lituanie	Europe et Asie centrale	1
#C49A00	1.47	1997	Lituanie	112	Lituanie	Europe et Asie centrale	1
#C49A00	1.46	1998	Lituanie	112	Lituanie	Europe et Asie centrale	1
#C49A00	1.46	1999	Lituanie	112	Lituanie	Europe et Asie centrale	1
#C49A00	1.39	2000	Lituanie	112	Lituanie	Europe et Asie centrale	1
#C49A00	1.3	2001	Lituanie	112	Lituanie	Europe et Asie centrale	1
#C49A00	1.24	2002	Lituanie	112	Lituanie	Europe et Asie centrale	1
#C49A00	1.26	2003	Lituanie	112	Lituanie	Europe et Asie centrale	1
#C49A00	1.26	2004	Lituanie	112	Lituanie	Europe et Asie centrale	1
#C49A00	1.27	2005	Lituanie	112	Lituanie	Europe et Asie centrale	1
#C49A00	1.31	2006	Lituanie	112	Lituanie	Europe et Asie centrale	1
#C49A00	1.35	2007	Lituanie	112	Lituanie	Europe et Asie centrale	1
#C49A00	1.47	2008	Lituanie	112	Lituanie	Europe et Asie centrale	1
#C49A00	1.55	2009	Lituanie	112	Lituanie	Europe et Asie centrale	1
#C49A00	1.55	2010	Lituanie	112	Lituanie	Europe et Asie centrale	1
#C49A00	1.76	2011	Lituanie	112	Lituanie	Europe et Asie centrale	1
#C49A00	2.28	1960	Luxembourg	113	Luxembourg	Europe et Asie centrale	1
#C49A00	2.369	1962	Luxembourg	113	Luxembourg	Europe et Asie centrale	1
#C49A00	2.34	1964	Luxembourg	113	Luxembourg	Europe et Asie centrale	1
#C49A00	2.42	1965	Luxembourg	113	Luxembourg	Europe et Asie centrale	1
#C49A00	2.34	1966	Luxembourg	113	Luxembourg	Europe et Asie centrale	1
#C49A00	2.24	1967	Luxembourg	113	Luxembourg	Europe et Asie centrale	1
#C49A00	2.12	1968	Luxembourg	113	Luxembourg	Europe et Asie centrale	1
#C49A00	2.02	1969	Luxembourg	113	Luxembourg	Europe et Asie centrale	1
#C49A00	1.98	1970	Luxembourg	113	Luxembourg	Europe et Asie centrale	1
#C49A00	1.92	1971	Luxembourg	113	Luxembourg	Europe et Asie centrale	1
#C49A00	1.72	1972	Luxembourg	113	Luxembourg	Europe et Asie centrale	1
#C49A00	1.52	1973	Luxembourg	113	Luxembourg	Europe et Asie centrale	1
#C49A00	1.55	1974	Luxembourg	113	Luxembourg	Europe et Asie centrale	1
#C49A00	1.55	1975	Luxembourg	113	Luxembourg	Europe et Asie centrale	1
#C49A00	1.45	1977	Luxembourg	113	Luxembourg	Europe et Asie centrale	1
#C49A00	1.49	1978	Luxembourg	113	Luxembourg	Europe et Asie centrale	1
#C49A00	1.48	1979	Luxembourg	113	Luxembourg	Europe et Asie centrale	1
#C49A00	1.5	1980	Luxembourg	113	Luxembourg	Europe et Asie centrale	1
#C49A00	1.55	1981	Luxembourg	113	Luxembourg	Europe et Asie centrale	1
#C49A00	1.49	1982	Luxembourg	113	Luxembourg	Europe et Asie centrale	1
#C49A00	1.44	1983	Luxembourg	113	Luxembourg	Europe et Asie centrale	1
#C49A00	1.43	1984	Luxembourg	113	Luxembourg	Europe et Asie centrale	1
#C49A00	1.38	1985	Luxembourg	113	Luxembourg	Europe et Asie centrale	1
#C49A00	1.44	1986	Luxembourg	113	Luxembourg	Europe et Asie centrale	1
#C49A00	1.4	1987	Luxembourg	113	Luxembourg	Europe et Asie centrale	1
#C49A00	1.51	1988	Luxembourg	113	Luxembourg	Europe et Asie centrale	1
#C49A00	1.52	1989	Luxembourg	113	Luxembourg	Europe et Asie centrale	1
#C49A00	1.62	1990	Luxembourg	113	Luxembourg	Europe et Asie centrale	1
#C49A00	1.6	1991	Luxembourg	113	Luxembourg	Europe et Asie centrale	1
#C49A00	1.67	1992	Luxembourg	113	Luxembourg	Europe et Asie centrale	1
#C49A00	1.69	1993	Luxembourg	113	Luxembourg	Europe et Asie centrale	1
#C49A00	1.72	1994	Luxembourg	113	Luxembourg	Europe et Asie centrale	1
#C49A00	1.68	1995	Luxembourg	113	Luxembourg	Europe et Asie centrale	1
#C49A00	1.76	1996	Luxembourg	113	Luxembourg	Europe et Asie centrale	1
#C49A00	1.71	1997	Luxembourg	113	Luxembourg	Europe et Asie centrale	1
#C49A00	1.68	1998	Luxembourg	113	Luxembourg	Europe et Asie centrale	1
#C49A00	1.74	1999	Luxembourg	113	Luxembourg	Europe et Asie centrale	1
#C49A00	1.76	2000	Luxembourg	113	Luxembourg	Europe et Asie centrale	1
#C49A00	1.66	2001	Luxembourg	113	Luxembourg	Europe et Asie centrale	1
#C49A00	1.63	2002	Luxembourg	113	Luxembourg	Europe et Asie centrale	1
#C49A00	1.62	2003	Luxembourg	113	Luxembourg	Europe et Asie centrale	1
#C49A00	1.66	2004	Luxembourg	113	Luxembourg	Europe et Asie centrale	1
#C49A00	1.63	2005	Luxembourg	113	Luxembourg	Europe et Asie centrale	1
#C49A00	1.65	2006	Luxembourg	113	Luxembourg	Europe et Asie centrale	1
#C49A00	1.61	2007	Luxembourg	113	Luxembourg	Europe et Asie centrale	1
#C49A00	1.61	2008	Luxembourg	113	Luxembourg	Europe et Asie centrale	1
#C49A00	1.59	2009	Luxembourg	113	Luxembourg	Europe et Asie centrale	1
#C49A00	1.63	2010	Luxembourg	113	Luxembourg	Europe et Asie centrale	1
#C49A00	1.52	2011	Luxembourg	113	Luxembourg	Europe et Asie centrale	1
#C49A00	1.94	1960	Lettonie	108	Lettonie	Europe et Asie centrale	1
#C49A00	1.94	1961	Lettonie	108	Lettonie	Europe et Asie centrale	1
#C49A00	1.91	1962	Lettonie	108	Lettonie	Europe et Asie centrale	1
#C49A00	1.85	1963	Lettonie	108	Lettonie	Europe et Asie centrale	1
#C49A00	1.79	1964	Lettonie	108	Lettonie	Europe et Asie centrale	1
#C49A00	1.74	1965	Lettonie	108	Lettonie	Europe et Asie centrale	1
#C49A00	1.76	1966	Lettonie	108	Lettonie	Europe et Asie centrale	1
#C49A00	1.8	1967	Lettonie	108	Lettonie	Europe et Asie centrale	1
#C49A00	1.83	1968	Lettonie	108	Lettonie	Europe et Asie centrale	1
#C49A00	1.88	1969	Lettonie	108	Lettonie	Europe et Asie centrale	1
#C49A00	1.96	1970	Lettonie	108	Lettonie	Europe et Asie centrale	1
#C49A00	2	1971	Lettonie	108	Lettonie	Europe et Asie centrale	1
#C49A00	2	1972	Lettonie	108	Lettonie	Europe et Asie centrale	1
#C49A00	1.98	1973	Lettonie	108	Lettonie	Europe et Asie centrale	1
#C49A00	1.97	1974	Lettonie	108	Lettonie	Europe et Asie centrale	1
#C49A00	1.96	1975	Lettonie	108	Lettonie	Europe et Asie centrale	1
#C49A00	1.93	1976	Lettonie	108	Lettonie	Europe et Asie centrale	1
#C49A00	1.89	1977	Lettonie	108	Lettonie	Europe et Asie centrale	1
#C49A00	1.87	1978	Lettonie	108	Lettonie	Europe et Asie centrale	1
#C49A00	1.87	1979	Lettonie	108	Lettonie	Europe et Asie centrale	1
#C49A00	1.86	1980	Lettonie	108	Lettonie	Europe et Asie centrale	1
#C49A00	1.88	1981	Lettonie	108	Lettonie	Europe et Asie centrale	1
#C49A00	1.97	1982	Lettonie	108	Lettonie	Europe et Asie centrale	1
#C49A00	2.07	1983	Lettonie	108	Lettonie	Europe et Asie centrale	1
#C49A00	2.09	1984	Lettonie	108	Lettonie	Europe et Asie centrale	1
#C49A00	2.08	1985	Lettonie	108	Lettonie	Europe et Asie centrale	1
#C49A00	2.12	1986	Lettonie	108	Lettonie	Europe et Asie centrale	1
#C49A00	2.15	1987	Lettonie	108	Lettonie	Europe et Asie centrale	1
#C49A00	2.11	1988	Lettonie	108	Lettonie	Europe et Asie centrale	1
#C49A00	2.05	1989	Lettonie	108	Lettonie	Europe et Asie centrale	1
#C49A00	2.02	1990	Lettonie	108	Lettonie	Europe et Asie centrale	1
#C49A00	1.86	1991	Lettonie	108	Lettonie	Europe et Asie centrale	1
#C49A00	1.73	1992	Lettonie	108	Lettonie	Europe et Asie centrale	1
#C49A00	1.51	1993	Lettonie	108	Lettonie	Europe et Asie centrale	1
#C49A00	1.39	1994	Lettonie	108	Lettonie	Europe et Asie centrale	1
#C49A00	1.25	1995	Lettonie	108	Lettonie	Europe et Asie centrale	1
#C49A00	1.16	1996	Lettonie	108	Lettonie	Europe et Asie centrale	1
#C49A00	1.11	1997	Lettonie	108	Lettonie	Europe et Asie centrale	1
#C49A00	1.09	1998	Lettonie	108	Lettonie	Europe et Asie centrale	1
#C49A00	1.16	1999	Lettonie	108	Lettonie	Europe et Asie centrale	1
#C49A00	1.24	2000	Lettonie	108	Lettonie	Europe et Asie centrale	1
#C49A00	1.21	2001	Lettonie	108	Lettonie	Europe et Asie centrale	1
#C49A00	1.23	2002	Lettonie	108	Lettonie	Europe et Asie centrale	1
#C49A00	1.29	2003	Lettonie	108	Lettonie	Europe et Asie centrale	1
#C49A00	1.24	2004	Lettonie	108	Lettonie	Europe et Asie centrale	1
#C49A00	1.31	2005	Lettonie	108	Lettonie	Europe et Asie centrale	1
#C49A00	1.35	2006	Lettonie	108	Lettonie	Europe et Asie centrale	1
#C49A00	1.41	2007	Lettonie	108	Lettonie	Europe et Asie centrale	1
#C49A00	1.44	2008	Lettonie	108	Lettonie	Europe et Asie centrale	1
#C49A00	1.31	2009	Lettonie	108	Lettonie	Europe et Asie centrale	1
#C49A00	1.17	2010	Lettonie	108	Lettonie	Europe et Asie centrale	1
#C49A00	1.34	2011	Lettonie	108	Lettonie	Europe et Asie centrale	1
#00C094	7.057	1960	Libye	111	Libye	Moyen-Orient et Afrique du Nord	1
#00C094	7.103	1961	Libye	111	Libye	Moyen-Orient et Afrique du Nord	1
#00C094	7.156	1962	Libye	111	Libye	Moyen-Orient et Afrique du Nord	1
#00C094	7.214	1963	Libye	111	Libye	Moyen-Orient et Afrique du Nord	1
#00C094	7.275	1964	Libye	111	Libye	Moyen-Orient et Afrique du Nord	1
#00C094	7.338	1965	Libye	111	Libye	Moyen-Orient et Afrique du Nord	1
#00C094	7.399	1966	Libye	111	Libye	Moyen-Orient et Afrique du Nord	1
#00C094	7.455	1967	Libye	111	Libye	Moyen-Orient et Afrique du Nord	1
#00C094	7.505	1968	Libye	111	Libye	Moyen-Orient et Afrique du Nord	1
#00C094	7.545	1969	Libye	111	Libye	Moyen-Orient et Afrique du Nord	1
#00C094	7.573	1970	Libye	111	Libye	Moyen-Orient et Afrique du Nord	1
#00C094	7.586	1971	Libye	111	Libye	Moyen-Orient et Afrique du Nord	1
#00C094	7.584	1972	Libye	111	Libye	Moyen-Orient et Afrique du Nord	1
#00C094	7.569	1973	Libye	111	Libye	Moyen-Orient et Afrique du Nord	1
#00C094	7.543	1974	Libye	111	Libye	Moyen-Orient et Afrique du Nord	1
#00C094	7.511	1975	Libye	111	Libye	Moyen-Orient et Afrique du Nord	1
#00C094	7.482	1976	Libye	111	Libye	Moyen-Orient et Afrique du Nord	1
#00C094	7.459	1977	Libye	111	Libye	Moyen-Orient et Afrique du Nord	1
#00C094	7.44	1978	Libye	111	Libye	Moyen-Orient et Afrique du Nord	1
#00C094	7.418	1979	Libye	111	Libye	Moyen-Orient et Afrique du Nord	1
#00C094	7.38	1980	Libye	111	Libye	Moyen-Orient et Afrique du Nord	1
#00C094	7.308	1981	Libye	111	Libye	Moyen-Orient et Afrique du Nord	1
#00C094	7.189	1982	Libye	111	Libye	Moyen-Orient et Afrique du Nord	1
#00C094	7.017	1983	Libye	111	Libye	Moyen-Orient et Afrique du Nord	1
#00C094	6.79	1984	Libye	111	Libye	Moyen-Orient et Afrique du Nord	1
#00C094	6.513	1985	Libye	111	Libye	Moyen-Orient et Afrique du Nord	1
#00C094	6.194	1986	Libye	111	Libye	Moyen-Orient et Afrique du Nord	1
#00C094	5.851	1987	Libye	111	Libye	Moyen-Orient et Afrique du Nord	1
#00C094	5.5	1988	Libye	111	Libye	Moyen-Orient et Afrique du Nord	1
#00C094	5.154	1989	Libye	111	Libye	Moyen-Orient et Afrique du Nord	1
#00C094	4.826	1990	Libye	111	Libye	Moyen-Orient et Afrique du Nord	1
#00C094	4.521	1991	Libye	111	Libye	Moyen-Orient et Afrique du Nord	1
#00C094	4.241	1992	Libye	111	Libye	Moyen-Orient et Afrique du Nord	1
#00C094	3.988	1993	Libye	111	Libye	Moyen-Orient et Afrique du Nord	1
#00C094	3.764	1994	Libye	111	Libye	Moyen-Orient et Afrique du Nord	1
#00C094	3.575	1995	Libye	111	Libye	Moyen-Orient et Afrique du Nord	1
#00C094	3.423	1996	Libye	111	Libye	Moyen-Orient et Afrique du Nord	1
#00C094	3.302	1997	Libye	111	Libye	Moyen-Orient et Afrique du Nord	1
#00C094	3.207	1998	Libye	111	Libye	Moyen-Orient et Afrique du Nord	1
#00C094	3.135	1999	Libye	111	Libye	Moyen-Orient et Afrique du Nord	1
#00C094	3.079	2000	Libye	111	Libye	Moyen-Orient et Afrique du Nord	1
#00C094	3.034	2001	Libye	111	Libye	Moyen-Orient et Afrique du Nord	1
#00C094	2.994	2002	Libye	111	Libye	Moyen-Orient et Afrique du Nord	1
#00C094	2.955	2003	Libye	111	Libye	Moyen-Orient et Afrique du Nord	1
#00C094	2.913	2004	Libye	111	Libye	Moyen-Orient et Afrique du Nord	1
#00C094	2.865	2005	Libye	111	Libye	Moyen-Orient et Afrique du Nord	1
#00C094	2.81	2006	Libye	111	Libye	Moyen-Orient et Afrique du Nord	1
#00C094	2.751	2007	Libye	111	Libye	Moyen-Orient et Afrique du Nord	1
#00C094	2.689	2008	Libye	111	Libye	Moyen-Orient et Afrique du Nord	1
#00C094	2.627	2009	Libye	111	Libye	Moyen-Orient et Afrique du Nord	1
#00C094	2.564	2010	Libye	111	Libye	Moyen-Orient et Afrique du Nord	1
#00C094	2.502	2011	Libye	111	Libye	Moyen-Orient et Afrique du Nord	1
#00C094	7.17	1960	Maroc	121	Maroc	Moyen-Orient et Afrique du Nord	1
#00C094	7.165	1961	Maroc	121	Maroc	Moyen-Orient et Afrique du Nord	1
#00C094	7.159	1962	Maroc	121	Maroc	Moyen-Orient et Afrique du Nord	1
#00C094	7.152	1963	Maroc	121	Maroc	Moyen-Orient et Afrique du Nord	1
#00C094	7.144	1964	Maroc	121	Maroc	Moyen-Orient et Afrique du Nord	1
#00C094	7.136	1965	Maroc	121	Maroc	Moyen-Orient et Afrique du Nord	1
#00C094	7.129	1966	Maroc	121	Maroc	Moyen-Orient et Afrique du Nord	1
#00C094	7.122	1967	Maroc	121	Maroc	Moyen-Orient et Afrique du Nord	1
#00C094	7.112	1968	Maroc	121	Maroc	Moyen-Orient et Afrique du Nord	1
#00C094	7.095	1969	Maroc	121	Maroc	Moyen-Orient et Afrique du Nord	1
#00C094	7.06	1970	Maroc	121	Maroc	Moyen-Orient et Afrique du Nord	1
#00C094	6.996	1971	Maroc	121	Maroc	Moyen-Orient et Afrique du Nord	1
#00C094	6.897	1972	Maroc	121	Maroc	Moyen-Orient et Afrique du Nord	1
#00C094	6.765	1973	Maroc	121	Maroc	Moyen-Orient et Afrique du Nord	1
#00C094	6.602	1974	Maroc	121	Maroc	Moyen-Orient et Afrique du Nord	1
#00C094	6.42	1975	Maroc	121	Maroc	Moyen-Orient et Afrique du Nord	1
#00C094	6.234	1976	Maroc	121	Maroc	Moyen-Orient et Afrique du Nord	1
#00C094	6.058	1977	Maroc	121	Maroc	Moyen-Orient et Afrique du Nord	1
#00C094	5.902	1978	Maroc	121	Maroc	Moyen-Orient et Afrique du Nord	1
#00C094	5.767	1979	Maroc	121	Maroc	Moyen-Orient et Afrique du Nord	1
#00C094	5.649	1980	Maroc	121	Maroc	Moyen-Orient et Afrique du Nord	1
#00C094	5.537	1981	Maroc	121	Maroc	Moyen-Orient et Afrique du Nord	1
#00C094	5.416	1982	Maroc	121	Maroc	Moyen-Orient et Afrique du Nord	1
#00C094	5.278	1983	Maroc	121	Maroc	Moyen-Orient et Afrique du Nord	1
#00C094	5.12	1984	Maroc	121	Maroc	Moyen-Orient et Afrique du Nord	1
#00C094	4.944	1985	Maroc	121	Maroc	Moyen-Orient et Afrique du Nord	1
#00C094	4.755	1986	Maroc	121	Maroc	Moyen-Orient et Afrique du Nord	1
#00C094	4.564	1987	Maroc	121	Maroc	Moyen-Orient et Afrique du Nord	1
#00C094	4.379	1988	Maroc	121	Maroc	Moyen-Orient et Afrique du Nord	1
#00C094	4.201	1989	Maroc	121	Maroc	Moyen-Orient et Afrique du Nord	1
#00C094	4.034	1990	Maroc	121	Maroc	Moyen-Orient et Afrique du Nord	1
#00C094	3.876	1991	Maroc	121	Maroc	Moyen-Orient et Afrique du Nord	1
#00C094	3.722	1992	Maroc	121	Maroc	Moyen-Orient et Afrique du Nord	1
#00C094	3.573	1993	Maroc	121	Maroc	Moyen-Orient et Afrique du Nord	1
#00C094	3.427	1994	Maroc	121	Maroc	Moyen-Orient et Afrique du Nord	1
#00C094	3.286	1995	Maroc	121	Maroc	Moyen-Orient et Afrique du Nord	1
#00C094	3.151	1996	Maroc	121	Maroc	Moyen-Orient et Afrique du Nord	1
#00C094	3.024	1997	Maroc	121	Maroc	Moyen-Orient et Afrique du Nord	1
#00C094	2.906	1998	Maroc	121	Maroc	Moyen-Orient et Afrique du Nord	1
#00C094	2.798	1999	Maroc	121	Maroc	Moyen-Orient et Afrique du Nord	1
#00C094	2.703	2000	Maroc	121	Maroc	Moyen-Orient et Afrique du Nord	1
#00C094	2.623	2001	Maroc	121	Maroc	Moyen-Orient et Afrique du Nord	1
#00C094	2.557	2002	Maroc	121	Maroc	Moyen-Orient et Afrique du Nord	1
#00C094	2.504	2003	Maroc	121	Maroc	Moyen-Orient et Afrique du Nord	1
#00C094	2.462	2004	Maroc	121	Maroc	Moyen-Orient et Afrique du Nord	1
#00C094	2.429	2005	Maroc	121	Maroc	Moyen-Orient et Afrique du Nord	1
#00C094	2.4	2006	Maroc	121	Maroc	Moyen-Orient et Afrique du Nord	1
#00C094	2.373	2007	Maroc	121	Maroc	Moyen-Orient et Afrique du Nord	1
#00C094	2.345	2008	Maroc	121	Maroc	Moyen-Orient et Afrique du Nord	1
#00C094	2.314	2009	Maroc	121	Maroc	Moyen-Orient et Afrique du Nord	1
#00C094	2.279	2010	Maroc	121	Maroc	Moyen-Orient et Afrique du Nord	1
#00C094	2.242	2011	Maroc	121	Maroc	Moyen-Orient et Afrique du Nord	1
#C49A00	3.328	1960	Moldova	126	Moldova	Europe et Asie centrale	1
#C49A00	3.259	1961	Moldova	126	Moldova	Europe et Asie centrale	1
#C49A00	3.178	1962	Moldova	126	Moldova	Europe et Asie centrale	1
#C49A00	3.086	1963	Moldova	126	Moldova	Europe et Asie centrale	1
#C49A00	2.989	1964	Moldova	126	Moldova	Europe et Asie centrale	1
#C49A00	2.891	1965	Moldova	126	Moldova	Europe et Asie centrale	1
#C49A00	2.801	1966	Moldova	126	Moldova	Europe et Asie centrale	1
#C49A00	2.722	1967	Moldova	126	Moldova	Europe et Asie centrale	1
#C49A00	2.66	1968	Moldova	126	Moldova	Europe et Asie centrale	1
#C49A00	2.613	1969	Moldova	126	Moldova	Europe et Asie centrale	1
#C49A00	2.582	1970	Moldova	126	Moldova	Europe et Asie centrale	1
#C49A00	2.56	1971	Moldova	126	Moldova	Europe et Asie centrale	1
#C49A00	2.542	1972	Moldova	126	Moldova	Europe et Asie centrale	1
#C49A00	2.523	1973	Moldova	126	Moldova	Europe et Asie centrale	1
#C49A00	2.503	1974	Moldova	126	Moldova	Europe et Asie centrale	1
#C49A00	2.483	1975	Moldova	126	Moldova	Europe et Asie centrale	1
#C49A00	2.465	1976	Moldova	126	Moldova	Europe et Asie centrale	1
#C49A00	2.455	1977	Moldova	126	Moldova	Europe et Asie centrale	1
#C49A00	2.454	1978	Moldova	126	Moldova	Europe et Asie centrale	1
#C49A00	2.462	1979	Moldova	126	Moldova	Europe et Asie centrale	1
#C49A00	2.481	1980	Moldova	126	Moldova	Europe et Asie centrale	1
#C49A00	2.51	1981	Moldova	126	Moldova	Europe et Asie centrale	1
#C49A00	2.546	1982	Moldova	126	Moldova	Europe et Asie centrale	1
#C49A00	2.585	1983	Moldova	126	Moldova	Europe et Asie centrale	1
#C49A00	2.62	1984	Moldova	126	Moldova	Europe et Asie centrale	1
#C49A00	2.643	1985	Moldova	126	Moldova	Europe et Asie centrale	1
#C49A00	2.646	1986	Moldova	126	Moldova	Europe et Asie centrale	1
#C49A00	2.625	1987	Moldova	126	Moldova	Europe et Asie centrale	1
#C49A00	2.578	1988	Moldova	126	Moldova	Europe et Asie centrale	1
#C49A00	2.506	1989	Moldova	126	Moldova	Europe et Asie centrale	1
#C49A00	2.413	1990	Moldova	126	Moldova	Europe et Asie centrale	1
#C49A00	2.305	1991	Moldova	126	Moldova	Europe et Asie centrale	1
#C49A00	2.191	1992	Moldova	126	Moldova	Europe et Asie centrale	1
#C49A00	2.079	1993	Moldova	126	Moldova	Europe et Asie centrale	1
#C49A00	1.975	1994	Moldova	126	Moldova	Europe et Asie centrale	1
#C49A00	1.882	1995	Moldova	126	Moldova	Europe et Asie centrale	1
#C49A00	1.801	1996	Moldova	126	Moldova	Europe et Asie centrale	1
#C49A00	1.73	1997	Moldova	126	Moldova	Europe et Asie centrale	1
#C49A00	1.667	1998	Moldova	126	Moldova	Europe et Asie centrale	1
#C49A00	1.613	1999	Moldova	126	Moldova	Europe et Asie centrale	1
#C49A00	1.568	2000	Moldova	126	Moldova	Europe et Asie centrale	1
#C49A00	1.535	2001	Moldova	126	Moldova	Europe et Asie centrale	1
#C49A00	1.511	2002	Moldova	126	Moldova	Europe et Asie centrale	1
#C49A00	1.497	2003	Moldova	126	Moldova	Europe et Asie centrale	1
#C49A00	1.49	2004	Moldova	126	Moldova	Europe et Asie centrale	1
#C49A00	1.488	2005	Moldova	126	Moldova	Europe et Asie centrale	1
#C49A00	1.488	2006	Moldova	126	Moldova	Europe et Asie centrale	1
#C49A00	1.488	2007	Moldova	126	Moldova	Europe et Asie centrale	1
#C49A00	1.486	2008	Moldova	126	Moldova	Europe et Asie centrale	1
#C49A00	1.482	2009	Moldova	126	Moldova	Europe et Asie centrale	1
#C49A00	1.475	2010	Moldova	126	Moldova	Europe et Asie centrale	1
#C49A00	1.466	2011	Moldova	126	Moldova	Europe et Asie centrale	1
#C49A00	2.634	1960	Monténégro	128	Monténégro	Europe et Asie centrale	1
#C49A00	2.6	1961	Monténégro	128	Monténégro	Europe et Asie centrale	1
#C49A00	2.57	1962	Monténégro	128	Monténégro	Europe et Asie centrale	1
#C49A00	2.543	1963	Monténégro	128	Monténégro	Europe et Asie centrale	1
#C49A00	2.517	1964	Monténégro	128	Monténégro	Europe et Asie centrale	1
#C49A00	2.49	1965	Monténégro	128	Monténégro	Europe et Asie centrale	1
#C49A00	2.464	1966	Monténégro	128	Monténégro	Europe et Asie centrale	1
#C49A00	2.44	1967	Monténégro	128	Monténégro	Europe et Asie centrale	1
#C49A00	2.418	1968	Monténégro	128	Monténégro	Europe et Asie centrale	1
#C49A00	2.399	1969	Monténégro	128	Monténégro	Europe et Asie centrale	1
#C49A00	2.384	1970	Monténégro	128	Monténégro	Europe et Asie centrale	1
#C49A00	2.375	1971	Monténégro	128	Monténégro	Europe et Asie centrale	1
#C49A00	2.37	1972	Monténégro	128	Monténégro	Europe et Asie centrale	1
#C49A00	2.37	1973	Monténégro	128	Monténégro	Europe et Asie centrale	1
#C49A00	2.373	1974	Monténégro	128	Monténégro	Europe et Asie centrale	1
#C49A00	2.375	1975	Monténégro	128	Monténégro	Europe et Asie centrale	1
#C49A00	2.373	1976	Monténégro	128	Monténégro	Europe et Asie centrale	1
#C49A00	2.364	1977	Monténégro	128	Monténégro	Europe et Asie centrale	1
#C49A00	2.347	1978	Monténégro	128	Monténégro	Europe et Asie centrale	1
#C49A00	2.321	1979	Monténégro	128	Monténégro	Europe et Asie centrale	1
#C49A00	2.286	1980	Monténégro	128	Monténégro	Europe et Asie centrale	1
#C49A00	2.245	1981	Monténégro	128	Monténégro	Europe et Asie centrale	1
#C49A00	2.2	1982	Monténégro	128	Monténégro	Europe et Asie centrale	1
#C49A00	2.154	1983	Monténégro	128	Monténégro	Europe et Asie centrale	1
#C49A00	2.108	1984	Monténégro	128	Monténégro	Europe et Asie centrale	1
#C49A00	2.064	1985	Monténégro	128	Monténégro	Europe et Asie centrale	1
#C49A00	2.022	1986	Monténégro	128	Monténégro	Europe et Asie centrale	1
#C49A00	1.98	1987	Monténégro	128	Monténégro	Europe et Asie centrale	1
#C49A00	1.94	1988	Monténégro	128	Monténégro	Europe et Asie centrale	1
#C49A00	1.902	1989	Monténégro	128	Monténégro	Europe et Asie centrale	1
#C49A00	1.869	1990	Monténégro	128	Monténégro	Europe et Asie centrale	1
#C49A00	1.843	1991	Monténégro	128	Monténégro	Europe et Asie centrale	1
#C49A00	1.825	1992	Monténégro	128	Monténégro	Europe et Asie centrale	1
#C49A00	1.815	1993	Monténégro	128	Monténégro	Europe et Asie centrale	1
#C49A00	1.813	1994	Monténégro	128	Monténégro	Europe et Asie centrale	1
#C49A00	1.815	1995	Monténégro	128	Monténégro	Europe et Asie centrale	1
#C49A00	1.821	1996	Monténégro	128	Monténégro	Europe et Asie centrale	1
#C49A00	1.826	1997	Monténégro	128	Monténégro	Europe et Asie centrale	1
#C49A00	1.828	1998	Monténégro	128	Monténégro	Europe et Asie centrale	1
#C49A00	1.825	1999	Monténégro	128	Monténégro	Europe et Asie centrale	1
#C49A00	1.818	2000	Monténégro	128	Monténégro	Europe et Asie centrale	1
#C49A00	1.806	2001	Monténégro	128	Monténégro	Europe et Asie centrale	1
#C49A00	1.79	2002	Monténégro	128	Monténégro	Europe et Asie centrale	1
#C49A00	1.773	2003	Monténégro	128	Monténégro	Europe et Asie centrale	1
#C49A00	1.755	2004	Monténégro	128	Monténégro	Europe et Asie centrale	1
#C49A00	1.736	2005	Monténégro	128	Monténégro	Europe et Asie centrale	1
#C49A00	1.718	2006	Monténégro	128	Monténégro	Europe et Asie centrale	1
#C49A00	1.7	2007	Monténégro	128	Monténégro	Europe et Asie centrale	1
#C49A00	1.684	2008	Monténégro	128	Monténégro	Europe et Asie centrale	1
#C49A00	1.669	2009	Monténégro	128	Monténégro	Europe et Asie centrale	1
#C49A00	1.656	2010	Monténégro	128	Monténégro	Europe et Asie centrale	1
#C49A00	1.644	2011	Monténégro	128	Monténégro	Europe et Asie centrale	1
#FB61D7	7.3	1960	Madagascar	115	Madagascar	Afrique subsaharienne	1
#FB61D7	7.3	1961	Madagascar	115	Madagascar	Afrique subsaharienne	1
#FB61D7	7.3	1962	Madagascar	115	Madagascar	Afrique subsaharienne	1
#FB61D7	7.3	1963	Madagascar	115	Madagascar	Afrique subsaharienne	1
#FB61D7	7.3	1964	Madagascar	115	Madagascar	Afrique subsaharienne	1
#FB61D7	7.301	1965	Madagascar	115	Madagascar	Afrique subsaharienne	1
#FB61D7	7.304	1966	Madagascar	115	Madagascar	Afrique subsaharienne	1
#FB61D7	7.31	1967	Madagascar	115	Madagascar	Afrique subsaharienne	1
#FB61D7	7.316	1968	Madagascar	115	Madagascar	Afrique subsaharienne	1
#FB61D7	7.322	1969	Madagascar	115	Madagascar	Afrique subsaharienne	1
#FB61D7	7.325	1970	Madagascar	115	Madagascar	Afrique subsaharienne	1
#FB61D7	7.325	1971	Madagascar	115	Madagascar	Afrique subsaharienne	1
#FB61D7	7.318	1972	Madagascar	115	Madagascar	Afrique subsaharienne	1
#FB61D7	7.3	1973	Madagascar	115	Madagascar	Afrique subsaharienne	1
#FB61D7	7.269	1974	Madagascar	115	Madagascar	Afrique subsaharienne	1
#FB61D7	7.216	1975	Madagascar	115	Madagascar	Afrique subsaharienne	1
#FB61D7	7.129	1976	Madagascar	115	Madagascar	Afrique subsaharienne	1
#FB61D7	7.008	1977	Madagascar	115	Madagascar	Afrique subsaharienne	1
#FB61D7	6.857	1978	Madagascar	115	Madagascar	Afrique subsaharienne	1
#FB61D7	6.687	1979	Madagascar	115	Madagascar	Afrique subsaharienne	1
#FB61D7	6.514	1980	Madagascar	115	Madagascar	Afrique subsaharienne	1
#FB61D7	6.359	1981	Madagascar	115	Madagascar	Afrique subsaharienne	1
#FB61D7	6.24	1982	Madagascar	115	Madagascar	Afrique subsaharienne	1
#FB61D7	6.165	1983	Madagascar	115	Madagascar	Afrique subsaharienne	1
#FB61D7	6.135	1984	Madagascar	115	Madagascar	Afrique subsaharienne	1
#FB61D7	6.146	1985	Madagascar	115	Madagascar	Afrique subsaharienne	1
#FB61D7	6.182	1986	Madagascar	115	Madagascar	Afrique subsaharienne	1
#FB61D7	6.225	1987	Madagascar	115	Madagascar	Afrique subsaharienne	1
#FB61D7	6.256	1988	Madagascar	115	Madagascar	Afrique subsaharienne	1
#FB61D7	6.268	1989	Madagascar	115	Madagascar	Afrique subsaharienne	1
#FB61D7	6.258	1990	Madagascar	115	Madagascar	Afrique subsaharienne	1
#FB61D7	6.225	1991	Madagascar	115	Madagascar	Afrique subsaharienne	1
#FB61D7	6.179	1992	Madagascar	115	Madagascar	Afrique subsaharienne	1
#FB61D7	6.126	1993	Madagascar	115	Madagascar	Afrique subsaharienne	1
#FB61D7	6.066	1994	Madagascar	115	Madagascar	Afrique subsaharienne	1
#FB61D7	5.999	1995	Madagascar	115	Madagascar	Afrique subsaharienne	1
#FB61D7	5.924	1996	Madagascar	115	Madagascar	Afrique subsaharienne	1
#FB61D7	5.841	1997	Madagascar	115	Madagascar	Afrique subsaharienne	1
#FB61D7	5.749	1998	Madagascar	115	Madagascar	Afrique subsaharienne	1
#FB61D7	5.651	1999	Madagascar	115	Madagascar	Afrique subsaharienne	1
#FB61D7	5.548	2000	Madagascar	115	Madagascar	Afrique subsaharienne	1
#FB61D7	5.443	2001	Madagascar	115	Madagascar	Afrique subsaharienne	1
#FB61D7	5.337	2002	Madagascar	115	Madagascar	Afrique subsaharienne	1
#FB61D7	5.234	2003	Madagascar	115	Madagascar	Afrique subsaharienne	1
#FB61D7	5.134	2004	Madagascar	115	Madagascar	Afrique subsaharienne	1
#FB61D7	5.04	2005	Madagascar	115	Madagascar	Afrique subsaharienne	1
#FB61D7	4.953	2006	Madagascar	115	Madagascar	Afrique subsaharienne	1
#FB61D7	4.87	2007	Madagascar	115	Madagascar	Afrique subsaharienne	1
#FB61D7	4.793	2008	Madagascar	115	Madagascar	Afrique subsaharienne	1
#FB61D7	4.72	2009	Madagascar	115	Madagascar	Afrique subsaharienne	1
#FB61D7	4.651	2010	Madagascar	115	Madagascar	Afrique subsaharienne	1
#FB61D7	4.584	2011	Madagascar	115	Madagascar	Afrique subsaharienne	1
#F8766D	5.9	1987	Îles Marshall	88	Îles Marshall	Asie de l'Est et Pacifique	1
#F8766D	5.71	1999	Îles Marshall	88	Îles Marshall	Asie de l'Est et Pacifique	1
#C49A00	4.128	1960	Macédoine du Nord	114	Macédoine du Nord	Europe et Asie centrale	1
#C49A00	3.989	1961	Macédoine du Nord	114	Macédoine du Nord	Europe et Asie centrale	1
#C49A00	3.865	1962	Macédoine du Nord	114	Macédoine du Nord	Europe et Asie centrale	1
#C49A00	3.755	1963	Macédoine du Nord	114	Macédoine du Nord	Europe et Asie centrale	1
#C49A00	3.658	1964	Macédoine du Nord	114	Macédoine du Nord	Europe et Asie centrale	1
#C49A00	3.571	1965	Macédoine du Nord	114	Macédoine du Nord	Europe et Asie centrale	1
#C49A00	3.485	1966	Macédoine du Nord	114	Macédoine du Nord	Europe et Asie centrale	1
#C49A00	3.396	1967	Macédoine du Nord	114	Macédoine du Nord	Europe et Asie centrale	1
#C49A00	3.299	1968	Macédoine du Nord	114	Macédoine du Nord	Europe et Asie centrale	1
#C49A00	3.194	1969	Macédoine du Nord	114	Macédoine du Nord	Europe et Asie centrale	1
#C49A00	3.086	1970	Macédoine du Nord	114	Macédoine du Nord	Europe et Asie centrale	1
#C49A00	2.978	1971	Macédoine du Nord	114	Macédoine du Nord	Europe et Asie centrale	1
#C49A00	2.877	1972	Macédoine du Nord	114	Macédoine du Nord	Europe et Asie centrale	1
#C49A00	2.789	1973	Macédoine du Nord	114	Macédoine du Nord	Europe et Asie centrale	1
#C49A00	2.714	1974	Macédoine du Nord	114	Macédoine du Nord	Europe et Asie centrale	1
#C49A00	2.653	1975	Macédoine du Nord	114	Macédoine du Nord	Europe et Asie centrale	1
#C49A00	2.601	1976	Macédoine du Nord	114	Macédoine du Nord	Europe et Asie centrale	1
#C49A00	2.556	1977	Macédoine du Nord	114	Macédoine du Nord	Europe et Asie centrale	1
#C49A00	2.513	1978	Macédoine du Nord	114	Macédoine du Nord	Europe et Asie centrale	1
#C49A00	2.471	1979	Macédoine du Nord	114	Macédoine du Nord	Europe et Asie centrale	1
#C49A00	2.429	1980	Macédoine du Nord	114	Macédoine du Nord	Europe et Asie centrale	1
#C49A00	2.387	1981	Macédoine du Nord	114	Macédoine du Nord	Europe et Asie centrale	1
#C49A00	2.347	1982	Macédoine du Nord	114	Macédoine du Nord	Europe et Asie centrale	1
#C49A00	2.311	1983	Macédoine du Nord	114	Macédoine du Nord	Europe et Asie centrale	1
#C49A00	2.277	1984	Macédoine du Nord	114	Macédoine du Nord	Europe et Asie centrale	1
#C49A00	2.246	1985	Macédoine du Nord	114	Macédoine du Nord	Europe et Asie centrale	1
#C49A00	2.218	1986	Macédoine du Nord	114	Macédoine du Nord	Europe et Asie centrale	1
#C49A00	2.194	1987	Macédoine du Nord	114	Macédoine du Nord	Europe et Asie centrale	1
#C49A00	2.171	1988	Macédoine du Nord	114	Macédoine du Nord	Europe et Asie centrale	1
#C49A00	2.149	1989	Macédoine du Nord	114	Macédoine du Nord	Europe et Asie centrale	1
#C49A00	2.125	1990	Macédoine du Nord	114	Macédoine du Nord	Europe et Asie centrale	1
#C49A00	2.098	1991	Macédoine du Nord	114	Macédoine du Nord	Europe et Asie centrale	1
#C49A00	2.065	1992	Macédoine du Nord	114	Macédoine du Nord	Europe et Asie centrale	1
#C49A00	2.028	1993	Macédoine du Nord	114	Macédoine du Nord	Europe et Asie centrale	1
#C49A00	1.985	1994	Macédoine du Nord	114	Macédoine du Nord	Europe et Asie centrale	1
#C49A00	1.937	1995	Macédoine du Nord	114	Macédoine du Nord	Europe et Asie centrale	1
#C49A00	1.884	1996	Macédoine du Nord	114	Macédoine du Nord	Europe et Asie centrale	1
#C49A00	1.829	1997	Macédoine du Nord	114	Macédoine du Nord	Europe et Asie centrale	1
#C49A00	1.774	1998	Macédoine du Nord	114	Macédoine du Nord	Europe et Asie centrale	1
#C49A00	1.72	1999	Macédoine du Nord	114	Macédoine du Nord	Europe et Asie centrale	1
#C49A00	1.67	2000	Macédoine du Nord	114	Macédoine du Nord	Europe et Asie centrale	1
#C49A00	1.625	2001	Macédoine du Nord	114	Macédoine du Nord	Europe et Asie centrale	1
#C49A00	1.585	2002	Macédoine du Nord	114	Macédoine du Nord	Europe et Asie centrale	1
#C49A00	1.55	2003	Macédoine du Nord	114	Macédoine du Nord	Europe et Asie centrale	1
#C49A00	1.521	2004	Macédoine du Nord	114	Macédoine du Nord	Europe et Asie centrale	1
#C49A00	1.497	2005	Macédoine du Nord	114	Macédoine du Nord	Europe et Asie centrale	1
#C49A00	1.478	2006	Macédoine du Nord	114	Macédoine du Nord	Europe et Asie centrale	1
#C49A00	1.462	2007	Macédoine du Nord	114	Macédoine du Nord	Europe et Asie centrale	1
#C49A00	1.448	2008	Macédoine du Nord	114	Macédoine du Nord	Europe et Asie centrale	1
#C49A00	1.435	2009	Macédoine du Nord	114	Macédoine du Nord	Europe et Asie centrale	1
#C49A00	1.422	2010	Macédoine du Nord	114	Macédoine du Nord	Europe et Asie centrale	1
#C49A00	1.411	2011	Macédoine du Nord	114	Macédoine du Nord	Europe et Asie centrale	1
#FB61D7	6.703	1960	Mali	119	Mali	Afrique subsaharienne	1
#FB61D7	6.725	1961	Mali	119	Mali	Afrique subsaharienne	1
#FB61D7	6.747	1962	Mali	119	Mali	Afrique subsaharienne	1
#FB61D7	6.77	1963	Mali	119	Mali	Afrique subsaharienne	1
#FB61D7	6.793	1964	Mali	119	Mali	Afrique subsaharienne	1
#FB61D7	6.816	1965	Mali	119	Mali	Afrique subsaharienne	1
#FB61D7	6.838	1966	Mali	119	Mali	Afrique subsaharienne	1
#FB61D7	6.858	1967	Mali	119	Mali	Afrique subsaharienne	1
#FB61D7	6.875	1968	Mali	119	Mali	Afrique subsaharienne	1
#FB61D7	6.889	1969	Mali	119	Mali	Afrique subsaharienne	1
#FB61D7	6.901	1970	Mali	119	Mali	Afrique subsaharienne	1
#FB61D7	6.913	1971	Mali	119	Mali	Afrique subsaharienne	1
#FB61D7	6.924	1972	Mali	119	Mali	Afrique subsaharienne	1
#FB61D7	6.937	1973	Mali	119	Mali	Afrique subsaharienne	1
#FB61D7	6.951	1974	Mali	119	Mali	Afrique subsaharienne	1
#FB61D7	6.966	1975	Mali	119	Mali	Afrique subsaharienne	1
#FB61D7	6.982	1976	Mali	119	Mali	Afrique subsaharienne	1
#FB61D7	6.999	1977	Mali	119	Mali	Afrique subsaharienne	1
#FB61D7	7.016	1978	Mali	119	Mali	Afrique subsaharienne	1
#FB61D7	7.031	1979	Mali	119	Mali	Afrique subsaharienne	1
#FB61D7	7.046	1980	Mali	119	Mali	Afrique subsaharienne	1
#FB61D7	7.059	1981	Mali	119	Mali	Afrique subsaharienne	1
#FB61D7	7.07	1982	Mali	119	Mali	Afrique subsaharienne	1
#FB61D7	7.08	1983	Mali	119	Mali	Afrique subsaharienne	1
#FB61D7	7.088	1984	Mali	119	Mali	Afrique subsaharienne	1
#FB61D7	7.093	1985	Mali	119	Mali	Afrique subsaharienne	1
#FB61D7	7.095	1986	Mali	119	Mali	Afrique subsaharienne	1
#FB61D7	7.092	1987	Mali	119	Mali	Afrique subsaharienne	1
#FB61D7	7.086	1988	Mali	119	Mali	Afrique subsaharienne	1
#FB61D7	7.076	1989	Mali	119	Mali	Afrique subsaharienne	1
#FB61D7	7.063	1990	Mali	119	Mali	Afrique subsaharienne	1
#FB61D7	7.046	1991	Mali	119	Mali	Afrique subsaharienne	1
#FB61D7	7.026	1992	Mali	119	Mali	Afrique subsaharienne	1
#FB61D7	7.004	1993	Mali	119	Mali	Afrique subsaharienne	1
#FB61D7	6.98	1994	Mali	119	Mali	Afrique subsaharienne	1
#FB61D7	6.955	1995	Mali	119	Mali	Afrique subsaharienne	1
#FB61D7	6.928	1996	Mali	119	Mali	Afrique subsaharienne	1
#FB61D7	6.901	1997	Mali	119	Mali	Afrique subsaharienne	1
#FB61D7	6.872	1998	Mali	119	Mali	Afrique subsaharienne	1
#FB61D7	6.841	1999	Mali	119	Mali	Afrique subsaharienne	1
#FB61D7	6.808	2000	Mali	119	Mali	Afrique subsaharienne	1
#FB61D7	6.773	2001	Mali	119	Mali	Afrique subsaharienne	1
#FB61D7	6.735	2002	Mali	119	Mali	Afrique subsaharienne	1
#FB61D7	6.693	2003	Mali	119	Mali	Afrique subsaharienne	1
#FB61D7	6.648	2004	Mali	119	Mali	Afrique subsaharienne	1
#FB61D7	6.599	2005	Mali	119	Mali	Afrique subsaharienne	1
#FB61D7	6.545	2006	Mali	119	Mali	Afrique subsaharienne	1
#FB61D7	6.487	2007	Mali	119	Mali	Afrique subsaharienne	1
#FB61D7	6.426	2008	Mali	119	Mali	Afrique subsaharienne	1
#FB61D7	6.361	2009	Mali	119	Mali	Afrique subsaharienne	1
#FB61D7	6.294	2010	Mali	119	Mali	Afrique subsaharienne	1
#FB61D7	6.227	2011	Mali	119	Mali	Afrique subsaharienne	1
#F8766D	6.05	1960	Myanmar	130	Myanmar	Asie de l'Est et Pacifique	1
#F8766D	6.071	1961	Myanmar	130	Myanmar	Asie de l'Est et Pacifique	1
#F8766D	6.091	1962	Myanmar	130	Myanmar	Asie de l'Est et Pacifique	1
#F8766D	6.107	1963	Myanmar	130	Myanmar	Asie de l'Est et Pacifique	1
#F8766D	6.118	1964	Myanmar	130	Myanmar	Asie de l'Est et Pacifique	1
#F8766D	6.125	1965	Myanmar	130	Myanmar	Asie de l'Est et Pacifique	1
#F8766D	6.129	1966	Myanmar	130	Myanmar	Asie de l'Est et Pacifique	1
#F8766D	6.13	1967	Myanmar	130	Myanmar	Asie de l'Est et Pacifique	1
#F8766D	6.125	1968	Myanmar	130	Myanmar	Asie de l'Est et Pacifique	1
#F8766D	6.11	1969	Myanmar	130	Myanmar	Asie de l'Est et Pacifique	1
#F8766D	6.076	1970	Myanmar	130	Myanmar	Asie de l'Est et Pacifique	1
#F8766D	6.012	1971	Myanmar	130	Myanmar	Asie de l'Est et Pacifique	1
#F8766D	5.914	1972	Myanmar	130	Myanmar	Asie de l'Est et Pacifique	1
#F8766D	5.781	1973	Myanmar	130	Myanmar	Asie de l'Est et Pacifique	1
#F8766D	5.617	1974	Myanmar	130	Myanmar	Asie de l'Est et Pacifique	1
#F8766D	5.431	1975	Myanmar	130	Myanmar	Asie de l'Est et Pacifique	1
#F8766D	5.235	1976	Myanmar	130	Myanmar	Asie de l'Est et Pacifique	1
#F8766D	5.042	1977	Myanmar	130	Myanmar	Asie de l'Est et Pacifique	1
#F8766D	4.862	1978	Myanmar	130	Myanmar	Asie de l'Est et Pacifique	1
#F8766D	4.702	1979	Myanmar	130	Myanmar	Asie de l'Est et Pacifique	1
#F8766D	4.565	1980	Myanmar	130	Myanmar	Asie de l'Est et Pacifique	1
#F8766D	4.449	1981	Myanmar	130	Myanmar	Asie de l'Est et Pacifique	1
#F8766D	4.346	1982	Myanmar	130	Myanmar	Asie de l'Est et Pacifique	1
#F8766D	4.248	1983	Myanmar	130	Myanmar	Asie de l'Est et Pacifique	1
#F8766D	4.153	1984	Myanmar	130	Myanmar	Asie de l'Est et Pacifique	1
#F8766D	4.056	1985	Myanmar	130	Myanmar	Asie de l'Est et Pacifique	1
#F8766D	3.95	1986	Myanmar	130	Myanmar	Asie de l'Est et Pacifique	1
#F8766D	3.836	1987	Myanmar	130	Myanmar	Asie de l'Est et Pacifique	1
#F8766D	3.712	1988	Myanmar	130	Myanmar	Asie de l'Est et Pacifique	1
#F8766D	3.581	1989	Myanmar	130	Myanmar	Asie de l'Est et Pacifique	1
#F8766D	3.446	1990	Myanmar	130	Myanmar	Asie de l'Est et Pacifique	1
#F8766D	3.31	1991	Myanmar	130	Myanmar	Asie de l'Est et Pacifique	1
#F8766D	3.181	1992	Myanmar	130	Myanmar	Asie de l'Est et Pacifique	1
#F8766D	3.06	1993	Myanmar	130	Myanmar	Asie de l'Est et Pacifique	1
#F8766D	2.951	1994	Myanmar	130	Myanmar	Asie de l'Est et Pacifique	1
#F8766D	2.852	1995	Myanmar	130	Myanmar	Asie de l'Est et Pacifique	1
#F8766D	2.761	1996	Myanmar	130	Myanmar	Asie de l'Est et Pacifique	1
#F8766D	2.675	1997	Myanmar	130	Myanmar	Asie de l'Est et Pacifique	1
#F8766D	2.59	1998	Myanmar	130	Myanmar	Asie de l'Est et Pacifique	1
#F8766D	2.507	1999	Myanmar	130	Myanmar	Asie de l'Est et Pacifique	1
#F8766D	2.427	2000	Myanmar	130	Myanmar	Asie de l'Est et Pacifique	1
#F8766D	2.353	2001	Myanmar	130	Myanmar	Asie de l'Est et Pacifique	1
#F8766D	2.287	2002	Myanmar	130	Myanmar	Asie de l'Est et Pacifique	1
#F8766D	2.229	2003	Myanmar	130	Myanmar	Asie de l'Est et Pacifique	1
#F8766D	2.181	2004	Myanmar	130	Myanmar	Asie de l'Est et Pacifique	1
#F8766D	2.142	2005	Myanmar	130	Myanmar	Asie de l'Est et Pacifique	1
#F8766D	2.109	2006	Myanmar	130	Myanmar	Asie de l'Est et Pacifique	1
#F8766D	2.08	2007	Myanmar	130	Myanmar	Asie de l'Est et Pacifique	1
#F8766D	2.053	2008	Myanmar	130	Myanmar	Asie de l'Est et Pacifique	1
#F8766D	2.027	2009	Myanmar	130	Myanmar	Asie de l'Est et Pacifique	1
#F8766D	2.002	2010	Myanmar	130	Myanmar	Asie de l'Est et Pacifique	1
#F8766D	1.976	2011	Myanmar	130	Myanmar	Asie de l'Est et Pacifique	1
#F8766D	6.953	1960	Mongolie	127	Mongolie	Asie de l'Est et Pacifique	1
#F8766D	7.168	1961	Mongolie	127	Mongolie	Asie de l'Est et Pacifique	1
#F8766D	7.347	1962	Mongolie	127	Mongolie	Asie de l'Est et Pacifique	1
#F8766D	7.477	1963	Mongolie	127	Mongolie	Asie de l'Est et Pacifique	1
#F8766D	7.558	1964	Mongolie	127	Mongolie	Asie de l'Est et Pacifique	1
#F8766D	7.593	1965	Mongolie	127	Mongolie	Asie de l'Est et Pacifique	1
#F8766D	7.599	1966	Mongolie	127	Mongolie	Asie de l'Est et Pacifique	1
#F8766D	7.591	1967	Mongolie	127	Mongolie	Asie de l'Est et Pacifique	1
#F8766D	7.584	1968	Mongolie	127	Mongolie	Asie de l'Est et Pacifique	1
#F8766D	7.578	1969	Mongolie	127	Mongolie	Asie de l'Est et Pacifique	1
#F8766D	7.569	1970	Mongolie	127	Mongolie	Asie de l'Est et Pacifique	1
#F8766D	7.546	1971	Mongolie	127	Mongolie	Asie de l'Est et Pacifique	1
#F8766D	7.497	1972	Mongolie	127	Mongolie	Asie de l'Est et Pacifique	1
#F8766D	7.413	1973	Mongolie	127	Mongolie	Asie de l'Est et Pacifique	1
#F8766D	7.294	1974	Mongolie	127	Mongolie	Asie de l'Est et Pacifique	1
#F8766D	7.144	1975	Mongolie	127	Mongolie	Asie de l'Est et Pacifique	1
#F8766D	6.968	1976	Mongolie	127	Mongolie	Asie de l'Est et Pacifique	1
#F8766D	6.779	1977	Mongolie	127	Mongolie	Asie de l'Est et Pacifique	1
#F8766D	6.584	1978	Mongolie	127	Mongolie	Asie de l'Est et Pacifique	1
#F8766D	6.391	1979	Mongolie	127	Mongolie	Asie de l'Est et Pacifique	1
#F8766D	6.205	1980	Mongolie	127	Mongolie	Asie de l'Est et Pacifique	1
#F8766D	6.031	1981	Mongolie	127	Mongolie	Asie de l'Est et Pacifique	1
#F8766D	5.867	1982	Mongolie	127	Mongolie	Asie de l'Est et Pacifique	1
#F8766D	5.707	1983	Mongolie	127	Mongolie	Asie de l'Est et Pacifique	1
#F8766D	5.547	1984	Mongolie	127	Mongolie	Asie de l'Est et Pacifique	1
#F8766D	5.376	1985	Mongolie	127	Mongolie	Asie de l'Est et Pacifique	1
#F8766D	5.181	1986	Mongolie	127	Mongolie	Asie de l'Est et Pacifique	1
#F8766D	4.953	1987	Mongolie	127	Mongolie	Asie de l'Est et Pacifique	1
#F8766D	4.691	1988	Mongolie	127	Mongolie	Asie de l'Est et Pacifique	1
#F8766D	4.402	1989	Mongolie	127	Mongolie	Asie de l'Est et Pacifique	1
#F8766D	4.095	1990	Mongolie	127	Mongolie	Asie de l'Est et Pacifique	1
#F8766D	3.786	1991	Mongolie	127	Mongolie	Asie de l'Est et Pacifique	1
#F8766D	3.492	1992	Mongolie	127	Mongolie	Asie de l'Est et Pacifique	1
#F8766D	3.227	1993	Mongolie	127	Mongolie	Asie de l'Est et Pacifique	1
#F8766D	2.999	1994	Mongolie	127	Mongolie	Asie de l'Est et Pacifique	1
#F8766D	2.808	1995	Mongolie	127	Mongolie	Asie de l'Est et Pacifique	1
#F8766D	2.649	1996	Mongolie	127	Mongolie	Asie de l'Est et Pacifique	1
#F8766D	2.514	1997	Mongolie	127	Mongolie	Asie de l'Est et Pacifique	1
#F8766D	2.394	1998	Mongolie	127	Mongolie	Asie de l'Est et Pacifique	1
#F8766D	2.29	1999	Mongolie	127	Mongolie	Asie de l'Est et Pacifique	1
#F8766D	2.207	2000	Mongolie	127	Mongolie	Asie de l'Est et Pacifique	1
#F8766D	2.154	2001	Mongolie	127	Mongolie	Asie de l'Est et Pacifique	1
#F8766D	2.138	2002	Mongolie	127	Mongolie	Asie de l'Est et Pacifique	1
#F8766D	2.156	2003	Mongolie	127	Mongolie	Asie de l'Est et Pacifique	1
#F8766D	2.204	2004	Mongolie	127	Mongolie	Asie de l'Est et Pacifique	1
#F8766D	2.272	2005	Mongolie	127	Mongolie	Asie de l'Est et Pacifique	1
#F8766D	2.347	2006	Mongolie	127	Mongolie	Asie de l'Est et Pacifique	1
#F8766D	2.414	2007	Mongolie	127	Mongolie	Asie de l'Est et Pacifique	1
#F8766D	2.466	2008	Mongolie	127	Mongolie	Asie de l'Est et Pacifique	1
#F8766D	2.496	2009	Mongolie	127	Mongolie	Asie de l'Est et Pacifique	1
#F8766D	2.504	2010	Mongolie	127	Mongolie	Asie de l'Est et Pacifique	1
#F8766D	2.494	2011	Mongolie	127	Mongolie	Asie de l'Est et Pacifique	1
#F8766D	4.945	1960	Région administrative spéciale de Macao, Chine	155	Région administrative spéciale de Macao, Chine	Asie de l'Est et Pacifique	1
#F8766D	4.763	1961	Région administrative spéciale de Macao, Chine	155	Région administrative spéciale de Macao, Chine	Asie de l'Est et Pacifique	1
#F8766D	4.525	1962	Région administrative spéciale de Macao, Chine	155	Région administrative spéciale de Macao, Chine	Asie de l'Est et Pacifique	1
#F8766D	4.242	1963	Région administrative spéciale de Macao, Chine	155	Région administrative spéciale de Macao, Chine	Asie de l'Est et Pacifique	1
#F8766D	3.926	1964	Région administrative spéciale de Macao, Chine	155	Région administrative spéciale de Macao, Chine	Asie de l'Est et Pacifique	1
#F8766D	3.594	1965	Région administrative spéciale de Macao, Chine	155	Région administrative spéciale de Macao, Chine	Asie de l'Est et Pacifique	1
#F8766D	3.261	1966	Région administrative spéciale de Macao, Chine	155	Région administrative spéciale de Macao, Chine	Asie de l'Est et Pacifique	1
#F8766D	2.942	1967	Région administrative spéciale de Macao, Chine	155	Région administrative spéciale de Macao, Chine	Asie de l'Est et Pacifique	1
#F8766D	2.647	1968	Région administrative spéciale de Macao, Chine	155	Région administrative spéciale de Macao, Chine	Asie de l'Est et Pacifique	1
#F8766D	2.388	1969	Région administrative spéciale de Macao, Chine	155	Région administrative spéciale de Macao, Chine	Asie de l'Est et Pacifique	1
#F8766D	2.166	1970	Région administrative spéciale de Macao, Chine	155	Région administrative spéciale de Macao, Chine	Asie de l'Est et Pacifique	1
#F8766D	1.98	1971	Région administrative spéciale de Macao, Chine	155	Région administrative spéciale de Macao, Chine	Asie de l'Est et Pacifique	1
#F8766D	1.821	1972	Région administrative spéciale de Macao, Chine	155	Région administrative spéciale de Macao, Chine	Asie de l'Est et Pacifique	1
#F8766D	1.683	1973	Région administrative spéciale de Macao, Chine	155	Région administrative spéciale de Macao, Chine	Asie de l'Est et Pacifique	1
#F8766D	1.568	1974	Région administrative spéciale de Macao, Chine	155	Région administrative spéciale de Macao, Chine	Asie de l'Est et Pacifique	1
#F8766D	1.484	1975	Région administrative spéciale de Macao, Chine	155	Région administrative spéciale de Macao, Chine	Asie de l'Est et Pacifique	1
#F8766D	1.44	1976	Région administrative spéciale de Macao, Chine	155	Région administrative spéciale de Macao, Chine	Asie de l'Est et Pacifique	1
#F8766D	1.441	1977	Région administrative spéciale de Macao, Chine	155	Région administrative spéciale de Macao, Chine	Asie de l'Est et Pacifique	1
#F8766D	1.485	1978	Région administrative spéciale de Macao, Chine	155	Région administrative spéciale de Macao, Chine	Asie de l'Est et Pacifique	1
#F8766D	1.563	1979	Région administrative spéciale de Macao, Chine	155	Région administrative spéciale de Macao, Chine	Asie de l'Est et Pacifique	1
#F8766D	1.665	1980	Région administrative spéciale de Macao, Chine	155	Région administrative spéciale de Macao, Chine	Asie de l'Est et Pacifique	1
#F8766D	1.777	1981	Région administrative spéciale de Macao, Chine	155	Région administrative spéciale de Macao, Chine	Asie de l'Est et Pacifique	1
#F8766D	1.882	1982	Région administrative spéciale de Macao, Chine	155	Région administrative spéciale de Macao, Chine	Asie de l'Est et Pacifique	1
#F8766D	1.966	1983	Région administrative spéciale de Macao, Chine	155	Région administrative spéciale de Macao, Chine	Asie de l'Est et Pacifique	1
#F8766D	2.021	1984	Région administrative spéciale de Macao, Chine	155	Région administrative spéciale de Macao, Chine	Asie de l'Est et Pacifique	1
#F8766D	2.04	1985	Région administrative spéciale de Macao, Chine	155	Région administrative spéciale de Macao, Chine	Asie de l'Est et Pacifique	1
#F8766D	2.019	1986	Région administrative spéciale de Macao, Chine	155	Région administrative spéciale de Macao, Chine	Asie de l'Est et Pacifique	1
#F8766D	1.966	1987	Région administrative spéciale de Macao, Chine	155	Région administrative spéciale de Macao, Chine	Asie de l'Est et Pacifique	1
#F8766D	1.891	1988	Région administrative spéciale de Macao, Chine	155	Région administrative spéciale de Macao, Chine	Asie de l'Est et Pacifique	1
#F8766D	1.798	1989	Région administrative spéciale de Macao, Chine	155	Région administrative spéciale de Macao, Chine	Asie de l'Est et Pacifique	1
#F8766D	1.694	1990	Région administrative spéciale de Macao, Chine	155	Région administrative spéciale de Macao, Chine	Asie de l'Est et Pacifique	1
#F8766D	1.589	1991	Région administrative spéciale de Macao, Chine	155	Région administrative spéciale de Macao, Chine	Asie de l'Est et Pacifique	1
#F8766D	1.487	1992	Région administrative spéciale de Macao, Chine	155	Région administrative spéciale de Macao, Chine	Asie de l'Est et Pacifique	1
#F8766D	1.394	1993	Région administrative spéciale de Macao, Chine	155	Région administrative spéciale de Macao, Chine	Asie de l'Est et Pacifique	1
#F8766D	1.312	1994	Région administrative spéciale de Macao, Chine	155	Région administrative spéciale de Macao, Chine	Asie de l'Est et Pacifique	1
#F8766D	1.242	1995	Région administrative spéciale de Macao, Chine	155	Région administrative spéciale de Macao, Chine	Asie de l'Est et Pacifique	1
#F8766D	1.178	1996	Région administrative spéciale de Macao, Chine	155	Région administrative spéciale de Macao, Chine	Asie de l'Est et Pacifique	1
#F8766D	1.116	1997	Région administrative spéciale de Macao, Chine	155	Région administrative spéciale de Macao, Chine	Asie de l'Est et Pacifique	1
#F8766D	1.053	1998	Région administrative spéciale de Macao, Chine	155	Région administrative spéciale de Macao, Chine	Asie de l'Est et Pacifique	1
#F8766D	0.991	1999	Région administrative spéciale de Macao, Chine	155	Région administrative spéciale de Macao, Chine	Asie de l'Est et Pacifique	1
#F8766D	0.933	2000	Région administrative spéciale de Macao, Chine	155	Région administrative spéciale de Macao, Chine	Asie de l'Est et Pacifique	1
#F8766D	0.887	2001	Région administrative spéciale de Macao, Chine	155	Région administrative spéciale de Macao, Chine	Asie de l'Est et Pacifique	1
#F8766D	0.858	2002	Région administrative spéciale de Macao, Chine	155	Région administrative spéciale de Macao, Chine	Asie de l'Est et Pacifique	1
#F8766D	0.849	2003	Région administrative spéciale de Macao, Chine	155	Région administrative spéciale de Macao, Chine	Asie de l'Est et Pacifique	1
#F8766D	0.859	2004	Région administrative spéciale de Macao, Chine	155	Région administrative spéciale de Macao, Chine	Asie de l'Est et Pacifique	1
#F8766D	0.887	2005	Région administrative spéciale de Macao, Chine	155	Région administrative spéciale de Macao, Chine	Asie de l'Est et Pacifique	1
#F8766D	0.926	2006	Région administrative spéciale de Macao, Chine	155	Région administrative spéciale de Macao, Chine	Asie de l'Est et Pacifique	1
#F8766D	0.971	2007	Région administrative spéciale de Macao, Chine	155	Région administrative spéciale de Macao, Chine	Asie de l'Est et Pacifique	1
#F8766D	1.015	2008	Région administrative spéciale de Macao, Chine	155	Région administrative spéciale de Macao, Chine	Asie de l'Est et Pacifique	1
#F8766D	1.056	2009	Région administrative spéciale de Macao, Chine	155	Région administrative spéciale de Macao, Chine	Asie de l'Est et Pacifique	1
#F8766D	1.092	2010	Région administrative spéciale de Macao, Chine	155	Région administrative spéciale de Macao, Chine	Asie de l'Est et Pacifique	1
#F8766D	1.123	2011	Région administrative spéciale de Macao, Chine	155	Région administrative spéciale de Macao, Chine	Asie de l'Est et Pacifique	1
#FB61D7	6.775	1960	Mauritanie	123	Mauritanie	Afrique subsaharienne	1
#FB61D7	6.787	1961	Mauritanie	123	Mauritanie	Afrique subsaharienne	1
#FB61D7	6.794	1962	Mauritanie	123	Mauritanie	Afrique subsaharienne	1
#FB61D7	6.798	1963	Mauritanie	123	Mauritanie	Afrique subsaharienne	1
#FB61D7	6.799	1964	Mauritanie	123	Mauritanie	Afrique subsaharienne	1
#FB61D7	6.799	1965	Mauritanie	123	Mauritanie	Afrique subsaharienne	1
#FB61D7	6.798	1966	Mauritanie	123	Mauritanie	Afrique subsaharienne	1
#FB61D7	6.798	1967	Mauritanie	123	Mauritanie	Afrique subsaharienne	1
#FB61D7	6.795	1968	Mauritanie	123	Mauritanie	Afrique subsaharienne	1
#FB61D7	6.791	1969	Mauritanie	123	Mauritanie	Afrique subsaharienne	1
#FB61D7	6.784	1970	Mauritanie	123	Mauritanie	Afrique subsaharienne	1
#FB61D7	6.774	1971	Mauritanie	123	Mauritanie	Afrique subsaharienne	1
#FB61D7	6.759	1972	Mauritanie	123	Mauritanie	Afrique subsaharienne	1
#FB61D7	6.739	1973	Mauritanie	123	Mauritanie	Afrique subsaharienne	1
#FB61D7	6.713	1974	Mauritanie	123	Mauritanie	Afrique subsaharienne	1
#FB61D7	6.681	1975	Mauritanie	123	Mauritanie	Afrique subsaharienne	1
#FB61D7	6.641	1976	Mauritanie	123	Mauritanie	Afrique subsaharienne	1
#FB61D7	6.594	1977	Mauritanie	123	Mauritanie	Afrique subsaharienne	1
#FB61D7	6.542	1978	Mauritanie	123	Mauritanie	Afrique subsaharienne	1
#FB61D7	6.486	1979	Mauritanie	123	Mauritanie	Afrique subsaharienne	1
#FB61D7	6.427	1980	Mauritanie	123	Mauritanie	Afrique subsaharienne	1
#FB61D7	6.37	1981	Mauritanie	123	Mauritanie	Afrique subsaharienne	1
#FB61D7	6.315	1982	Mauritanie	123	Mauritanie	Afrique subsaharienne	1
#FB61D7	6.263	1983	Mauritanie	123	Mauritanie	Afrique subsaharienne	1
#FB61D7	6.214	1984	Mauritanie	123	Mauritanie	Afrique subsaharienne	1
#FB61D7	6.17	1985	Mauritanie	123	Mauritanie	Afrique subsaharienne	1
#FB61D7	6.127	1986	Mauritanie	123	Mauritanie	Afrique subsaharienne	1
#FB61D7	6.084	1987	Mauritanie	123	Mauritanie	Afrique subsaharienne	1
#FB61D7	6.039	1988	Mauritanie	123	Mauritanie	Afrique subsaharienne	1
#FB61D7	5.99	1989	Mauritanie	123	Mauritanie	Afrique subsaharienne	1
#FB61D7	5.937	1990	Mauritanie	123	Mauritanie	Afrique subsaharienne	1
#FB61D7	5.878	1991	Mauritanie	123	Mauritanie	Afrique subsaharienne	1
#FB61D7	5.814	1992	Mauritanie	123	Mauritanie	Afrique subsaharienne	1
#FB61D7	5.746	1993	Mauritanie	123	Mauritanie	Afrique subsaharienne	1
#FB61D7	5.673	1994	Mauritanie	123	Mauritanie	Afrique subsaharienne	1
#FB61D7	5.597	1995	Mauritanie	123	Mauritanie	Afrique subsaharienne	1
#FB61D7	5.52	1996	Mauritanie	123	Mauritanie	Afrique subsaharienne	1
#FB61D7	5.443	1997	Mauritanie	123	Mauritanie	Afrique subsaharienne	1
#FB61D7	5.366	1998	Mauritanie	123	Mauritanie	Afrique subsaharienne	1
#FB61D7	5.291	1999	Mauritanie	123	Mauritanie	Afrique subsaharienne	1
#FB61D7	5.219	2000	Mauritanie	123	Mauritanie	Afrique subsaharienne	1
#FB61D7	5.148	2001	Mauritanie	123	Mauritanie	Afrique subsaharienne	1
#FB61D7	5.079	2002	Mauritanie	123	Mauritanie	Afrique subsaharienne	1
#FB61D7	5.011	2003	Mauritanie	123	Mauritanie	Afrique subsaharienne	1
#FB61D7	4.943	2004	Mauritanie	123	Mauritanie	Afrique subsaharienne	1
#FB61D7	4.875	2005	Mauritanie	123	Mauritanie	Afrique subsaharienne	1
#FB61D7	4.807	2006	Mauritanie	123	Mauritanie	Afrique subsaharienne	1
#FB61D7	4.739	2007	Mauritanie	123	Mauritanie	Afrique subsaharienne	1
#FB61D7	4.671	2008	Mauritanie	123	Mauritanie	Afrique subsaharienne	1
#FB61D7	4.602	2009	Mauritanie	123	Mauritanie	Afrique subsaharienne	1
#FB61D7	4.533	2010	Mauritanie	123	Mauritanie	Afrique subsaharienne	1
#FB61D7	4.464	2011	Mauritanie	123	Mauritanie	Afrique subsaharienne	1
#00C094	3.62	1960	Malte	120	Malte	Moyen-Orient et Afrique du Nord	1
#00C094	3.274	1961	Malte	120	Malte	Moyen-Orient et Afrique du Nord	1
#00C094	3.237	1962	Malte	120	Malte	Moyen-Orient et Afrique du Nord	1
#00C094	2.904	1963	Malte	120	Malte	Moyen-Orient et Afrique du Nord	1
#00C094	2.79	1964	Malte	120	Malte	Moyen-Orient et Afrique du Nord	1
#00C094	2.52	1965	Malte	120	Malte	Moyen-Orient et Afrique du Nord	1
#00C094	2.326	1966	Malte	120	Malte	Moyen-Orient et Afrique du Nord	1
#00C094	2.236	1967	Malte	120	Malte	Moyen-Orient et Afrique du Nord	1
#00C094	2.12	1968	Malte	120	Malte	Moyen-Orient et Afrique du Nord	1
#00C094	2.019	1969	Malte	120	Malte	Moyen-Orient et Afrique du Nord	1
#00C094	2.025	1970	Malte	120	Malte	Moyen-Orient et Afrique du Nord	1
#00C094	2.06	1971	Malte	120	Malte	Moyen-Orient et Afrique du Nord	1
#00C094	2.007	1972	Malte	120	Malte	Moyen-Orient et Afrique du Nord	1
#00C094	1.649	1973	Malte	120	Malte	Moyen-Orient et Afrique du Nord	1
#00C094	1.64	1974	Malte	120	Malte	Moyen-Orient et Afrique du Nord	1
#00C094	2.274	1975	Malte	120	Malte	Moyen-Orient et Afrique du Nord	1
#00C094	2.205	1976	Malte	120	Malte	Moyen-Orient et Afrique du Nord	1
#00C094	2.18	1977	Malte	120	Malte	Moyen-Orient et Afrique du Nord	1
#00C094	2.118	1978	Malte	120	Malte	Moyen-Orient et Afrique du Nord	1
#00C094	2.1	1979	Malte	120	Malte	Moyen-Orient et Afrique du Nord	1
#00C094	1.99	1980	Malte	120	Malte	Moyen-Orient et Afrique du Nord	1
#00C094	1.87	1981	Malte	120	Malte	Moyen-Orient et Afrique du Nord	1
#00C094	1.98	1982	Malte	120	Malte	Moyen-Orient et Afrique du Nord	1
#00C094	1.965	1983	Malte	120	Malte	Moyen-Orient et Afrique du Nord	1
#00C094	1.95	1984	Malte	120	Malte	Moyen-Orient et Afrique du Nord	1
#00C094	1.99	1985	Malte	120	Malte	Moyen-Orient et Afrique du Nord	1
#00C094	1.98	1986	Malte	120	Malte	Moyen-Orient et Afrique du Nord	1
#00C094	1.98	1987	Malte	120	Malte	Moyen-Orient et Afrique du Nord	1
#00C094	2.08	1988	Malte	120	Malte	Moyen-Orient et Afrique du Nord	1
#00C094	2.11	1989	Malte	120	Malte	Moyen-Orient et Afrique du Nord	1
#00C094	2.05	1990	Malte	120	Malte	Moyen-Orient et Afrique du Nord	1
#00C094	2.04	1991	Malte	120	Malte	Moyen-Orient et Afrique du Nord	1
#00C094	2.12	1992	Malte	120	Malte	Moyen-Orient et Afrique du Nord	1
#00C094	2.01	1993	Malte	120	Malte	Moyen-Orient et Afrique du Nord	1
#00C094	1.89	1994	Malte	120	Malte	Moyen-Orient et Afrique du Nord	1
#00C094	1.83	1995	Malte	120	Malte	Moyen-Orient et Afrique du Nord	1
#00C094	2.1	1996	Malte	120	Malte	Moyen-Orient et Afrique du Nord	1
#00C094	1.95	1997	Malte	120	Malte	Moyen-Orient et Afrique du Nord	1
#00C094	1.88	1998	Malte	120	Malte	Moyen-Orient et Afrique du Nord	1
#00C094	1.77	1999	Malte	120	Malte	Moyen-Orient et Afrique du Nord	1
#00C094	1.7	2000	Malte	120	Malte	Moyen-Orient et Afrique du Nord	1
#00C094	1.48	2001	Malte	120	Malte	Moyen-Orient et Afrique du Nord	1
#00C094	1.45	2002	Malte	120	Malte	Moyen-Orient et Afrique du Nord	1
#00C094	1.48	2003	Malte	120	Malte	Moyen-Orient et Afrique du Nord	1
#00C094	1.4	2004	Malte	120	Malte	Moyen-Orient et Afrique du Nord	1
#00C094	1.38	2005	Malte	120	Malte	Moyen-Orient et Afrique du Nord	1
#00C094	1.39	2006	Malte	120	Malte	Moyen-Orient et Afrique du Nord	1
#00C094	1.37	2007	Malte	120	Malte	Moyen-Orient et Afrique du Nord	1
#00C094	1.44	2008	Malte	120	Malte	Moyen-Orient et Afrique du Nord	1
#00C094	1.43	2009	Malte	120	Malte	Moyen-Orient et Afrique du Nord	1
#00C094	1.38	2010	Malte	120	Malte	Moyen-Orient et Afrique du Nord	1
#00C094	1.38	2011	Malte	120	Malte	Moyen-Orient et Afrique du Nord	1
#FB61D7	6.167	1960	Maurice	122	Maurice	Afrique subsaharienne	1
#FB61D7	6.178	1961	Maurice	122	Maurice	Afrique subsaharienne	1
#FB61D7	6.124	1962	Maurice	122	Maurice	Afrique subsaharienne	1
#FB61D7	5.993	1963	Maurice	122	Maurice	Afrique subsaharienne	1
#FB61D7	5.785	1964	Maurice	122	Maurice	Afrique subsaharienne	1
#FB61D7	5.51	1965	Maurice	122	Maurice	Afrique subsaharienne	1
#FB61D7	5.187	1966	Maurice	122	Maurice	Afrique subsaharienne	1
#FB61D7	4.847	1967	Maurice	122	Maurice	Afrique subsaharienne	1
#FB61D7	4.516	1968	Maurice	122	Maurice	Afrique subsaharienne	1
#FB61D7	4.213	1969	Maurice	122	Maurice	Afrique subsaharienne	1
#FB61D7	3.952	1970	Maurice	122	Maurice	Afrique subsaharienne	1
#FB61D7	3.741	1971	Maurice	122	Maurice	Afrique subsaharienne	1
#FB61D7	3.575	1972	Maurice	122	Maurice	Afrique subsaharienne	1
#FB61D7	3.444	1973	Maurice	122	Maurice	Afrique subsaharienne	1
#FB61D7	3.341	1974	Maurice	122	Maurice	Afrique subsaharienne	1
#FB61D7	3.255	1975	Maurice	122	Maurice	Afrique subsaharienne	1
#FB61D7	3.169	1976	Maurice	122	Maurice	Afrique subsaharienne	1
#FB61D7	3.071	1977	Maurice	122	Maurice	Afrique subsaharienne	1
#FB61D7	2.954	1978	Maurice	122	Maurice	Afrique subsaharienne	1
#FB61D7	2.818	1979	Maurice	122	Maurice	Afrique subsaharienne	1
#FB61D7	2.672	1980	Maurice	122	Maurice	Afrique subsaharienne	1
#FB61D7	2.532	1981	Maurice	122	Maurice	Afrique subsaharienne	1
#FB61D7	2.412	1982	Maurice	122	Maurice	Afrique subsaharienne	1
#FB61D7	2.325	1983	Maurice	122	Maurice	Afrique subsaharienne	1
#FB61D7	2.16	1984	Maurice	122	Maurice	Afrique subsaharienne	1
#FB61D7	2.02	1985	Maurice	122	Maurice	Afrique subsaharienne	1
#FB61D7	1.99	1986	Maurice	122	Maurice	Afrique subsaharienne	1
#FB61D7	2.05	1987	Maurice	122	Maurice	Afrique subsaharienne	1
#FB61D7	2.14	1988	Maurice	122	Maurice	Afrique subsaharienne	1
#FB61D7	2.23	1989	Maurice	122	Maurice	Afrique subsaharienne	1
#FB61D7	2.32	1990	Maurice	122	Maurice	Afrique subsaharienne	1
#FB61D7	2.3	1991	Maurice	122	Maurice	Afrique subsaharienne	1
#FB61D7	2.37	1992	Maurice	122	Maurice	Afrique subsaharienne	1
#FB61D7	2.21	1993	Maurice	122	Maurice	Afrique subsaharienne	1
#FB61D7	2.25	1994	Maurice	122	Maurice	Afrique subsaharienne	1
#FB61D7	2.14	1995	Maurice	122	Maurice	Afrique subsaharienne	1
#FB61D7	2.12	1996	Maurice	122	Maurice	Afrique subsaharienne	1
#FB61D7	2.04	1997	Maurice	122	Maurice	Afrique subsaharienne	1
#FB61D7	1.97	1998	Maurice	122	Maurice	Afrique subsaharienne	1
#FB61D7	2.05	1999	Maurice	122	Maurice	Afrique subsaharienne	1
#FB61D7	1.99	2000	Maurice	122	Maurice	Afrique subsaharienne	1
#FB61D7	1.91	2001	Maurice	122	Maurice	Afrique subsaharienne	1
#FB61D7	1.94	2002	Maurice	122	Maurice	Afrique subsaharienne	1
#FB61D7	1.87	2003	Maurice	122	Maurice	Afrique subsaharienne	1
#FB61D7	1.87	2004	Maurice	122	Maurice	Afrique subsaharienne	1
#FB61D7	1.82	2005	Maurice	122	Maurice	Afrique subsaharienne	1
#FB61D7	1.7	2006	Maurice	122	Maurice	Afrique subsaharienne	1
#FB61D7	1.66	2007	Maurice	122	Maurice	Afrique subsaharienne	1
#FB61D7	1.58	2008	Maurice	122	Maurice	Afrique subsaharienne	1
#FB61D7	1.5	2009	Maurice	122	Maurice	Afrique subsaharienne	1
#FB61D7	1.47	2010	Maurice	122	Maurice	Afrique subsaharienne	1
#FB61D7	1.45	2011	Maurice	122	Maurice	Afrique subsaharienne	1
#A58AFF	7.021	1960	Maldives	118	Maldives	Asie du Sud	1
#A58AFF	7.075	1961	Maldives	118	Maldives	Asie du Sud	1
#A58AFF	7.118	1962	Maldives	118	Maldives	Asie du Sud	1
#A58AFF	7.152	1963	Maldives	118	Maldives	Asie du Sud	1
#A58AFF	7.179	1964	Maldives	118	Maldives	Asie du Sud	1
#A58AFF	7.201	1965	Maldives	118	Maldives	Asie du Sud	1
#A58AFF	7.218	1966	Maldives	118	Maldives	Asie du Sud	1
#A58AFF	7.231	1967	Maldives	118	Maldives	Asie du Sud	1
#A58AFF	7.237	1968	Maldives	118	Maldives	Asie du Sud	1
#A58AFF	7.237	1969	Maldives	118	Maldives	Asie du Sud	1
#A58AFF	7.227	1970	Maldives	118	Maldives	Asie du Sud	1
#A58AFF	7.201	1971	Maldives	118	Maldives	Asie du Sud	1
#A58AFF	7.159	1972	Maldives	118	Maldives	Asie du Sud	1
#A58AFF	7.103	1973	Maldives	118	Maldives	Asie du Sud	1
#A58AFF	7.04	1974	Maldives	118	Maldives	Asie du Sud	1
#A58AFF	6.981	1975	Maldives	118	Maldives	Asie du Sud	1
#A58AFF	6.941	1976	Maldives	118	Maldives	Asie du Sud	1
#A58AFF	6.931	1977	Maldives	118	Maldives	Asie du Sud	1
#A58AFF	6.953	1978	Maldives	118	Maldives	Asie du Sud	1
#A58AFF	7.002	1979	Maldives	118	Maldives	Asie du Sud	1
#A58AFF	7.071	1980	Maldives	118	Maldives	Asie du Sud	1
#A58AFF	7.146	1981	Maldives	118	Maldives	Asie du Sud	1
#A58AFF	7.21	1982	Maldives	118	Maldives	Asie du Sud	1
#A58AFF	7.245	1983	Maldives	118	Maldives	Asie du Sud	1
#A58AFF	7.24	1984	Maldives	118	Maldives	Asie du Sud	1
#A58AFF	7.184	1985	Maldives	118	Maldives	Asie du Sud	1
#A58AFF	7.07	1986	Maldives	118	Maldives	Asie du Sud	1
#A58AFF	6.901	1987	Maldives	118	Maldives	Asie du Sud	1
#A58AFF	6.686	1988	Maldives	118	Maldives	Asie du Sud	1
#A58AFF	6.427	1989	Maldives	118	Maldives	Asie du Sud	1
#A58AFF	6.129	1990	Maldives	118	Maldives	Asie du Sud	1
#A58AFF	5.797	1991	Maldives	118	Maldives	Asie du Sud	1
#A58AFF	5.441	1992	Maldives	118	Maldives	Asie du Sud	1
#A58AFF	5.073	1993	Maldives	118	Maldives	Asie du Sud	1
#A58AFF	4.704	1994	Maldives	118	Maldives	Asie du Sud	1
#A58AFF	4.345	1995	Maldives	118	Maldives	Asie du Sud	1
#A58AFF	4.007	1996	Maldives	118	Maldives	Asie du Sud	1
#A58AFF	3.692	1997	Maldives	118	Maldives	Asie du Sud	1
#A58AFF	3.404	1998	Maldives	118	Maldives	Asie du Sud	1
#A58AFF	3.146	1999	Maldives	118	Maldives	Asie du Sud	1
#A58AFF	2.919	2000	Maldives	118	Maldives	Asie du Sud	1
#A58AFF	2.722	2001	Maldives	118	Maldives	Asie du Sud	1
#A58AFF	2.549	2002	Maldives	118	Maldives	Asie du Sud	1
#A58AFF	2.394	2003	Maldives	118	Maldives	Asie du Sud	1
#A58AFF	2.256	2004	Maldives	118	Maldives	Asie du Sud	1
#A58AFF	2.134	2005	Maldives	118	Maldives	Asie du Sud	1
#A58AFF	2.027	2006	Maldives	118	Maldives	Asie du Sud	1
#A58AFF	1.938	2007	Maldives	118	Maldives	Asie du Sud	1
#A58AFF	1.863	2008	Maldives	118	Maldives	Asie du Sud	1
#A58AFF	1.802	2009	Maldives	118	Maldives	Asie du Sud	1
#A58AFF	1.752	2010	Maldives	118	Maldives	Asie du Sud	1
#A58AFF	1.709	2011	Maldives	118	Maldives	Asie du Sud	1
#FB61D7	6.909	1960	Malawi	117	Malawi	Afrique subsaharienne	1
#FB61D7	6.943	1961	Malawi	117	Malawi	Afrique subsaharienne	1
#FB61D7	6.979	1962	Malawi	117	Malawi	Afrique subsaharienne	1
#FB61D7	7.017	1963	Malawi	117	Malawi	Afrique subsaharienne	1
#FB61D7	7.056	1964	Malawi	117	Malawi	Afrique subsaharienne	1
#FB61D7	7.097	1965	Malawi	117	Malawi	Afrique subsaharienne	1
#FB61D7	7.139	1966	Malawi	117	Malawi	Afrique subsaharienne	1
#FB61D7	7.181	1967	Malawi	117	Malawi	Afrique subsaharienne	1
#FB61D7	7.224	1968	Malawi	117	Malawi	Afrique subsaharienne	1
#FB61D7	7.267	1969	Malawi	117	Malawi	Afrique subsaharienne	1
#FB61D7	7.309	1970	Malawi	117	Malawi	Afrique subsaharienne	1
#FB61D7	7.35	1971	Malawi	117	Malawi	Afrique subsaharienne	1
#FB61D7	7.389	1972	Malawi	117	Malawi	Afrique subsaharienne	1
#FB61D7	7.425	1973	Malawi	117	Malawi	Afrique subsaharienne	1
#FB61D7	7.457	1974	Malawi	117	Malawi	Afrique subsaharienne	1
#FB61D7	7.481	1975	Malawi	117	Malawi	Afrique subsaharienne	1
#FB61D7	7.495	1976	Malawi	117	Malawi	Afrique subsaharienne	1
#FB61D7	7.497	1977	Malawi	117	Malawi	Afrique subsaharienne	1
#FB61D7	7.487	1978	Malawi	117	Malawi	Afrique subsaharienne	1
#FB61D7	7.465	1979	Malawi	117	Malawi	Afrique subsaharienne	1
#FB61D7	7.432	1980	Malawi	117	Malawi	Afrique subsaharienne	1
#FB61D7	7.39	1981	Malawi	117	Malawi	Afrique subsaharienne	1
#FB61D7	7.342	1982	Malawi	117	Malawi	Afrique subsaharienne	1
#FB61D7	7.29	1983	Malawi	117	Malawi	Afrique subsaharienne	1
#FB61D7	7.234	1984	Malawi	117	Malawi	Afrique subsaharienne	1
#FB61D7	7.173	1985	Malawi	117	Malawi	Afrique subsaharienne	1
#FB61D7	7.105	1986	Malawi	117	Malawi	Afrique subsaharienne	1
#FB61D7	7.028	1987	Malawi	117	Malawi	Afrique subsaharienne	1
#FB61D7	6.941	1988	Malawi	117	Malawi	Afrique subsaharienne	1
#FB61D7	6.848	1989	Malawi	117	Malawi	Afrique subsaharienne	1
#FB61D7	6.75	1990	Malawi	117	Malawi	Afrique subsaharienne	1
#FB61D7	6.652	1991	Malawi	117	Malawi	Afrique subsaharienne	1
#FB61D7	6.558	1992	Malawi	117	Malawi	Afrique subsaharienne	1
#FB61D7	6.47	1993	Malawi	117	Malawi	Afrique subsaharienne	1
#FB61D7	6.393	1994	Malawi	117	Malawi	Afrique subsaharienne	1
#FB61D7	6.325	1995	Malawi	117	Malawi	Afrique subsaharienne	1
#FB61D7	6.267	1996	Malawi	117	Malawi	Afrique subsaharienne	1
#FB61D7	6.216	1997	Malawi	117	Malawi	Afrique subsaharienne	1
#FB61D7	6.17	1998	Malawi	117	Malawi	Afrique subsaharienne	1
#FB61D7	6.13	1999	Malawi	117	Malawi	Afrique subsaharienne	1
#FB61D7	6.095	2000	Malawi	117	Malawi	Afrique subsaharienne	1
#FB61D7	6.066	2001	Malawi	117	Malawi	Afrique subsaharienne	1
#FB61D7	6.042	2002	Malawi	117	Malawi	Afrique subsaharienne	1
#FB61D7	6.025	2003	Malawi	117	Malawi	Afrique subsaharienne	1
#FB61D7	6.013	2004	Malawi	117	Malawi	Afrique subsaharienne	1
#FB61D7	6.005	2005	Malawi	117	Malawi	Afrique subsaharienne	1
#FB61D7	6.001	2006	Malawi	117	Malawi	Afrique subsaharienne	1
#FB61D7	5.998	2007	Malawi	117	Malawi	Afrique subsaharienne	1
#FB61D7	5.996	2008	Malawi	117	Malawi	Afrique subsaharienne	1
#FB61D7	5.994	2009	Malawi	117	Malawi	Afrique subsaharienne	1
#FB61D7	5.99	2010	Malawi	117	Malawi	Afrique subsaharienne	1
#FB61D7	5.985	2011	Malawi	117	Malawi	Afrique subsaharienne	1
#53B400	6.783	1960	Mexique	124	Mexique	Amérique latine et Caraïbes	1
#53B400	6.776	1961	Mexique	124	Mexique	Amérique latine et Caraïbes	1
#53B400	6.771	1962	Mexique	124	Mexique	Amérique latine et Caraïbes	1
#53B400	6.768	1963	Mexique	124	Mexique	Amérique latine et Caraïbes	1
#53B400	6.767	1964	Mexique	124	Mexique	Amérique latine et Caraïbes	1
#53B400	6.769	1965	Mexique	124	Mexique	Amérique latine et Caraïbes	1
#53B400	6.773	1966	Mexique	124	Mexique	Amérique latine et Caraïbes	1
#53B400	6.777	1967	Mexique	124	Mexique	Amérique latine et Caraïbes	1
#53B400	6.775	1968	Mexique	124	Mexique	Amérique latine et Caraïbes	1
#53B400	6.76	1969	Mexique	124	Mexique	Amérique latine et Caraïbes	1
#53B400	6.72	1970	Mexique	124	Mexique	Amérique latine et Caraïbes	1
#53B400	6.643	1971	Mexique	124	Mexique	Amérique latine et Caraïbes	1
#53B400	6.525	1972	Mexique	124	Mexique	Amérique latine et Caraïbes	1
#53B400	6.364	1973	Mexique	124	Mexique	Amérique latine et Caraïbes	1
#53B400	6.164	1974	Mexique	124	Mexique	Amérique latine et Caraïbes	1
#53B400	5.932	1975	Mexique	124	Mexique	Amérique latine et Caraïbes	1
#53B400	5.679	1976	Mexique	124	Mexique	Amérique latine et Caraïbes	1
#53B400	5.418	1977	Mexique	124	Mexique	Amérique latine et Caraïbes	1
#53B400	5.163	1978	Mexique	124	Mexique	Amérique latine et Caraïbes	1
#53B400	4.924	1979	Mexique	124	Mexique	Amérique latine et Caraïbes	1
#53B400	4.705	1980	Mexique	124	Mexique	Amérique latine et Caraïbes	1
#53B400	4.509	1981	Mexique	124	Mexique	Amérique latine et Caraïbes	1
#53B400	4.333	1982	Mexique	124	Mexique	Amérique latine et Caraïbes	1
#53B400	4.172	1983	Mexique	124	Mexique	Amérique latine et Caraïbes	1
#53B400	4.027	1984	Mexique	124	Mexique	Amérique latine et Caraïbes	1
#53B400	3.896	1985	Mexique	124	Mexique	Amérique latine et Caraïbes	1
#53B400	3.78	1986	Mexique	124	Mexique	Amérique latine et Caraïbes	1
#53B400	3.675	1987	Mexique	124	Mexique	Amérique latine et Caraïbes	1
#53B400	3.579	1988	Mexique	124	Mexique	Amérique latine et Caraïbes	1
#53B400	3.489	1989	Mexique	124	Mexique	Amérique latine et Caraïbes	1
#53B400	3.4	1990	Mexique	124	Mexique	Amérique latine et Caraïbes	1
#53B400	3.308	1991	Mexique	124	Mexique	Amérique latine et Caraïbes	1
#53B400	3.211	1992	Mexique	124	Mexique	Amérique latine et Caraïbes	1
#53B400	3.111	1993	Mexique	124	Mexique	Amérique latine et Caraïbes	1
#53B400	3.007	1994	Mexique	124	Mexique	Amérique latine et Caraïbes	1
#53B400	2.906	1995	Mexique	124	Mexique	Amérique latine et Caraïbes	1
#53B400	2.811	1996	Mexique	124	Mexique	Amérique latine et Caraïbes	1
#53B400	2.73	1997	Mexique	124	Mexique	Amérique latine et Caraïbes	1
#53B400	2.664	1998	Mexique	124	Mexique	Amérique latine et Caraïbes	1
#53B400	2.615	1999	Mexique	124	Mexique	Amérique latine et Caraïbes	1
#53B400	2.581	2000	Mexique	124	Mexique	Amérique latine et Caraïbes	1
#53B400	2.559	2001	Mexique	124	Mexique	Amérique latine et Caraïbes	1
#53B400	2.542	2002	Mexique	124	Mexique	Amérique latine et Caraïbes	1
#53B400	2.525	2003	Mexique	124	Mexique	Amérique latine et Caraïbes	1
#53B400	2.507	2004	Mexique	124	Mexique	Amérique latine et Caraïbes	1
#53B400	2.483	2005	Mexique	124	Mexique	Amérique latine et Caraïbes	1
#53B400	2.455	2006	Mexique	124	Mexique	Amérique latine et Caraïbes	1
#53B400	2.424	2007	Mexique	124	Mexique	Amérique latine et Caraïbes	1
#53B400	2.391	2008	Mexique	124	Mexique	Amérique latine et Caraïbes	1
#53B400	2.356	2009	Mexique	124	Mexique	Amérique latine et Caraïbes	1
#53B400	2.32	2010	Mexique	124	Mexique	Amérique latine et Caraïbes	1
#53B400	2.283	2011	Mexique	124	Mexique	Amérique latine et Caraïbes	1
#F8766D	6.309	1960	Malaisie	116	Malaisie	Asie de l'Est et Pacifique	1
#F8766D	6.28	1961	Malaisie	116	Malaisie	Asie de l'Est et Pacifique	1
#F8766D	6.213	1962	Malaisie	116	Malaisie	Asie de l'Est et Pacifique	1
#F8766D	6.103	1963	Malaisie	116	Malaisie	Asie de l'Est et Pacifique	1
#F8766D	5.952	1964	Malaisie	116	Malaisie	Asie de l'Est et Pacifique	1
#F8766D	5.77	1965	Malaisie	116	Malaisie	Asie de l'Est et Pacifique	1
#F8766D	5.57	1966	Malaisie	116	Malaisie	Asie de l'Est et Pacifique	1
#F8766D	5.368	1967	Malaisie	116	Malaisie	Asie de l'Est et Pacifique	1
#F8766D	5.179	1968	Malaisie	116	Malaisie	Asie de l'Est et Pacifique	1
#F8766D	5.009	1969	Malaisie	116	Malaisie	Asie de l'Est et Pacifique	1
#F8766D	4.858	1970	Malaisie	116	Malaisie	Asie de l'Est et Pacifique	1
#F8766D	4.722	1971	Malaisie	116	Malaisie	Asie de l'Est et Pacifique	1
#F8766D	4.593	1972	Malaisie	116	Malaisie	Asie de l'Est et Pacifique	1
#F8766D	4.463	1973	Malaisie	116	Malaisie	Asie de l'Est et Pacifique	1
#F8766D	4.334	1974	Malaisie	116	Malaisie	Asie de l'Est et Pacifique	1
#F8766D	4.209	1975	Malaisie	116	Malaisie	Asie de l'Est et Pacifique	1
#F8766D	4.092	1976	Malaisie	116	Malaisie	Asie de l'Est et Pacifique	1
#F8766D	3.99	1977	Malaisie	116	Malaisie	Asie de l'Est et Pacifique	1
#F8766D	3.906	1978	Malaisie	116	Malaisie	Asie de l'Est et Pacifique	1
#F8766D	3.839	1979	Malaisie	116	Malaisie	Asie de l'Est et Pacifique	1
#F8766D	3.789	1980	Malaisie	116	Malaisie	Asie de l'Est et Pacifique	1
#F8766D	3.753	1981	Malaisie	116	Malaisie	Asie de l'Est et Pacifique	1
#F8766D	3.725	1982	Malaisie	116	Malaisie	Asie de l'Est et Pacifique	1
#F8766D	3.702	1983	Malaisie	116	Malaisie	Asie de l'Est et Pacifique	1
#F8766D	3.679	1984	Malaisie	116	Malaisie	Asie de l'Est et Pacifique	1
#F8766D	3.656	1985	Malaisie	116	Malaisie	Asie de l'Est et Pacifique	1
#F8766D	3.63	1986	Malaisie	116	Malaisie	Asie de l'Est et Pacifique	1
#F8766D	3.604	1987	Malaisie	116	Malaisie	Asie de l'Est et Pacifique	1
#F8766D	3.576	1988	Malaisie	116	Malaisie	Asie de l'Est et Pacifique	1
#F8766D	3.546	1989	Malaisie	116	Malaisie	Asie de l'Est et Pacifique	1
#F8766D	3.514	1990	Malaisie	116	Malaisie	Asie de l'Est et Pacifique	1
#F8766D	3.478	1991	Malaisie	116	Malaisie	Asie de l'Est et Pacifique	1
#F8766D	3.438	1992	Malaisie	116	Malaisie	Asie de l'Est et Pacifique	1
#F8766D	3.395	1993	Malaisie	116	Malaisie	Asie de l'Est et Pacifique	1
#F8766D	3.349	1994	Malaisie	116	Malaisie	Asie de l'Est et Pacifique	1
#F8766D	3.301	1995	Malaisie	116	Malaisie	Asie de l'Est et Pacifique	1
#F8766D	3.253	1996	Malaisie	116	Malaisie	Asie de l'Est et Pacifique	1
#F8766D	3.204	1997	Malaisie	116	Malaisie	Asie de l'Est et Pacifique	1
#F8766D	3.157	1998	Malaisie	116	Malaisie	Asie de l'Est et Pacifique	1
#F8766D	3.11	1999	Malaisie	116	Malaisie	Asie de l'Est et Pacifique	1
#F8766D	3.065	2000	Malaisie	116	Malaisie	Asie de l'Est et Pacifique	1
#F8766D	3.02	2001	Malaisie	116	Malaisie	Asie de l'Est et Pacifique	1
#F8766D	2.973	2002	Malaisie	116	Malaisie	Asie de l'Est et Pacifique	1
#F8766D	2.926	2003	Malaisie	116	Malaisie	Asie de l'Est et Pacifique	1
#F8766D	2.878	2004	Malaisie	116	Malaisie	Asie de l'Est et Pacifique	1
#F8766D	2.83	2005	Malaisie	116	Malaisie	Asie de l'Est et Pacifique	1
#F8766D	2.784	2006	Malaisie	116	Malaisie	Asie de l'Est et Pacifique	1
#F8766D	2.741	2007	Malaisie	116	Malaisie	Asie de l'Est et Pacifique	1
#F8766D	2.702	2008	Malaisie	116	Malaisie	Asie de l'Est et Pacifique	1
#F8766D	2.666	2009	Malaisie	116	Malaisie	Asie de l'Est et Pacifique	1
#F8766D	2.635	2010	Malaisie	116	Malaisie	Asie de l'Est et Pacifique	1
#F8766D	2.607	2011	Malaisie	116	Malaisie	Asie de l'Est et Pacifique	1
#FB61D7	6.6	1960	Mozambique	129	Mozambique	Afrique subsaharienne	1
#FB61D7	6.6	1961	Mozambique	129	Mozambique	Afrique subsaharienne	1
#FB61D7	6.601	1962	Mozambique	129	Mozambique	Afrique subsaharienne	1
#FB61D7	6.601	1963	Mozambique	129	Mozambique	Afrique subsaharienne	1
#FB61D7	6.602	1964	Mozambique	129	Mozambique	Afrique subsaharienne	1
#FB61D7	6.602	1965	Mozambique	129	Mozambique	Afrique subsaharienne	1
#FB61D7	6.602	1966	Mozambique	129	Mozambique	Afrique subsaharienne	1
#FB61D7	6.601	1967	Mozambique	129	Mozambique	Afrique subsaharienne	1
#FB61D7	6.599	1968	Mozambique	129	Mozambique	Afrique subsaharienne	1
#FB61D7	6.596	1969	Mozambique	129	Mozambique	Afrique subsaharienne	1
#FB61D7	6.591	1970	Mozambique	129	Mozambique	Afrique subsaharienne	1
#FB61D7	6.586	1971	Mozambique	129	Mozambique	Afrique subsaharienne	1
#FB61D7	6.58	1972	Mozambique	129	Mozambique	Afrique subsaharienne	1
#FB61D7	6.572	1973	Mozambique	129	Mozambique	Afrique subsaharienne	1
#FB61D7	6.564	1974	Mozambique	129	Mozambique	Afrique subsaharienne	1
#FB61D7	6.554	1975	Mozambique	129	Mozambique	Afrique subsaharienne	1
#FB61D7	6.544	1976	Mozambique	129	Mozambique	Afrique subsaharienne	1
#FB61D7	6.532	1977	Mozambique	129	Mozambique	Afrique subsaharienne	1
#FB61D7	6.519	1978	Mozambique	129	Mozambique	Afrique subsaharienne	1
#FB61D7	6.505	1979	Mozambique	129	Mozambique	Afrique subsaharienne	1
#FB61D7	6.49	1980	Mozambique	129	Mozambique	Afrique subsaharienne	1
#FB61D7	6.474	1981	Mozambique	129	Mozambique	Afrique subsaharienne	1
#FB61D7	6.457	1982	Mozambique	129	Mozambique	Afrique subsaharienne	1
#FB61D7	6.439	1983	Mozambique	129	Mozambique	Afrique subsaharienne	1
#FB61D7	6.42	1984	Mozambique	129	Mozambique	Afrique subsaharienne	1
#FB61D7	6.398	1985	Mozambique	129	Mozambique	Afrique subsaharienne	1
#FB61D7	6.373	1986	Mozambique	129	Mozambique	Afrique subsaharienne	1
#FB61D7	6.345	1987	Mozambique	129	Mozambique	Afrique subsaharienne	1
#FB61D7	6.313	1988	Mozambique	129	Mozambique	Afrique subsaharienne	1
#FB61D7	6.277	1989	Mozambique	129	Mozambique	Afrique subsaharienne	1
#FB61D7	6.237	1990	Mozambique	129	Mozambique	Afrique subsaharienne	1
#FB61D7	6.194	1991	Mozambique	129	Mozambique	Afrique subsaharienne	1
#FB61D7	6.147	1992	Mozambique	129	Mozambique	Afrique subsaharienne	1
#FB61D7	6.098	1993	Mozambique	129	Mozambique	Afrique subsaharienne	1
#FB61D7	6.046	1994	Mozambique	129	Mozambique	Afrique subsaharienne	1
#FB61D7	5.993	1995	Mozambique	129	Mozambique	Afrique subsaharienne	1
#FB61D7	5.937	1996	Mozambique	129	Mozambique	Afrique subsaharienne	1
#FB61D7	5.879	1997	Mozambique	129	Mozambique	Afrique subsaharienne	1
#FB61D7	5.82	1998	Mozambique	129	Mozambique	Afrique subsaharienne	1
#FB61D7	5.758	1999	Mozambique	129	Mozambique	Afrique subsaharienne	1
#FB61D7	5.693	2000	Mozambique	129	Mozambique	Afrique subsaharienne	1
#FB61D7	5.625	2001	Mozambique	129	Mozambique	Afrique subsaharienne	1
#FB61D7	5.554	2002	Mozambique	129	Mozambique	Afrique subsaharienne	1
#FB61D7	5.479	2003	Mozambique	129	Mozambique	Afrique subsaharienne	1
#FB61D7	5.402	2004	Mozambique	129	Mozambique	Afrique subsaharienne	1
#FB61D7	5.322	2005	Mozambique	129	Mozambique	Afrique subsaharienne	1
#FB61D7	5.24	2006	Mozambique	129	Mozambique	Afrique subsaharienne	1
#FB61D7	5.157	2007	Mozambique	129	Mozambique	Afrique subsaharienne	1
#FB61D7	5.075	2008	Mozambique	129	Mozambique	Afrique subsaharienne	1
#FB61D7	4.993	2009	Mozambique	129	Mozambique	Afrique subsaharienne	1
#FB61D7	4.912	2010	Mozambique	129	Mozambique	Afrique subsaharienne	1
#FB61D7	4.832	2011	Mozambique	129	Mozambique	Afrique subsaharienne	1
#FB61D7	6.149	1960	Namibie	131	Namibie	Afrique subsaharienne	1
#FB61D7	6.167	1961	Namibie	131	Namibie	Afrique subsaharienne	1
#FB61D7	6.184	1962	Namibie	131	Namibie	Afrique subsaharienne	1
#FB61D7	6.199	1963	Namibie	131	Namibie	Afrique subsaharienne	1
#FB61D7	6.216	1964	Namibie	131	Namibie	Afrique subsaharienne	1
#FB61D7	6.236	1965	Namibie	131	Namibie	Afrique subsaharienne	1
#FB61D7	6.263	1966	Namibie	131	Namibie	Afrique subsaharienne	1
#FB61D7	6.301	1967	Namibie	131	Namibie	Afrique subsaharienne	1
#FB61D7	6.347	1968	Namibie	131	Namibie	Afrique subsaharienne	1
#FB61D7	6.401	1969	Namibie	131	Namibie	Afrique subsaharienne	1
#FB61D7	6.459	1970	Namibie	131	Namibie	Afrique subsaharienne	1
#FB61D7	6.517	1971	Namibie	131	Namibie	Afrique subsaharienne	1
#FB61D7	6.57	1972	Namibie	131	Namibie	Afrique subsaharienne	1
#FB61D7	6.613	1973	Namibie	131	Namibie	Afrique subsaharienne	1
#FB61D7	6.642	1974	Namibie	131	Namibie	Afrique subsaharienne	1
#FB61D7	6.654	1975	Namibie	131	Namibie	Afrique subsaharienne	1
#FB61D7	6.647	1976	Namibie	131	Namibie	Afrique subsaharienne	1
#FB61D7	6.622	1977	Namibie	131	Namibie	Afrique subsaharienne	1
#FB61D7	6.581	1978	Namibie	131	Namibie	Afrique subsaharienne	1
#FB61D7	6.524	1979	Namibie	131	Namibie	Afrique subsaharienne	1
#FB61D7	6.451	1980	Namibie	131	Namibie	Afrique subsaharienne	1
#FB61D7	6.362	1981	Namibie	131	Namibie	Afrique subsaharienne	1
#FB61D7	6.259	1982	Namibie	131	Namibie	Afrique subsaharienne	1
#FB61D7	6.145	1983	Namibie	131	Namibie	Afrique subsaharienne	1
#FB61D7	6.022	1984	Namibie	131	Namibie	Afrique subsaharienne	1
#FB61D7	5.893	1985	Namibie	131	Namibie	Afrique subsaharienne	1
#FB61D7	5.76	1986	Namibie	131	Namibie	Afrique subsaharienne	1
#FB61D7	5.625	1987	Namibie	131	Namibie	Afrique subsaharienne	1
#FB61D7	5.491	1988	Namibie	131	Namibie	Afrique subsaharienne	1
#FB61D7	5.358	1989	Namibie	131	Namibie	Afrique subsaharienne	1
#FB61D7	5.227	1990	Namibie	131	Namibie	Afrique subsaharienne	1
#FB61D7	5.098	1991	Namibie	131	Namibie	Afrique subsaharienne	1
#FB61D7	4.97	1992	Namibie	131	Namibie	Afrique subsaharienne	1
#FB61D7	4.842	1993	Namibie	131	Namibie	Afrique subsaharienne	1
#FB61D7	4.715	1994	Namibie	131	Namibie	Afrique subsaharienne	1
#FB61D7	4.59	1995	Namibie	131	Namibie	Afrique subsaharienne	1
#FB61D7	4.469	1996	Namibie	131	Namibie	Afrique subsaharienne	1
#FB61D7	4.351	1997	Namibie	131	Namibie	Afrique subsaharienne	1
#FB61D7	4.24	1998	Namibie	131	Namibie	Afrique subsaharienne	1
#FB61D7	4.134	1999	Namibie	131	Namibie	Afrique subsaharienne	1
#FB61D7	4.033	2000	Namibie	131	Namibie	Afrique subsaharienne	1
#FB61D7	3.938	2001	Namibie	131	Namibie	Afrique subsaharienne	1
#FB61D7	3.848	2002	Namibie	131	Namibie	Afrique subsaharienne	1
#FB61D7	3.76	2003	Namibie	131	Namibie	Afrique subsaharienne	1
#FB61D7	3.675	2004	Namibie	131	Namibie	Afrique subsaharienne	1
#FB61D7	3.593	2005	Namibie	131	Namibie	Afrique subsaharienne	1
#FB61D7	3.513	2006	Namibie	131	Namibie	Afrique subsaharienne	1
#FB61D7	3.436	2007	Namibie	131	Namibie	Afrique subsaharienne	1
#FB61D7	3.36	2008	Namibie	131	Namibie	Afrique subsaharienne	1
#FB61D7	3.288	2009	Namibie	131	Namibie	Afrique subsaharienne	1
#FB61D7	3.217	2010	Namibie	131	Namibie	Afrique subsaharienne	1
#FB61D7	3.15	2011	Namibie	131	Namibie	Afrique subsaharienne	1
#F8766D	6.278	1960	Nouvelle-Calédonie	137	Nouvelle-Calédonie	Asie de l'Est et Pacifique	1
#F8766D	6.144	1961	Nouvelle-Calédonie	137	Nouvelle-Calédonie	Asie de l'Est et Pacifique	1
#F8766D	6.01	1962	Nouvelle-Calédonie	137	Nouvelle-Calédonie	Asie de l'Est et Pacifique	1
#F8766D	5.8733333333	1963	Nouvelle-Calédonie	137	Nouvelle-Calédonie	Asie de l'Est et Pacifique	1
#F8766D	5.7366666667	1964	Nouvelle-Calédonie	137	Nouvelle-Calédonie	Asie de l'Est et Pacifique	1
#F8766D	5.6	1965	Nouvelle-Calédonie	137	Nouvelle-Calédonie	Asie de l'Est et Pacifique	1
#F8766D	5.385	1966	Nouvelle-Calédonie	137	Nouvelle-Calédonie	Asie de l'Est et Pacifique	1
#F8766D	5.17	1967	Nouvelle-Calédonie	137	Nouvelle-Calédonie	Asie de l'Est et Pacifique	1
#F8766D	4.88	1968	Nouvelle-Calédonie	137	Nouvelle-Calédonie	Asie de l'Est et Pacifique	1
#F8766D	4.59	1969	Nouvelle-Calédonie	137	Nouvelle-Calédonie	Asie de l'Est et Pacifique	1
#F8766D	4.3	1970	Nouvelle-Calédonie	137	Nouvelle-Calédonie	Asie de l'Est et Pacifique	1
#F8766D	4.1757142857	1971	Nouvelle-Calédonie	137	Nouvelle-Calédonie	Asie de l'Est et Pacifique	1
#F8766D	4.0514285714	1972	Nouvelle-Calédonie	137	Nouvelle-Calédonie	Asie de l'Est et Pacifique	1
#F8766D	3.9271428571	1973	Nouvelle-Calédonie	137	Nouvelle-Calédonie	Asie de l'Est et Pacifique	1
#F8766D	3.8028571429	1974	Nouvelle-Calédonie	137	Nouvelle-Calédonie	Asie de l'Est et Pacifique	1
#F8766D	3.6785714286	1975	Nouvelle-Calédonie	137	Nouvelle-Calédonie	Asie de l'Est et Pacifique	1
#F8766D	3.5542857143	1976	Nouvelle-Calédonie	137	Nouvelle-Calédonie	Asie de l'Est et Pacifique	1
#F8766D	3.43	1977	Nouvelle-Calédonie	137	Nouvelle-Calédonie	Asie de l'Est et Pacifique	1
#F8766D	3.372	1978	Nouvelle-Calédonie	137	Nouvelle-Calédonie	Asie de l'Est et Pacifique	1
#F8766D	3.314	1979	Nouvelle-Calédonie	137	Nouvelle-Calédonie	Asie de l'Est et Pacifique	1
#F8766D	3.256	1980	Nouvelle-Calédonie	137	Nouvelle-Calédonie	Asie de l'Est et Pacifique	1
#F8766D	3.198	1981	Nouvelle-Calédonie	137	Nouvelle-Calédonie	Asie de l'Est et Pacifique	1
#F8766D	3.14	1982	Nouvelle-Calédonie	137	Nouvelle-Calédonie	Asie de l'Est et Pacifique	1
#F8766D	3.0933333333	1983	Nouvelle-Calédonie	137	Nouvelle-Calédonie	Asie de l'Est et Pacifique	1
#F8766D	3.0466666667	1984	Nouvelle-Calédonie	137	Nouvelle-Calédonie	Asie de l'Est et Pacifique	1
#F8766D	3	1985	Nouvelle-Calédonie	137	Nouvelle-Calédonie	Asie de l'Est et Pacifique	1
#F8766D	3.025	1986	Nouvelle-Calédonie	137	Nouvelle-Calédonie	Asie de l'Est et Pacifique	1
#F8766D	3.05	1987	Nouvelle-Calédonie	137	Nouvelle-Calédonie	Asie de l'Est et Pacifique	1
#F8766D	3.0966666667	1988	Nouvelle-Calédonie	137	Nouvelle-Calédonie	Asie de l'Est et Pacifique	1
#F8766D	3.1433333333	1989	Nouvelle-Calédonie	137	Nouvelle-Calédonie	Asie de l'Est et Pacifique	1
#F8766D	3.19	1990	Nouvelle-Calédonie	137	Nouvelle-Calédonie	Asie de l'Est et Pacifique	1
#F8766D	3.02	1991	Nouvelle-Calédonie	137	Nouvelle-Calédonie	Asie de l'Est et Pacifique	1
#F8766D	2.85	1992	Nouvelle-Calédonie	137	Nouvelle-Calédonie	Asie de l'Est et Pacifique	1
#F8766D	2.7633333333	1993	Nouvelle-Calédonie	137	Nouvelle-Calédonie	Asie de l'Est et Pacifique	1
#F8766D	2.6766666667	1994	Nouvelle-Calédonie	137	Nouvelle-Calédonie	Asie de l'Est et Pacifique	1
#F8766D	2.59	1995	Nouvelle-Calédonie	137	Nouvelle-Calédonie	Asie de l'Est et Pacifique	1
#F8766D	2.645	1996	Nouvelle-Calédonie	137	Nouvelle-Calédonie	Asie de l'Est et Pacifique	1
#F8766D	2.7	1997	Nouvelle-Calédonie	137	Nouvelle-Calédonie	Asie de l'Est et Pacifique	1
#F8766D	2.6766666667	1998	Nouvelle-Calédonie	137	Nouvelle-Calédonie	Asie de l'Est et Pacifique	1
#F8766D	2.6533333333	1999	Nouvelle-Calédonie	137	Nouvelle-Calédonie	Asie de l'Est et Pacifique	1
#F8766D	2.63	2000	Nouvelle-Calédonie	137	Nouvelle-Calédonie	Asie de l'Est et Pacifique	1
#F8766D	2.47	2001	Nouvelle-Calédonie	137	Nouvelle-Calédonie	Asie de l'Est et Pacifique	1
#F8766D	2.37	2002	Nouvelle-Calédonie	137	Nouvelle-Calédonie	Asie de l'Est et Pacifique	1
#F8766D	2.3	2003	Nouvelle-Calédonie	137	Nouvelle-Calédonie	Asie de l'Est et Pacifique	1
#F8766D	2.18	2004	Nouvelle-Calédonie	137	Nouvelle-Calédonie	Asie de l'Est et Pacifique	1
#F8766D	2.2	2005	Nouvelle-Calédonie	137	Nouvelle-Calédonie	Asie de l'Est et Pacifique	1
#F8766D	2.29	2006	Nouvelle-Calédonie	137	Nouvelle-Calédonie	Asie de l'Est et Pacifique	1
#F8766D	2.2	2007	Nouvelle-Calédonie	137	Nouvelle-Calédonie	Asie de l'Est et Pacifique	1
#F8766D	2.166	2008	Nouvelle-Calédonie	137	Nouvelle-Calédonie	Asie de l'Est et Pacifique	1
#F8766D	2.2	2009	Nouvelle-Calédonie	137	Nouvelle-Calédonie	Asie de l'Est et Pacifique	1
#F8766D	2.141	2010	Nouvelle-Calédonie	137	Nouvelle-Calédonie	Asie de l'Est et Pacifique	1
#F8766D	2.122	2011	Nouvelle-Calédonie	137	Nouvelle-Calédonie	Asie de l'Est et Pacifique	1
#FB61D7	7.039	1960	Niger	134	Niger	Afrique subsaharienne	1
#FB61D7	7.073	1961	Niger	134	Niger	Afrique subsaharienne	1
#FB61D7	7.109	1962	Niger	134	Niger	Afrique subsaharienne	1
#FB61D7	7.145	1963	Niger	134	Niger	Afrique subsaharienne	1
#FB61D7	7.183	1964	Niger	134	Niger	Afrique subsaharienne	1
#FB61D7	7.221	1965	Niger	134	Niger	Afrique subsaharienne	1
#FB61D7	7.26	1966	Niger	134	Niger	Afrique subsaharienne	1
#FB61D7	7.3	1967	Niger	134	Niger	Afrique subsaharienne	1
#FB61D7	7.341	1968	Niger	134	Niger	Afrique subsaharienne	1
#FB61D7	7.382	1969	Niger	134	Niger	Afrique subsaharienne	1
#FB61D7	7.423	1970	Niger	134	Niger	Afrique subsaharienne	1
#FB61D7	7.46	1971	Niger	134	Niger	Afrique subsaharienne	1
#FB61D7	7.495	1972	Niger	134	Niger	Afrique subsaharienne	1
#FB61D7	7.526	1973	Niger	134	Niger	Afrique subsaharienne	1
#FB61D7	7.554	1974	Niger	134	Niger	Afrique subsaharienne	1
#FB61D7	7.579	1975	Niger	134	Niger	Afrique subsaharienne	1
#FB61D7	7.602	1976	Niger	134	Niger	Afrique subsaharienne	1
#FB61D7	7.626	1977	Niger	134	Niger	Afrique subsaharienne	1
#FB61D7	7.65	1978	Niger	134	Niger	Afrique subsaharienne	1
#FB61D7	7.675	1979	Niger	134	Niger	Afrique subsaharienne	1
#FB61D7	7.7	1980	Niger	134	Niger	Afrique subsaharienne	1
#FB61D7	7.725	1981	Niger	134	Niger	Afrique subsaharienne	1
#FB61D7	7.748	1982	Niger	134	Niger	Afrique subsaharienne	1
#FB61D7	7.768	1983	Niger	134	Niger	Afrique subsaharienne	1
#FB61D7	7.785	1984	Niger	134	Niger	Afrique subsaharienne	1
#FB61D7	7.797	1985	Niger	134	Niger	Afrique subsaharienne	1
#FB61D7	7.807	1986	Niger	134	Niger	Afrique subsaharienne	1
#FB61D7	7.813	1987	Niger	134	Niger	Afrique subsaharienne	1
#FB61D7	7.817	1988	Niger	134	Niger	Afrique subsaharienne	1
#FB61D7	7.817	1989	Niger	134	Niger	Afrique subsaharienne	1
#FB61D7	7.813	1990	Niger	134	Niger	Afrique subsaharienne	1
#FB61D7	7.803	1991	Niger	134	Niger	Afrique subsaharienne	1
#FB61D7	7.787	1992	Niger	134	Niger	Afrique subsaharienne	1
#FB61D7	7.766	1993	Niger	134	Niger	Afrique subsaharienne	1
#FB61D7	7.738	1994	Niger	134	Niger	Afrique subsaharienne	1
#FB61D7	7.706	1995	Niger	134	Niger	Afrique subsaharienne	1
#FB61D7	7.669	1996	Niger	134	Niger	Afrique subsaharienne	1
#FB61D7	7.629	1997	Niger	134	Niger	Afrique subsaharienne	1
#FB61D7	7.587	1998	Niger	134	Niger	Afrique subsaharienne	1
#FB61D7	7.545	1999	Niger	134	Niger	Afrique subsaharienne	1
#FB61D7	7.503	2000	Niger	134	Niger	Afrique subsaharienne	1
#FB61D7	7.462	2001	Niger	134	Niger	Afrique subsaharienne	1
#FB61D7	7.421	2002	Niger	134	Niger	Afrique subsaharienne	1
#FB61D7	7.381	2003	Niger	134	Niger	Afrique subsaharienne	1
#FB61D7	7.341	2004	Niger	134	Niger	Afrique subsaharienne	1
#FB61D7	7.3	2005	Niger	134	Niger	Afrique subsaharienne	1
#FB61D7	7.258	2006	Niger	134	Niger	Afrique subsaharienne	1
#FB61D7	7.213	2007	Niger	134	Niger	Afrique subsaharienne	1
#FB61D7	7.165	2008	Niger	134	Niger	Afrique subsaharienne	1
#FB61D7	7.115	2009	Niger	134	Niger	Afrique subsaharienne	1
#FB61D7	7.063	2010	Niger	134	Niger	Afrique subsaharienne	1
#FB61D7	7.012	2011	Niger	134	Niger	Afrique subsaharienne	1
#FB61D7	6.354	1960	Nigéria	135	Nigéria	Afrique subsaharienne	1
#FB61D7	6.351	1961	Nigéria	135	Nigéria	Afrique subsaharienne	1
#FB61D7	6.346	1962	Nigéria	135	Nigéria	Afrique subsaharienne	1
#FB61D7	6.341	1963	Nigéria	135	Nigéria	Afrique subsaharienne	1
#FB61D7	6.336	1964	Nigéria	135	Nigéria	Afrique subsaharienne	1
#FB61D7	6.335	1965	Nigéria	135	Nigéria	Afrique subsaharienne	1
#FB61D7	6.342	1966	Nigéria	135	Nigéria	Afrique subsaharienne	1
#FB61D7	6.359	1967	Nigéria	135	Nigéria	Afrique subsaharienne	1
#FB61D7	6.387	1968	Nigéria	135	Nigéria	Afrique subsaharienne	1
#FB61D7	6.425	1969	Nigéria	135	Nigéria	Afrique subsaharienne	1
#FB61D7	6.471	1970	Nigéria	135	Nigéria	Afrique subsaharienne	1
#FB61D7	6.522	1971	Nigéria	135	Nigéria	Afrique subsaharienne	1
#FB61D7	6.575	1972	Nigéria	135	Nigéria	Afrique subsaharienne	1
#FB61D7	6.625	1973	Nigéria	135	Nigéria	Afrique subsaharienne	1
#FB61D7	6.669	1974	Nigéria	135	Nigéria	Afrique subsaharienne	1
#FB61D7	6.706	1975	Nigéria	135	Nigéria	Afrique subsaharienne	1
#FB61D7	6.735	1976	Nigéria	135	Nigéria	Afrique subsaharienne	1
#FB61D7	6.758	1977	Nigéria	135	Nigéria	Afrique subsaharienne	1
#FB61D7	6.775	1978	Nigéria	135	Nigéria	Afrique subsaharienne	1
#FB61D7	6.785	1979	Nigéria	135	Nigéria	Afrique subsaharienne	1
#FB61D7	6.787	1980	Nigéria	135	Nigéria	Afrique subsaharienne	1
#FB61D7	6.782	1981	Nigéria	135	Nigéria	Afrique subsaharienne	1
#FB61D7	6.768	1982	Nigéria	135	Nigéria	Afrique subsaharienne	1
#FB61D7	6.747	1983	Nigéria	135	Nigéria	Afrique subsaharienne	1
#FB61D7	6.718	1984	Nigéria	135	Nigéria	Afrique subsaharienne	1
#FB61D7	6.682	1985	Nigéria	135	Nigéria	Afrique subsaharienne	1
#FB61D7	6.637	1986	Nigéria	135	Nigéria	Afrique subsaharienne	1
#FB61D7	6.585	1987	Nigéria	135	Nigéria	Afrique subsaharienne	1
#FB61D7	6.527	1988	Nigéria	135	Nigéria	Afrique subsaharienne	1
#FB61D7	6.464	1989	Nigéria	135	Nigéria	Afrique subsaharienne	1
#FB61D7	6.399	1990	Nigéria	135	Nigéria	Afrique subsaharienne	1
#FB61D7	6.334	1991	Nigéria	135	Nigéria	Afrique subsaharienne	1
#FB61D7	6.27	1992	Nigéria	135	Nigéria	Afrique subsaharienne	1
#FB61D7	6.209	1993	Nigéria	135	Nigéria	Afrique subsaharienne	1
#FB61D7	6.152	1994	Nigéria	135	Nigéria	Afrique subsaharienne	1
#FB61D7	6.099	1995	Nigéria	135	Nigéria	Afrique subsaharienne	1
#FB61D7	6.051	1996	Nigéria	135	Nigéria	Afrique subsaharienne	1
#FB61D7	6.006	1997	Nigéria	135	Nigéria	Afrique subsaharienne	1
#FB61D7	5.963	1998	Nigéria	135	Nigéria	Afrique subsaharienne	1
#FB61D7	5.922	1999	Nigéria	135	Nigéria	Afrique subsaharienne	1
#FB61D7	5.883	2000	Nigéria	135	Nigéria	Afrique subsaharienne	1
#FB61D7	5.845	2001	Nigéria	135	Nigéria	Afrique subsaharienne	1
#FB61D7	5.809	2002	Nigéria	135	Nigéria	Afrique subsaharienne	1
#FB61D7	5.772	2003	Nigéria	135	Nigéria	Afrique subsaharienne	1
#FB61D7	5.736	2004	Nigéria	135	Nigéria	Afrique subsaharienne	1
#FB61D7	5.701	2005	Nigéria	135	Nigéria	Afrique subsaharienne	1
#FB61D7	5.665	2006	Nigéria	135	Nigéria	Afrique subsaharienne	1
#FB61D7	5.63	2007	Nigéria	135	Nigéria	Afrique subsaharienne	1
#FB61D7	5.595	2008	Nigéria	135	Nigéria	Afrique subsaharienne	1
#FB61D7	5.56	2009	Nigéria	135	Nigéria	Afrique subsaharienne	1
#FB61D7	5.525	2010	Nigéria	135	Nigéria	Afrique subsaharienne	1
#FB61D7	5.489	2011	Nigéria	135	Nigéria	Afrique subsaharienne	1
#53B400	7.336	1960	Nicaragua	133	Nicaragua	Amérique latine et Caraïbes	1
#53B400	7.257	1961	Nicaragua	133	Nicaragua	Amérique latine et Caraïbes	1
#53B400	7.179	1962	Nicaragua	133	Nicaragua	Amérique latine et Caraïbes	1
#53B400	7.109	1963	Nicaragua	133	Nicaragua	Amérique latine et Caraïbes	1
#53B400	7.052	1964	Nicaragua	133	Nicaragua	Amérique latine et Caraïbes	1
#53B400	7.01	1965	Nicaragua	133	Nicaragua	Amérique latine et Caraïbes	1
#53B400	6.981	1966	Nicaragua	133	Nicaragua	Amérique latine et Caraïbes	1
#53B400	6.961	1967	Nicaragua	133	Nicaragua	Amérique latine et Caraïbes	1
#53B400	6.941	1968	Nicaragua	133	Nicaragua	Amérique latine et Caraïbes	1
#53B400	6.919	1969	Nicaragua	133	Nicaragua	Amérique latine et Caraïbes	1
#53B400	6.892	1970	Nicaragua	133	Nicaragua	Amérique latine et Caraïbes	1
#53B400	6.855	1971	Nicaragua	133	Nicaragua	Amérique latine et Caraïbes	1
#53B400	6.807	1972	Nicaragua	133	Nicaragua	Amérique latine et Caraïbes	1
#53B400	6.748	1973	Nicaragua	133	Nicaragua	Amérique latine et Caraïbes	1
#53B400	6.678	1974	Nicaragua	133	Nicaragua	Amérique latine et Caraïbes	1
#53B400	6.597	1975	Nicaragua	133	Nicaragua	Amérique latine et Caraïbes	1
#53B400	6.51	1976	Nicaragua	133	Nicaragua	Amérique latine et Caraïbes	1
#53B400	6.42	1977	Nicaragua	133	Nicaragua	Amérique latine et Caraïbes	1
#53B400	6.327	1978	Nicaragua	133	Nicaragua	Amérique latine et Caraïbes	1
#53B400	6.232	1979	Nicaragua	133	Nicaragua	Amérique latine et Caraïbes	1
#53B400	6.131	1980	Nicaragua	133	Nicaragua	Amérique latine et Caraïbes	1
#53B400	6.018	1981	Nicaragua	133	Nicaragua	Amérique latine et Caraïbes	1
#53B400	5.89	1982	Nicaragua	133	Nicaragua	Amérique latine et Caraïbes	1
#53B400	5.746	1983	Nicaragua	133	Nicaragua	Amérique latine et Caraïbes	1
#53B400	5.589	1984	Nicaragua	133	Nicaragua	Amérique latine et Caraïbes	1
#53B400	5.426	1985	Nicaragua	133	Nicaragua	Amérique latine et Caraïbes	1
#53B400	5.267	1986	Nicaragua	133	Nicaragua	Amérique latine et Caraïbes	1
#53B400	5.118	1987	Nicaragua	133	Nicaragua	Amérique latine et Caraïbes	1
#53B400	4.985	1988	Nicaragua	133	Nicaragua	Amérique latine et Caraïbes	1
#53B400	4.865	1989	Nicaragua	133	Nicaragua	Amérique latine et Caraïbes	1
#53B400	4.754	1990	Nicaragua	133	Nicaragua	Amérique latine et Caraïbes	1
#53B400	4.642	1991	Nicaragua	133	Nicaragua	Amérique latine et Caraïbes	1
#53B400	4.519	1992	Nicaragua	133	Nicaragua	Amérique latine et Caraïbes	1
#53B400	4.381	1993	Nicaragua	133	Nicaragua	Amérique latine et Caraïbes	1
#53B400	4.225	1994	Nicaragua	133	Nicaragua	Amérique latine et Caraïbes	1
#53B400	4.055	1995	Nicaragua	133	Nicaragua	Amérique latine et Caraïbes	1
#53B400	3.878	1996	Nicaragua	133	Nicaragua	Amérique latine et Caraïbes	1
#53B400	3.702	1997	Nicaragua	133	Nicaragua	Amérique latine et Caraïbes	1
#53B400	3.535	1998	Nicaragua	133	Nicaragua	Amérique latine et Caraïbes	1
#53B400	3.384	1999	Nicaragua	133	Nicaragua	Amérique latine et Caraïbes	1
#53B400	3.251	2000	Nicaragua	133	Nicaragua	Amérique latine et Caraïbes	1
#53B400	3.139	2001	Nicaragua	133	Nicaragua	Amérique latine et Caraïbes	1
#53B400	3.046	2002	Nicaragua	133	Nicaragua	Amérique latine et Caraïbes	1
#53B400	2.968	2003	Nicaragua	133	Nicaragua	Amérique latine et Caraïbes	1
#53B400	2.904	2004	Nicaragua	133	Nicaragua	Amérique latine et Caraïbes	1
#53B400	2.85	2005	Nicaragua	133	Nicaragua	Amérique latine et Caraïbes	1
#53B400	2.803	2006	Nicaragua	133	Nicaragua	Amérique latine et Caraïbes	1
#53B400	2.759	2007	Nicaragua	133	Nicaragua	Amérique latine et Caraïbes	1
#53B400	2.715	2008	Nicaragua	133	Nicaragua	Amérique latine et Caraïbes	1
#53B400	2.67	2009	Nicaragua	133	Nicaragua	Amérique latine et Caraïbes	1
#53B400	2.622	2010	Nicaragua	133	Nicaragua	Amérique latine et Caraïbes	1
#53B400	2.573	2011	Nicaragua	133	Nicaragua	Amérique latine et Caraïbes	1
#C49A00	3.122	1960	Pays-Bas	147	Pays-Bas	Europe et Asie centrale	1
#C49A00	3.217	1961	Pays-Bas	147	Pays-Bas	Europe et Asie centrale	1
#C49A00	3.176	1962	Pays-Bas	147	Pays-Bas	Europe et Asie centrale	1
#C49A00	3.193	1963	Pays-Bas	147	Pays-Bas	Europe et Asie centrale	1
#C49A00	3.166	1964	Pays-Bas	147	Pays-Bas	Europe et Asie centrale	1
#C49A00	3.039	1965	Pays-Bas	147	Pays-Bas	Europe et Asie centrale	1
#C49A00	2.903	1966	Pays-Bas	147	Pays-Bas	Europe et Asie centrale	1
#C49A00	2.814	1967	Pays-Bas	147	Pays-Bas	Europe et Asie centrale	1
#C49A00	2.716	1968	Pays-Bas	147	Pays-Bas	Europe et Asie centrale	1
#C49A00	2.748	1969	Pays-Bas	147	Pays-Bas	Europe et Asie centrale	1
#C49A00	2.572	1970	Pays-Bas	147	Pays-Bas	Europe et Asie centrale	1
#C49A00	2.362	1971	Pays-Bas	147	Pays-Bas	Europe et Asie centrale	1
#C49A00	2.151	1972	Pays-Bas	147	Pays-Bas	Europe et Asie centrale	1
#C49A00	1.904	1973	Pays-Bas	147	Pays-Bas	Europe et Asie centrale	1
#C49A00	1.773	1974	Pays-Bas	147	Pays-Bas	Europe et Asie centrale	1
#C49A00	1.664	1975	Pays-Bas	147	Pays-Bas	Europe et Asie centrale	1
#C49A00	1.632	1976	Pays-Bas	147	Pays-Bas	Europe et Asie centrale	1
#C49A00	1.579	1977	Pays-Bas	147	Pays-Bas	Europe et Asie centrale	1
#C49A00	1.583	1978	Pays-Bas	147	Pays-Bas	Europe et Asie centrale	1
#C49A00	1.563	1979	Pays-Bas	147	Pays-Bas	Europe et Asie centrale	1
#C49A00	1.602	1980	Pays-Bas	147	Pays-Bas	Europe et Asie centrale	1
#C49A00	1.563	1981	Pays-Bas	147	Pays-Bas	Europe et Asie centrale	1
#C49A00	1.495	1982	Pays-Bas	147	Pays-Bas	Europe et Asie centrale	1
#C49A00	1.468	1983	Pays-Bas	147	Pays-Bas	Europe et Asie centrale	1
#C49A00	1.491	1984	Pays-Bas	147	Pays-Bas	Europe et Asie centrale	1
#C49A00	1.511	1985	Pays-Bas	147	Pays-Bas	Europe et Asie centrale	1
#C49A00	1.553	1986	Pays-Bas	147	Pays-Bas	Europe et Asie centrale	1
#C49A00	1.558	1987	Pays-Bas	147	Pays-Bas	Europe et Asie centrale	1
#C49A00	1.55	1988	Pays-Bas	147	Pays-Bas	Europe et Asie centrale	1
#C49A00	1.55	1989	Pays-Bas	147	Pays-Bas	Europe et Asie centrale	1
#C49A00	1.62	1990	Pays-Bas	147	Pays-Bas	Europe et Asie centrale	1
#C49A00	1.61	1991	Pays-Bas	147	Pays-Bas	Europe et Asie centrale	1
#C49A00	1.59	1992	Pays-Bas	147	Pays-Bas	Europe et Asie centrale	1
#C49A00	1.57	1993	Pays-Bas	147	Pays-Bas	Europe et Asie centrale	1
#C49A00	1.57	1994	Pays-Bas	147	Pays-Bas	Europe et Asie centrale	1
#C49A00	1.53	1995	Pays-Bas	147	Pays-Bas	Europe et Asie centrale	1
#C49A00	1.53	1996	Pays-Bas	147	Pays-Bas	Europe et Asie centrale	1
#C49A00	1.53	1997	Pays-Bas	147	Pays-Bas	Europe et Asie centrale	1
#C49A00	1.63	1998	Pays-Bas	147	Pays-Bas	Europe et Asie centrale	1
#C49A00	1.65	1999	Pays-Bas	147	Pays-Bas	Europe et Asie centrale	1
#C49A00	1.72	2000	Pays-Bas	147	Pays-Bas	Europe et Asie centrale	1
#C49A00	1.71	2001	Pays-Bas	147	Pays-Bas	Europe et Asie centrale	1
#C49A00	1.73	2002	Pays-Bas	147	Pays-Bas	Europe et Asie centrale	1
#C49A00	1.75	2003	Pays-Bas	147	Pays-Bas	Europe et Asie centrale	1
#C49A00	1.72	2004	Pays-Bas	147	Pays-Bas	Europe et Asie centrale	1
#C49A00	1.71	2005	Pays-Bas	147	Pays-Bas	Europe et Asie centrale	1
#C49A00	1.72	2006	Pays-Bas	147	Pays-Bas	Europe et Asie centrale	1
#C49A00	1.72	2007	Pays-Bas	147	Pays-Bas	Europe et Asie centrale	1
#C49A00	1.77	2008	Pays-Bas	147	Pays-Bas	Europe et Asie centrale	1
#C49A00	1.79	2009	Pays-Bas	147	Pays-Bas	Europe et Asie centrale	1
#C49A00	1.79	2010	Pays-Bas	147	Pays-Bas	Europe et Asie centrale	1
#C49A00	1.76	2011	Pays-Bas	147	Pays-Bas	Europe et Asie centrale	1
#C49A00	2.846	1960	Norvège	136	Norvège	Europe et Asie centrale	1
#C49A00	2.913	1961	Norvège	136	Norvège	Europe et Asie centrale	1
#C49A00	2.887	1962	Norvège	136	Norvège	Europe et Asie centrale	1
#C49A00	2.906	1963	Norvège	136	Norvège	Europe et Asie centrale	1
#C49A00	2.964	1964	Norvège	136	Norvège	Europe et Asie centrale	1
#C49A00	2.932	1965	Norvège	136	Norvège	Europe et Asie centrale	1
#C49A00	2.893	1966	Norvège	136	Norvège	Europe et Asie centrale	1
#C49A00	2.8	1967	Norvège	136	Norvège	Europe et Asie centrale	1
#C49A00	2.75	1968	Norvège	136	Norvège	Europe et Asie centrale	1
#C49A00	2.699	1969	Norvège	136	Norvège	Europe et Asie centrale	1
#C49A00	2.503	1970	Norvège	136	Norvège	Europe et Asie centrale	1
#C49A00	2.498	1971	Norvège	136	Norvège	Europe et Asie centrale	1
#C49A00	2.372	1972	Norvège	136	Norvège	Europe et Asie centrale	1
#C49A00	2.238	1973	Norvège	136	Norvège	Europe et Asie centrale	1
#C49A00	2.137	1974	Norvège	136	Norvège	Europe et Asie centrale	1
#C49A00	1.991	1975	Norvège	136	Norvège	Europe et Asie centrale	1
#C49A00	1.871	1976	Norvège	136	Norvège	Europe et Asie centrale	1
#C49A00	1.76	1977	Norvège	136	Norvège	Europe et Asie centrale	1
#C49A00	1.775	1978	Norvège	136	Norvège	Europe et Asie centrale	1
#C49A00	1.755	1979	Norvège	136	Norvège	Europe et Asie centrale	1
#C49A00	1.72	1980	Norvège	136	Norvège	Europe et Asie centrale	1
#C49A00	1.7	1981	Norvège	136	Norvège	Europe et Asie centrale	1
#C49A00	1.69	1982	Norvège	136	Norvège	Europe et Asie centrale	1
#C49A00	1.66	1983	Norvège	136	Norvège	Europe et Asie centrale	1
#C49A00	1.66	1984	Norvège	136	Norvège	Europe et Asie centrale	1
#C49A00	1.68	1985	Norvège	136	Norvège	Europe et Asie centrale	1
#C49A00	1.71	1986	Norvège	136	Norvège	Europe et Asie centrale	1
#C49A00	1.8	1987	Norvège	136	Norvège	Europe et Asie centrale	1
#C49A00	1.84	1988	Norvège	136	Norvège	Europe et Asie centrale	1
#C49A00	1.88	1989	Norvège	136	Norvège	Europe et Asie centrale	1
#C49A00	1.93	1990	Norvège	136	Norvège	Europe et Asie centrale	1
#C49A00	1.92	1991	Norvège	136	Norvège	Europe et Asie centrale	1
#C49A00	1.88	1992	Norvège	136	Norvège	Europe et Asie centrale	1
#C49A00	1.86	1993	Norvège	136	Norvège	Europe et Asie centrale	1
#C49A00	1.87	1994	Norvège	136	Norvège	Europe et Asie centrale	1
#C49A00	1.87	1995	Norvège	136	Norvège	Europe et Asie centrale	1
#C49A00	1.89	1996	Norvège	136	Norvège	Europe et Asie centrale	1
#C49A00	1.86	1997	Norvège	136	Norvège	Europe et Asie centrale	1
#C49A00	1.81	1998	Norvège	136	Norvège	Europe et Asie centrale	1
#C49A00	1.85	1999	Norvège	136	Norvège	Europe et Asie centrale	1
#C49A00	1.85	2000	Norvège	136	Norvège	Europe et Asie centrale	1
#C49A00	1.78	2001	Norvège	136	Norvège	Europe et Asie centrale	1
#C49A00	1.75	2002	Norvège	136	Norvège	Europe et Asie centrale	1
#C49A00	1.8	2003	Norvège	136	Norvège	Europe et Asie centrale	1
#C49A00	1.83	2004	Norvège	136	Norvège	Europe et Asie centrale	1
#C49A00	1.84	2005	Norvège	136	Norvège	Europe et Asie centrale	1
#C49A00	1.9	2006	Norvège	136	Norvège	Europe et Asie centrale	1
#C49A00	1.9	2007	Norvège	136	Norvège	Europe et Asie centrale	1
#C49A00	1.96	2008	Norvège	136	Norvège	Europe et Asie centrale	1
#C49A00	1.98	2009	Norvège	136	Norvège	Europe et Asie centrale	1
#C49A00	1.95	2010	Norvège	136	Norvège	Europe et Asie centrale	1
#C49A00	1.88	2011	Norvège	136	Norvège	Europe et Asie centrale	1
#A58AFF	6.103	1960	Népal	132	Népal	Asie du Sud	1
#A58AFF	6.103	1961	Népal	132	Népal	Asie du Sud	1
#A58AFF	6.102	1962	Népal	132	Népal	Asie du Sud	1
#A58AFF	6.1	1963	Népal	132	Népal	Asie du Sud	1
#A58AFF	6.097	1964	Népal	132	Népal	Asie du Sud	1
#A58AFF	6.094	1965	Népal	132	Népal	Asie du Sud	1
#A58AFF	6.089	1966	Népal	132	Népal	Asie du Sud	1
#A58AFF	6.085	1967	Népal	132	Népal	Asie du Sud	1
#A58AFF	6.079	1968	Népal	132	Népal	Asie du Sud	1
#A58AFF	6.073	1969	Népal	132	Népal	Asie du Sud	1
#A58AFF	6.065	1970	Népal	132	Népal	Asie du Sud	1
#A58AFF	6.055	1971	Népal	132	Népal	Asie du Sud	1
#A58AFF	6.043	1972	Népal	132	Népal	Asie du Sud	1
#A58AFF	6.029	1973	Népal	132	Népal	Asie du Sud	1
#A58AFF	6.011	1974	Népal	132	Népal	Asie du Sud	1
#A58AFF	5.99	1975	Népal	132	Népal	Asie du Sud	1
#A58AFF	5.965	1976	Népal	132	Népal	Asie du Sud	1
#A58AFF	5.938	1977	Népal	132	Népal	Asie du Sud	1
#A58AFF	5.907	1978	Népal	132	Népal	Asie du Sud	1
#A58AFF	5.872	1979	Népal	132	Népal	Asie du Sud	1
#A58AFF	5.834	1980	Népal	132	Népal	Asie du Sud	1
#A58AFF	5.791	1981	Népal	132	Népal	Asie du Sud	1
#A58AFF	5.744	1982	Népal	132	Népal	Asie du Sud	1
#A58AFF	5.692	1983	Népal	132	Népal	Asie du Sud	1
#A58AFF	5.635	1984	Népal	132	Népal	Asie du Sud	1
#A58AFF	5.573	1985	Népal	132	Népal	Asie du Sud	1
#A58AFF	5.507	1986	Népal	132	Népal	Asie du Sud	1
#A58AFF	5.435	1987	Népal	132	Népal	Asie du Sud	1
#A58AFF	5.359	1988	Népal	132	Népal	Asie du Sud	1
#A58AFF	5.279	1989	Népal	132	Népal	Asie du Sud	1
#A58AFF	5.194	1990	Népal	132	Népal	Asie du Sud	1
#A58AFF	5.104	1991	Népal	132	Népal	Asie du Sud	1
#A58AFF	5.01	1992	Népal	132	Népal	Asie du Sud	1
#A58AFF	4.912	1993	Népal	132	Népal	Asie du Sud	1
#A58AFF	4.809	1994	Népal	132	Népal	Asie du Sud	1
#A58AFF	4.701	1995	Népal	132	Népal	Asie du Sud	1
#A58AFF	4.589	1996	Népal	132	Népal	Asie du Sud	1
#A58AFF	4.472	1997	Népal	132	Népal	Asie du Sud	1
#A58AFF	4.35	1998	Népal	132	Népal	Asie du Sud	1
#A58AFF	4.224	1999	Népal	132	Népal	Asie du Sud	1
#A58AFF	4.091	2000	Népal	132	Népal	Asie du Sud	1
#A58AFF	3.949	2001	Népal	132	Népal	Asie du Sud	1
#A58AFF	3.798	2002	Népal	132	Népal	Asie du Sud	1
#A58AFF	3.641	2003	Népal	132	Népal	Asie du Sud	1
#A58AFF	3.48	2004	Népal	132	Népal	Asie du Sud	1
#A58AFF	3.321	2005	Népal	132	Népal	Asie du Sud	1
#A58AFF	3.171	2006	Népal	132	Népal	Asie du Sud	1
#A58AFF	3.034	2007	Népal	132	Népal	Asie du Sud	1
#A58AFF	2.913	2008	Népal	132	Népal	Asie du Sud	1
#A58AFF	2.812	2009	Népal	132	Népal	Asie du Sud	1
#A58AFF	2.727	2010	Népal	132	Népal	Asie du Sud	1
#A58AFF	2.658	2011	Népal	132	Népal	Asie du Sud	1
#F8766D	4.129	1960	Nouvelle-Zélande	138	Nouvelle-Zélande	Asie de l'Est et Pacifique	1
#F8766D	4.099	1961	Nouvelle-Zélande	138	Nouvelle-Zélande	Asie de l'Est et Pacifique	1
#F8766D	4.107	1962	Nouvelle-Zélande	138	Nouvelle-Zélande	Asie de l'Est et Pacifique	1
#F8766D	3.989	1963	Nouvelle-Zélande	138	Nouvelle-Zélande	Asie de l'Est et Pacifique	1
#F8766D	3.733	1964	Nouvelle-Zélande	138	Nouvelle-Zélande	Asie de l'Est et Pacifique	1
#F8766D	3.54	1965	Nouvelle-Zélande	138	Nouvelle-Zélande	Asie de l'Est et Pacifique	1
#F8766D	3.41	1966	Nouvelle-Zélande	138	Nouvelle-Zélande	Asie de l'Est et Pacifique	1
#F8766D	3.354	1967	Nouvelle-Zélande	138	Nouvelle-Zélande	Asie de l'Est et Pacifique	1
#F8766D	3.332	1968	Nouvelle-Zélande	138	Nouvelle-Zélande	Asie de l'Est et Pacifique	1
#F8766D	3.269	1969	Nouvelle-Zélande	138	Nouvelle-Zélande	Asie de l'Est et Pacifique	1
#F8766D	3.158	1970	Nouvelle-Zélande	138	Nouvelle-Zélande	Asie de l'Est et Pacifique	1
#F8766D	3.194	1971	Nouvelle-Zélande	138	Nouvelle-Zélande	Asie de l'Est et Pacifique	1
#F8766D	3	1972	Nouvelle-Zélande	138	Nouvelle-Zélande	Asie de l'Est et Pacifique	1
#F8766D	2.696	1973	Nouvelle-Zélande	138	Nouvelle-Zélande	Asie de l'Est et Pacifique	1
#F8766D	2.57	1974	Nouvelle-Zélande	138	Nouvelle-Zélande	Asie de l'Est et Pacifique	1
#F8766D	2.331	1975	Nouvelle-Zélande	138	Nouvelle-Zélande	Asie de l'Est et Pacifique	1
#F8766D	2.273	1976	Nouvelle-Zélande	138	Nouvelle-Zélande	Asie de l'Est et Pacifique	1
#F8766D	2.229	1977	Nouvelle-Zélande	138	Nouvelle-Zélande	Asie de l'Est et Pacifique	1
#F8766D	2.07	1978	Nouvelle-Zélande	138	Nouvelle-Zélande	Asie de l'Est et Pacifique	1
#F8766D	2.12	1979	Nouvelle-Zélande	138	Nouvelle-Zélande	Asie de l'Est et Pacifique	1
#F8766D	2.03	1980	Nouvelle-Zélande	138	Nouvelle-Zélande	Asie de l'Est et Pacifique	1
#F8766D	2.01	1981	Nouvelle-Zélande	138	Nouvelle-Zélande	Asie de l'Est et Pacifique	1
#F8766D	1.95	1982	Nouvelle-Zélande	138	Nouvelle-Zélande	Asie de l'Est et Pacifique	1
#F8766D	1.92	1983	Nouvelle-Zélande	138	Nouvelle-Zélande	Asie de l'Est et Pacifique	1
#F8766D	1.93	1984	Nouvelle-Zélande	138	Nouvelle-Zélande	Asie de l'Est et Pacifique	1
#F8766D	1.93	1985	Nouvelle-Zélande	138	Nouvelle-Zélande	Asie de l'Est et Pacifique	1
#F8766D	1.96	1986	Nouvelle-Zélande	138	Nouvelle-Zélande	Asie de l'Est et Pacifique	1
#F8766D	2.03	1987	Nouvelle-Zélande	138	Nouvelle-Zélande	Asie de l'Est et Pacifique	1
#F8766D	2.1	1988	Nouvelle-Zélande	138	Nouvelle-Zélande	Asie de l'Est et Pacifique	1
#F8766D	2.12	1989	Nouvelle-Zélande	138	Nouvelle-Zélande	Asie de l'Est et Pacifique	1
#F8766D	2.18	1990	Nouvelle-Zélande	138	Nouvelle-Zélande	Asie de l'Est et Pacifique	1
#F8766D	2.16	1991	Nouvelle-Zélande	138	Nouvelle-Zélande	Asie de l'Est et Pacifique	1
#F8766D	2.12	1992	Nouvelle-Zélande	138	Nouvelle-Zélande	Asie de l'Est et Pacifique	1
#F8766D	2.05	1993	Nouvelle-Zélande	138	Nouvelle-Zélande	Asie de l'Est et Pacifique	1
#F8766D	2	1994	Nouvelle-Zélande	138	Nouvelle-Zélande	Asie de l'Est et Pacifique	1
#F8766D	1.99	1995	Nouvelle-Zélande	138	Nouvelle-Zélande	Asie de l'Est et Pacifique	1
#F8766D	1.96	1996	Nouvelle-Zélande	138	Nouvelle-Zélande	Asie de l'Est et Pacifique	1
#F8766D	1.95	1997	Nouvelle-Zélande	138	Nouvelle-Zélande	Asie de l'Est et Pacifique	1
#F8766D	1.92	1998	Nouvelle-Zélande	138	Nouvelle-Zélande	Asie de l'Est et Pacifique	1
#F8766D	1.94	1999	Nouvelle-Zélande	138	Nouvelle-Zélande	Asie de l'Est et Pacifique	1
#F8766D	2	2000	Nouvelle-Zélande	138	Nouvelle-Zélande	Asie de l'Est et Pacifique	1
#F8766D	1.97	2001	Nouvelle-Zélande	138	Nouvelle-Zélande	Asie de l'Est et Pacifique	1
#F8766D	1.89	2002	Nouvelle-Zélande	138	Nouvelle-Zélande	Asie de l'Est et Pacifique	1
#F8766D	1.91	2003	Nouvelle-Zélande	138	Nouvelle-Zélande	Asie de l'Est et Pacifique	1
#F8766D	2	2004	Nouvelle-Zélande	138	Nouvelle-Zélande	Asie de l'Est et Pacifique	1
#F8766D	1.96	2005	Nouvelle-Zélande	138	Nouvelle-Zélande	Asie de l'Est et Pacifique	1
#F8766D	2	2006	Nouvelle-Zélande	138	Nouvelle-Zélande	Asie de l'Est et Pacifique	1
#F8766D	2.11	2007	Nouvelle-Zélande	138	Nouvelle-Zélande	Asie de l'Est et Pacifique	1
#F8766D	2.19	2008	Nouvelle-Zélande	138	Nouvelle-Zélande	Asie de l'Est et Pacifique	1
#F8766D	2.14	2009	Nouvelle-Zélande	138	Nouvelle-Zélande	Asie de l'Est et Pacifique	1
#F8766D	2.16	2010	Nouvelle-Zélande	138	Nouvelle-Zélande	Asie de l'Est et Pacifique	1
#F8766D	2.1	2011	Nouvelle-Zélande	138	Nouvelle-Zélande	Asie de l'Est et Pacifique	1
#00C094	7.247	1960	Oman	139	Oman	Moyen-Orient et Afrique du Nord	1
#00C094	7.248	1961	Oman	139	Oman	Moyen-Orient et Afrique du Nord	1
#00C094	7.251	1962	Oman	139	Oman	Moyen-Orient et Afrique du Nord	1
#00C094	7.256	1963	Oman	139	Oman	Moyen-Orient et Afrique du Nord	1
#00C094	7.263	1964	Oman	139	Oman	Moyen-Orient et Afrique du Nord	1
#00C094	7.271	1965	Oman	139	Oman	Moyen-Orient et Afrique du Nord	1
#00C094	7.277	1966	Oman	139	Oman	Moyen-Orient et Afrique du Nord	1
#00C094	7.282	1967	Oman	139	Oman	Moyen-Orient et Afrique du Nord	1
#00C094	7.286	1968	Oman	139	Oman	Moyen-Orient et Afrique du Nord	1
#00C094	7.293	1969	Oman	139	Oman	Moyen-Orient et Afrique du Nord	1
#00C094	7.311	1970	Oman	139	Oman	Moyen-Orient et Afrique du Nord	1
#00C094	7.35	1971	Oman	139	Oman	Moyen-Orient et Afrique du Nord	1
#00C094	7.414	1972	Oman	139	Oman	Moyen-Orient et Afrique du Nord	1
#00C094	7.504	1973	Oman	139	Oman	Moyen-Orient et Afrique du Nord	1
#00C094	7.617	1974	Oman	139	Oman	Moyen-Orient et Afrique du Nord	1
#00C094	7.747	1975	Oman	139	Oman	Moyen-Orient et Afrique du Nord	1
#00C094	7.885	1976	Oman	139	Oman	Moyen-Orient et Afrique du Nord	1
#00C094	8.018	1977	Oman	139	Oman	Moyen-Orient et Afrique du Nord	1
#00C094	8.137	1978	Oman	139	Oman	Moyen-Orient et Afrique du Nord	1
#00C094	8.232	1979	Oman	139	Oman	Moyen-Orient et Afrique du Nord	1
#00C094	8.299	1980	Oman	139	Oman	Moyen-Orient et Afrique du Nord	1
#00C094	8.338	1981	Oman	139	Oman	Moyen-Orient et Afrique du Nord	1
#00C094	8.352	1982	Oman	139	Oman	Moyen-Orient et Afrique du Nord	1
#00C094	8.34	1983	Oman	139	Oman	Moyen-Orient et Afrique du Nord	1
#00C094	8.299	1984	Oman	139	Oman	Moyen-Orient et Afrique du Nord	1
#00C094	8.222	1985	Oman	139	Oman	Moyen-Orient et Afrique du Nord	1
#00C094	8.101	1986	Oman	139	Oman	Moyen-Orient et Afrique du Nord	1
#00C094	7.933	1987	Oman	139	Oman	Moyen-Orient et Afrique du Nord	1
#00C094	7.719	1988	Oman	139	Oman	Moyen-Orient et Afrique du Nord	1
#00C094	7.462	1989	Oman	139	Oman	Moyen-Orient et Afrique du Nord	1
#00C094	7.165	1990	Oman	139	Oman	Moyen-Orient et Afrique du Nord	1
#00C094	6.834	1991	Oman	139	Oman	Moyen-Orient et Afrique du Nord	1
#00C094	6.478	1992	Oman	139	Oman	Moyen-Orient et Afrique du Nord	1
#00C094	6.108	1993	Oman	139	Oman	Moyen-Orient et Afrique du Nord	1
#00C094	5.734	1994	Oman	139	Oman	Moyen-Orient et Afrique du Nord	1
#00C094	5.361	1995	Oman	139	Oman	Moyen-Orient et Afrique du Nord	1
#00C094	4.992	1996	Oman	139	Oman	Moyen-Orient et Afrique du Nord	1
#00C094	4.629	1997	Oman	139	Oman	Moyen-Orient et Afrique du Nord	1
#00C094	4.277	1998	Oman	139	Oman	Moyen-Orient et Afrique du Nord	1
#00C094	3.943	1999	Oman	139	Oman	Moyen-Orient et Afrique du Nord	1
#00C094	3.636	2000	Oman	139	Oman	Moyen-Orient et Afrique du Nord	1
#00C094	3.367	2001	Oman	139	Oman	Moyen-Orient et Afrique du Nord	1
#00C094	3.138	2002	Oman	139	Oman	Moyen-Orient et Afrique du Nord	1
#00C094	2.948	2003	Oman	139	Oman	Moyen-Orient et Afrique du Nord	1
#00C094	2.796	2004	Oman	139	Oman	Moyen-Orient et Afrique du Nord	1
#00C094	2.678	2005	Oman	139	Oman	Moyen-Orient et Afrique du Nord	1
#00C094	2.586	2006	Oman	139	Oman	Moyen-Orient et Afrique du Nord	1
#00C094	2.511	2007	Oman	139	Oman	Moyen-Orient et Afrique du Nord	1
#00C094	2.442	2008	Oman	139	Oman	Moyen-Orient et Afrique du Nord	1
#00C094	2.376	2009	Oman	139	Oman	Moyen-Orient et Afrique du Nord	1
#00C094	2.309	2010	Oman	139	Oman	Moyen-Orient et Afrique du Nord	1
#00C094	2.24	2011	Oman	139	Oman	Moyen-Orient et Afrique du Nord	1
#53B400	5.943	1960	Panama	144	Panama	Amérique latine et Caraïbes	1
#53B400	5.944	1961	Panama	144	Panama	Amérique latine et Caraïbes	1
#53B400	5.933	1962	Panama	144	Panama	Amérique latine et Caraïbes	1
#53B400	5.911	1963	Panama	144	Panama	Amérique latine et Caraïbes	1
#53B400	5.874	1964	Panama	144	Panama	Amérique latine et Caraïbes	1
#53B400	5.823	1965	Panama	144	Panama	Amérique latine et Caraïbes	1
#53B400	5.755	1966	Panama	144	Panama	Amérique latine et Caraïbes	1
#53B400	5.671	1967	Panama	144	Panama	Amérique latine et Caraïbes	1
#53B400	5.57	1968	Panama	144	Panama	Amérique latine et Caraïbes	1
#53B400	5.454	1969	Panama	144	Panama	Amérique latine et Caraïbes	1
#53B400	5.322	1970	Panama	144	Panama	Amérique latine et Caraïbes	1
#53B400	5.174	1971	Panama	144	Panama	Amérique latine et Caraïbes	1
#53B400	5.012	1972	Panama	144	Panama	Amérique latine et Caraïbes	1
#53B400	4.84	1973	Panama	144	Panama	Amérique latine et Caraïbes	1
#53B400	4.662	1974	Panama	144	Panama	Amérique latine et Caraïbes	1
#53B400	4.484	1975	Panama	144	Panama	Amérique latine et Caraïbes	1
#53B400	4.311	1976	Panama	144	Panama	Amérique latine et Caraïbes	1
#53B400	4.148	1977	Panama	144	Panama	Amérique latine et Caraïbes	1
#53B400	3.997	1978	Panama	144	Panama	Amérique latine et Caraïbes	1
#53B400	3.861	1979	Panama	144	Panama	Amérique latine et Caraïbes	1
#53B400	3.742	1980	Panama	144	Panama	Amérique latine et Caraïbes	1
#53B400	3.64	1981	Panama	144	Panama	Amérique latine et Caraïbes	1
#53B400	3.552	1982	Panama	144	Panama	Amérique latine et Caraïbes	1
#53B400	3.475	1983	Panama	144	Panama	Amérique latine et Caraïbes	1
#53B400	3.405	1984	Panama	144	Panama	Amérique latine et Caraïbes	1
#53B400	3.34	1985	Panama	144	Panama	Amérique latine et Caraïbes	1
#53B400	3.276	1986	Panama	144	Panama	Amérique latine et Caraïbes	1
#53B400	3.212	1987	Panama	144	Panama	Amérique latine et Caraïbes	1
#53B400	3.147	1988	Panama	144	Panama	Amérique latine et Caraïbes	1
#53B400	3.081	1989	Panama	144	Panama	Amérique latine et Caraïbes	1
#53B400	3.017	1990	Panama	144	Panama	Amérique latine et Caraïbes	1
#53B400	2.957	1991	Panama	144	Panama	Amérique latine et Caraïbes	1
#53B400	2.906	1992	Panama	144	Panama	Amérique latine et Caraïbes	1
#53B400	2.864	1993	Panama	144	Panama	Amérique latine et Caraïbes	1
#53B400	2.833	1994	Panama	144	Panama	Amérique latine et Caraïbes	1
#53B400	2.812	1995	Panama	144	Panama	Amérique latine et Caraïbes	1
#53B400	2.797	1996	Panama	144	Panama	Amérique latine et Caraïbes	1
#53B400	2.786	1997	Panama	144	Panama	Amérique latine et Caraïbes	1
#53B400	2.776	1998	Panama	144	Panama	Amérique latine et Caraïbes	1
#53B400	2.764	1999	Panama	144	Panama	Amérique latine et Caraïbes	1
#53B400	2.749	2000	Panama	144	Panama	Amérique latine et Caraïbes	1
#53B400	2.731	2001	Panama	144	Panama	Amérique latine et Caraïbes	1
#53B400	2.71	2002	Panama	144	Panama	Amérique latine et Caraïbes	1
#53B400	2.687	2003	Panama	144	Panama	Amérique latine et Caraïbes	1
#53B400	2.662	2004	Panama	144	Panama	Amérique latine et Caraïbes	1
#53B400	2.635	2005	Panama	144	Panama	Amérique latine et Caraïbes	1
#53B400	2.606	2006	Panama	144	Panama	Amérique latine et Caraïbes	1
#53B400	2.576	2007	Panama	144	Panama	Amérique latine et Caraïbes	1
#53B400	2.546	2008	Panama	144	Panama	Amérique latine et Caraïbes	1
#53B400	2.515	2009	Panama	144	Panama	Amérique latine et Caraïbes	1
#53B400	2.484	2010	Panama	144	Panama	Amérique latine et Caraïbes	1
#53B400	2.454	2011	Panama	144	Panama	Amérique latine et Caraïbes	1
#53B400	6.876	1960	Pérou	148	Pérou	Amérique latine et Caraïbes	1
#53B400	6.872	1961	Pérou	148	Pérou	Amérique latine et Caraïbes	1
#53B400	6.86	1962	Pérou	148	Pérou	Amérique latine et Caraïbes	1
#53B400	6.836	1963	Pérou	148	Pérou	Amérique latine et Caraïbes	1
#53B400	6.8	1964	Pérou	148	Pérou	Amérique latine et Caraïbes	1
#53B400	6.75	1965	Pérou	148	Pérou	Amérique latine et Caraïbes	1
#53B400	6.684	1966	Pérou	148	Pérou	Amérique latine et Caraïbes	1
#53B400	6.605	1967	Pérou	148	Pérou	Amérique latine et Caraïbes	1
#53B400	6.515	1968	Pérou	148	Pérou	Amérique latine et Caraïbes	1
#53B400	6.415	1969	Pérou	148	Pérou	Amérique latine et Caraïbes	1
#53B400	6.307	1970	Pérou	148	Pérou	Amérique latine et Caraïbes	1
#53B400	6.192	1971	Pérou	148	Pérou	Amérique latine et Caraïbes	1
#53B400	6.073	1972	Pérou	148	Pérou	Amérique latine et Caraïbes	1
#53B400	5.952	1973	Pérou	148	Pérou	Amérique latine et Caraïbes	1
#53B400	5.828	1974	Pérou	148	Pérou	Amérique latine et Caraïbes	1
#53B400	5.702	1975	Pérou	148	Pérou	Amérique latine et Caraïbes	1
#53B400	5.572	1976	Pérou	148	Pérou	Amérique latine et Caraïbes	1
#53B400	5.437	1977	Pérou	148	Pérou	Amérique latine et Caraïbes	1
#53B400	5.297	1978	Pérou	148	Pérou	Amérique latine et Caraïbes	1
#53B400	5.153	1979	Pérou	148	Pérou	Amérique latine et Caraïbes	1
#53B400	5.009	1980	Pérou	148	Pérou	Amérique latine et Caraïbes	1
#53B400	4.866	1981	Pérou	148	Pérou	Amérique latine et Caraïbes	1
#53B400	4.729	1982	Pérou	148	Pérou	Amérique latine et Caraïbes	1
#53B400	4.598	1983	Pérou	148	Pérou	Amérique latine et Caraïbes	1
#53B400	4.475	1984	Pérou	148	Pérou	Amérique latine et Caraïbes	1
#53B400	4.36	1985	Pérou	148	Pérou	Amérique latine et Caraïbes	1
#53B400	4.25	1986	Pérou	148	Pérou	Amérique latine et Caraïbes	1
#53B400	4.144	1987	Pérou	148	Pérou	Amérique latine et Caraïbes	1
#53B400	4.038	1988	Pérou	148	Pérou	Amérique latine et Caraïbes	1
#53B400	3.933	1989	Pérou	148	Pérou	Amérique latine et Caraïbes	1
#53B400	3.828	1990	Pérou	148	Pérou	Amérique latine et Caraïbes	1
#53B400	3.722	1991	Pérou	148	Pérou	Amérique latine et Caraïbes	1
#53B400	3.617	1992	Pérou	148	Pérou	Amérique latine et Caraïbes	1
#53B400	3.514	1993	Pérou	148	Pérou	Amérique latine et Caraïbes	1
#53B400	3.413	1994	Pérou	148	Pérou	Amérique latine et Caraïbes	1
#53B400	3.317	1995	Pérou	148	Pérou	Amérique latine et Caraïbes	1
#53B400	3.226	1996	Pérou	148	Pérou	Amérique latine et Caraïbes	1
#53B400	3.142	1997	Pérou	148	Pérou	Amérique latine et Caraïbes	1
#53B400	3.064	1998	Pérou	148	Pérou	Amérique latine et Caraïbes	1
#53B400	2.993	1999	Pérou	148	Pérou	Amérique latine et Caraïbes	1
#53B400	2.929	2000	Pérou	148	Pérou	Amérique latine et Caraïbes	1
#53B400	2.872	2001	Pérou	148	Pérou	Amérique latine et Caraïbes	1
#53B400	2.821	2002	Pérou	148	Pérou	Amérique latine et Caraïbes	1
#53B400	2.774	2003	Pérou	148	Pérou	Amérique latine et Caraïbes	1
#53B400	2.731	2004	Pérou	148	Pérou	Amérique latine et Caraïbes	1
#53B400	2.691	2005	Pérou	148	Pérou	Amérique latine et Caraïbes	1
#53B400	2.651	2006	Pérou	148	Pérou	Amérique latine et Caraïbes	1
#53B400	2.613	2007	Pérou	148	Pérou	Amérique latine et Caraïbes	1
#53B400	2.576	2008	Pérou	148	Pérou	Amérique latine et Caraïbes	1
#53B400	2.538	2009	Pérou	148	Pérou	Amérique latine et Caraïbes	1
#53B400	2.501	2010	Pérou	148	Pérou	Amérique latine et Caraïbes	1
#53B400	2.464	2011	Pérou	148	Pérou	Amérique latine et Caraïbes	1
#F8766D	6.508	1960	Polynésie française	151	Polynésie française	Asie de l'Est et Pacifique	1
#F8766D	6.524	1961	Polynésie française	151	Polynésie française	Asie de l'Est et Pacifique	1
#F8766D	6.529	1962	Polynésie française	151	Polynésie française	Asie de l'Est et Pacifique	1
#F8766D	6.518	1963	Polynésie française	151	Polynésie française	Asie de l'Est et Pacifique	1
#F8766D	6.49	1964	Polynésie française	151	Polynésie française	Asie de l'Est et Pacifique	1
#F8766D	6.439	1965	Polynésie française	151	Polynésie française	Asie de l'Est et Pacifique	1
#F8766D	6.357	1966	Polynésie française	151	Polynésie française	Asie de l'Est et Pacifique	1
#F8766D	6.243	1967	Polynésie française	151	Polynésie française	Asie de l'Est et Pacifique	1
#F8766D	6.096	1968	Polynésie française	151	Polynésie française	Asie de l'Est et Pacifique	1
#F8766D	5.921	1969	Polynésie française	151	Polynésie française	Asie de l'Est et Pacifique	1
#F8766D	5.722	1970	Polynésie française	151	Polynésie française	Asie de l'Est et Pacifique	1
#F8766D	5.505	1971	Polynésie française	151	Polynésie française	Asie de l'Est et Pacifique	1
#F8766D	5.279	1972	Polynésie française	151	Polynésie française	Asie de l'Est et Pacifique	1
#F8766D	5.055	1973	Polynésie française	151	Polynésie française	Asie de l'Est et Pacifique	1
#F8766D	4.841	1974	Polynésie française	151	Polynésie française	Asie de l'Est et Pacifique	1
#F8766D	4.643	1975	Polynésie française	151	Polynésie française	Asie de l'Est et Pacifique	1
#F8766D	4.466	1976	Polynésie française	151	Polynésie française	Asie de l'Est et Pacifique	1
#F8766D	4.312	1977	Polynésie française	151	Polynésie française	Asie de l'Est et Pacifique	1
#F8766D	4.177	1978	Polynésie française	151	Polynésie française	Asie de l'Est et Pacifique	1
#F8766D	4.064	1979	Polynésie française	151	Polynésie française	Asie de l'Est et Pacifique	1
#F8766D	3.971	1980	Polynésie française	151	Polynésie française	Asie de l'Est et Pacifique	1
#F8766D	3.897	1981	Polynésie française	151	Polynésie française	Asie de l'Est et Pacifique	1
#F8766D	3.839	1982	Polynésie française	151	Polynésie française	Asie de l'Est et Pacifique	1
#F8766D	3.79	1983	Polynésie française	151	Polynésie française	Asie de l'Est et Pacifique	1
#F8766D	3.745	1984	Polynésie française	151	Polynésie française	Asie de l'Est et Pacifique	1
#F8766D	3.698	1985	Polynésie française	151	Polynésie française	Asie de l'Est et Pacifique	1
#F8766D	3.644	1986	Polynésie française	151	Polynésie française	Asie de l'Est et Pacifique	1
#F8766D	3.581	1987	Polynésie française	151	Polynésie française	Asie de l'Est et Pacifique	1
#F8766D	3.507	1988	Polynésie française	151	Polynésie française	Asie de l'Est et Pacifique	1
#F8766D	3.421	1989	Polynésie française	151	Polynésie française	Asie de l'Est et Pacifique	1
#F8766D	3.324	1990	Polynésie française	151	Polynésie française	Asie de l'Est et Pacifique	1
#F8766D	3.219	1991	Polynésie française	151	Polynésie française	Asie de l'Est et Pacifique	1
#F8766D	3.11	1992	Polynésie française	151	Polynésie française	Asie de l'Est et Pacifique	1
#F8766D	3.003	1993	Polynésie française	151	Polynésie française	Asie de l'Est et Pacifique	1
#F8766D	2.901	1994	Polynésie française	151	Polynésie française	Asie de l'Est et Pacifique	1
#F8766D	2.805	1995	Polynésie française	151	Polynésie française	Asie de l'Est et Pacifique	1
#F8766D	2.718	1996	Polynésie française	151	Polynésie française	Asie de l'Est et Pacifique	1
#F8766D	2.64	1997	Polynésie française	151	Polynésie française	Asie de l'Est et Pacifique	1
#F8766D	2.571	1998	Polynésie française	151	Polynésie française	Asie de l'Est et Pacifique	1
#F8766D	2.509	1999	Polynésie française	151	Polynésie française	Asie de l'Est et Pacifique	1
#F8766D	2.455	2000	Polynésie française	151	Polynésie française	Asie de l'Est et Pacifique	1
#F8766D	2.406	2001	Polynésie française	151	Polynésie française	Asie de l'Est et Pacifique	1
#F8766D	2.363	2002	Polynésie française	151	Polynésie française	Asie de l'Est et Pacifique	1
#F8766D	2.322	2003	Polynésie française	151	Polynésie française	Asie de l'Est et Pacifique	1
#F8766D	2.282	2004	Polynésie française	151	Polynésie française	Asie de l'Est et Pacifique	1
#F8766D	2.245	2005	Polynésie française	151	Polynésie française	Asie de l'Est et Pacifique	1
#F8766D	2.209	2006	Polynésie française	151	Polynésie française	Asie de l'Est et Pacifique	1
#F8766D	2.176	2007	Polynésie française	151	Polynésie française	Asie de l'Est et Pacifique	1
#F8766D	2.145	2008	Polynésie française	151	Polynésie française	Asie de l'Est et Pacifique	1
#F8766D	2.116	2009	Polynésie française	151	Polynésie française	Asie de l'Est et Pacifique	1
#F8766D	2.09	2010	Polynésie française	151	Polynésie française	Asie de l'Est et Pacifique	1
#F8766D	2.065	2011	Polynésie française	151	Polynésie française	Asie de l'Est et Pacifique	1
#F8766D	6.275	1960	Papouasie-Nouvelle-Guinée	145	Papouasie-Nouvelle-Guinée	Asie de l'Est et Pacifique	1
#F8766D	6.278	1961	Papouasie-Nouvelle-Guinée	145	Papouasie-Nouvelle-Guinée	Asie de l'Est et Pacifique	1
#F8766D	6.278	1962	Papouasie-Nouvelle-Guinée	145	Papouasie-Nouvelle-Guinée	Asie de l'Est et Pacifique	1
#F8766D	6.275	1963	Papouasie-Nouvelle-Guinée	145	Papouasie-Nouvelle-Guinée	Asie de l'Est et Pacifique	1
#F8766D	6.268	1964	Papouasie-Nouvelle-Guinée	145	Papouasie-Nouvelle-Guinée	Asie de l'Est et Pacifique	1
#F8766D	6.258	1965	Papouasie-Nouvelle-Guinée	145	Papouasie-Nouvelle-Guinée	Asie de l'Est et Pacifique	1
#F8766D	6.244	1966	Papouasie-Nouvelle-Guinée	145	Papouasie-Nouvelle-Guinée	Asie de l'Est et Pacifique	1
#F8766D	6.227	1967	Papouasie-Nouvelle-Guinée	145	Papouasie-Nouvelle-Guinée	Asie de l'Est et Pacifique	1
#F8766D	6.208	1968	Papouasie-Nouvelle-Guinée	145	Papouasie-Nouvelle-Guinée	Asie de l'Est et Pacifique	1
#F8766D	6.187	1969	Papouasie-Nouvelle-Guinée	145	Papouasie-Nouvelle-Guinée	Asie de l'Est et Pacifique	1
#F8766D	6.163	1970	Papouasie-Nouvelle-Guinée	145	Papouasie-Nouvelle-Guinée	Asie de l'Est et Pacifique	1
#F8766D	6.137	1971	Papouasie-Nouvelle-Guinée	145	Papouasie-Nouvelle-Guinée	Asie de l'Est et Pacifique	1
#F8766D	6.108	1972	Papouasie-Nouvelle-Guinée	145	Papouasie-Nouvelle-Guinée	Asie de l'Est et Pacifique	1
#F8766D	6.077	1973	Papouasie-Nouvelle-Guinée	145	Papouasie-Nouvelle-Guinée	Asie de l'Est et Pacifique	1
#F8766D	6.041	1974	Papouasie-Nouvelle-Guinée	145	Papouasie-Nouvelle-Guinée	Asie de l'Est et Pacifique	1
#F8766D	6	1975	Papouasie-Nouvelle-Guinée	145	Papouasie-Nouvelle-Guinée	Asie de l'Est et Pacifique	1
#F8766D	5.954	1976	Papouasie-Nouvelle-Guinée	145	Papouasie-Nouvelle-Guinée	Asie de l'Est et Pacifique	1
#F8766D	5.9	1977	Papouasie-Nouvelle-Guinée	145	Papouasie-Nouvelle-Guinée	Asie de l'Est et Pacifique	1
#F8766D	5.839	1978	Papouasie-Nouvelle-Guinée	145	Papouasie-Nouvelle-Guinée	Asie de l'Est et Pacifique	1
#F8766D	5.771	1979	Papouasie-Nouvelle-Guinée	145	Papouasie-Nouvelle-Guinée	Asie de l'Est et Pacifique	1
#F8766D	5.694	1980	Papouasie-Nouvelle-Guinée	145	Papouasie-Nouvelle-Guinée	Asie de l'Est et Pacifique	1
#F8766D	5.609	1981	Papouasie-Nouvelle-Guinée	145	Papouasie-Nouvelle-Guinée	Asie de l'Est et Pacifique	1
#F8766D	5.515	1982	Papouasie-Nouvelle-Guinée	145	Papouasie-Nouvelle-Guinée	Asie de l'Est et Pacifique	1
#F8766D	5.415	1983	Papouasie-Nouvelle-Guinée	145	Papouasie-Nouvelle-Guinée	Asie de l'Est et Pacifique	1
#F8766D	5.312	1984	Papouasie-Nouvelle-Guinée	145	Papouasie-Nouvelle-Guinée	Asie de l'Est et Pacifique	1
#F8766D	5.21	1985	Papouasie-Nouvelle-Guinée	145	Papouasie-Nouvelle-Guinée	Asie de l'Est et Pacifique	1
#F8766D	5.11	1986	Papouasie-Nouvelle-Guinée	145	Papouasie-Nouvelle-Guinée	Asie de l'Est et Pacifique	1
#F8766D	5.018	1987	Papouasie-Nouvelle-Guinée	145	Papouasie-Nouvelle-Guinée	Asie de l'Est et Pacifique	1
#F8766D	4.934	1988	Papouasie-Nouvelle-Guinée	145	Papouasie-Nouvelle-Guinée	Asie de l'Est et Pacifique	1
#F8766D	4.861	1989	Papouasie-Nouvelle-Guinée	145	Papouasie-Nouvelle-Guinée	Asie de l'Est et Pacifique	1
#F8766D	4.802	1990	Papouasie-Nouvelle-Guinée	145	Papouasie-Nouvelle-Guinée	Asie de l'Est et Pacifique	1
#F8766D	4.757	1991	Papouasie-Nouvelle-Guinée	145	Papouasie-Nouvelle-Guinée	Asie de l'Est et Pacifique	1
#F8766D	4.724	1992	Papouasie-Nouvelle-Guinée	145	Papouasie-Nouvelle-Guinée	Asie de l'Est et Pacifique	1
#F8766D	4.701	1993	Papouasie-Nouvelle-Guinée	145	Papouasie-Nouvelle-Guinée	Asie de l'Est et Pacifique	1
#F8766D	4.685	1994	Papouasie-Nouvelle-Guinée	145	Papouasie-Nouvelle-Guinée	Asie de l'Est et Pacifique	1
#F8766D	4.671	1995	Papouasie-Nouvelle-Guinée	145	Papouasie-Nouvelle-Guinée	Asie de l'Est et Pacifique	1
#F8766D	4.654	1996	Papouasie-Nouvelle-Guinée	145	Papouasie-Nouvelle-Guinée	Asie de l'Est et Pacifique	1
#F8766D	4.631	1997	Papouasie-Nouvelle-Guinée	145	Papouasie-Nouvelle-Guinée	Asie de l'Est et Pacifique	1
#F8766D	4.599	1998	Papouasie-Nouvelle-Guinée	145	Papouasie-Nouvelle-Guinée	Asie de l'Est et Pacifique	1
#F8766D	4.557	1999	Papouasie-Nouvelle-Guinée	145	Papouasie-Nouvelle-Guinée	Asie de l'Est et Pacifique	1
#F8766D	4.507	2000	Papouasie-Nouvelle-Guinée	145	Papouasie-Nouvelle-Guinée	Asie de l'Est et Pacifique	1
#F8766D	4.451	2001	Papouasie-Nouvelle-Guinée	145	Papouasie-Nouvelle-Guinée	Asie de l'Est et Pacifique	1
#F8766D	4.392	2002	Papouasie-Nouvelle-Guinée	145	Papouasie-Nouvelle-Guinée	Asie de l'Est et Pacifique	1
#F8766D	4.335	2003	Papouasie-Nouvelle-Guinée	145	Papouasie-Nouvelle-Guinée	Asie de l'Est et Pacifique	1
#F8766D	4.28	2004	Papouasie-Nouvelle-Guinée	145	Papouasie-Nouvelle-Guinée	Asie de l'Est et Pacifique	1
#F8766D	4.227	2005	Papouasie-Nouvelle-Guinée	145	Papouasie-Nouvelle-Guinée	Asie de l'Est et Pacifique	1
#F8766D	4.175	2006	Papouasie-Nouvelle-Guinée	145	Papouasie-Nouvelle-Guinée	Asie de l'Est et Pacifique	1
#F8766D	4.122	2007	Papouasie-Nouvelle-Guinée	145	Papouasie-Nouvelle-Guinée	Asie de l'Est et Pacifique	1
#F8766D	4.067	2008	Papouasie-Nouvelle-Guinée	145	Papouasie-Nouvelle-Guinée	Asie de l'Est et Pacifique	1
#F8766D	4.01	2009	Papouasie-Nouvelle-Guinée	145	Papouasie-Nouvelle-Guinée	Asie de l'Est et Pacifique	1
#F8766D	3.951	2010	Papouasie-Nouvelle-Guinée	145	Papouasie-Nouvelle-Guinée	Asie de l'Est et Pacifique	1
#F8766D	3.891	2011	Papouasie-Nouvelle-Guinée	145	Papouasie-Nouvelle-Guinée	Asie de l'Est et Pacifique	1
#F8766D	7.148	1960	Philippines	149	Philippines	Asie de l'Est et Pacifique	1
#F8766D	7.087	1961	Philippines	149	Philippines	Asie de l'Est et Pacifique	1
#F8766D	7.02	1962	Philippines	149	Philippines	Asie de l'Est et Pacifique	1
#F8766D	6.947	1963	Philippines	149	Philippines	Asie de l'Est et Pacifique	1
#F8766D	6.867	1964	Philippines	149	Philippines	Asie de l'Est et Pacifique	1
#F8766D	6.781	1965	Philippines	149	Philippines	Asie de l'Est et Pacifique	1
#F8766D	6.689	1966	Philippines	149	Philippines	Asie de l'Est et Pacifique	1
#F8766D	6.589	1967	Philippines	149	Philippines	Asie de l'Est et Pacifique	1
#F8766D	6.485	1968	Philippines	149	Philippines	Asie de l'Est et Pacifique	1
#F8766D	6.376	1969	Philippines	149	Philippines	Asie de l'Est et Pacifique	1
#F8766D	6.264	1970	Philippines	149	Philippines	Asie de l'Est et Pacifique	1
#F8766D	6.152	1971	Philippines	149	Philippines	Asie de l'Est et Pacifique	1
#F8766D	6.041	1972	Philippines	149	Philippines	Asie de l'Est et Pacifique	1
#F8766D	5.931	1973	Philippines	149	Philippines	Asie de l'Est et Pacifique	1
#F8766D	5.824	1974	Philippines	149	Philippines	Asie de l'Est et Pacifique	1
#F8766D	5.718	1975	Philippines	149	Philippines	Asie de l'Est et Pacifique	1
#F8766D	5.613	1976	Philippines	149	Philippines	Asie de l'Est et Pacifique	1
#F8766D	5.506	1977	Philippines	149	Philippines	Asie de l'Est et Pacifique	1
#F8766D	5.399	1978	Philippines	149	Philippines	Asie de l'Est et Pacifique	1
#F8766D	5.29	1979	Philippines	149	Philippines	Asie de l'Est et Pacifique	1
#F8766D	5.183	1980	Philippines	149	Philippines	Asie de l'Est et Pacifique	1
#F8766D	5.078	1981	Philippines	149	Philippines	Asie de l'Est et Pacifique	1
#F8766D	4.978	1982	Philippines	149	Philippines	Asie de l'Est et Pacifique	1
#F8766D	4.883	1983	Philippines	149	Philippines	Asie de l'Est et Pacifique	1
#F8766D	4.795	1984	Philippines	149	Philippines	Asie de l'Est et Pacifique	1
#F8766D	4.712	1985	Philippines	149	Philippines	Asie de l'Est et Pacifique	1
#F8766D	4.632	1986	Philippines	149	Philippines	Asie de l'Est et Pacifique	1
#F8766D	4.554	1987	Philippines	149	Philippines	Asie de l'Est et Pacifique	1
#F8766D	4.476	1988	Philippines	149	Philippines	Asie de l'Est et Pacifique	1
#F8766D	4.397	1989	Philippines	149	Philippines	Asie de l'Est et Pacifique	1
#F8766D	4.32	1990	Philippines	149	Philippines	Asie de l'Est et Pacifique	1
#F8766D	4.246	1991	Philippines	149	Philippines	Asie de l'Est et Pacifique	1
#F8766D	4.177	1992	Philippines	149	Philippines	Asie de l'Est et Pacifique	1
#F8766D	4.113	1993	Philippines	149	Philippines	Asie de l'Est et Pacifique	1
#F8766D	4.056	1994	Philippines	149	Philippines	Asie de l'Est et Pacifique	1
#F8766D	4.006	1995	Philippines	149	Philippines	Asie de l'Est et Pacifique	1
#F8766D	3.962	1996	Philippines	149	Philippines	Asie de l'Est et Pacifique	1
#F8766D	3.923	1997	Philippines	149	Philippines	Asie de l'Est et Pacifique	1
#F8766D	3.888	1998	Philippines	149	Philippines	Asie de l'Est et Pacifique	1
#F8766D	3.852	1999	Philippines	149	Philippines	Asie de l'Est et Pacifique	1
#F8766D	3.814	2000	Philippines	149	Philippines	Asie de l'Est et Pacifique	1
#F8766D	3.767	2001	Philippines	149	Philippines	Asie de l'Est et Pacifique	1
#F8766D	3.71	2002	Philippines	149	Philippines	Asie de l'Est et Pacifique	1
#F8766D	3.643	2003	Philippines	149	Philippines	Asie de l'Est et Pacifique	1
#F8766D	3.568	2004	Philippines	149	Philippines	Asie de l'Est et Pacifique	1
#F8766D	3.486	2005	Philippines	149	Philippines	Asie de l'Est et Pacifique	1
#F8766D	3.404	2006	Philippines	149	Philippines	Asie de l'Est et Pacifique	1
#F8766D	3.325	2007	Philippines	149	Philippines	Asie de l'Est et Pacifique	1
#F8766D	3.255	2008	Philippines	149	Philippines	Asie de l'Est et Pacifique	1
#F8766D	3.194	2009	Philippines	149	Philippines	Asie de l'Est et Pacifique	1
#F8766D	3.142	2010	Philippines	149	Philippines	Asie de l'Est et Pacifique	1
#F8766D	3.099	2011	Philippines	149	Philippines	Asie de l'Est et Pacifique	1
#A58AFF	6.6	1960	Pakistan	142	Pakistan	Asie du Sud	1
#A58AFF	6.6	1961	Pakistan	142	Pakistan	Asie du Sud	1
#A58AFF	6.6	1962	Pakistan	142	Pakistan	Asie du Sud	1
#A58AFF	6.6	1963	Pakistan	142	Pakistan	Asie du Sud	1
#A58AFF	6.6	1964	Pakistan	142	Pakistan	Asie du Sud	1
#A58AFF	6.6	1965	Pakistan	142	Pakistan	Asie du Sud	1
#A58AFF	6.6	1966	Pakistan	142	Pakistan	Asie du Sud	1
#A58AFF	6.6	1967	Pakistan	142	Pakistan	Asie du Sud	1
#A58AFF	6.6	1968	Pakistan	142	Pakistan	Asie du Sud	1
#A58AFF	6.6	1969	Pakistan	142	Pakistan	Asie du Sud	1
#A58AFF	6.601	1970	Pakistan	142	Pakistan	Asie du Sud	1
#A58AFF	6.602	1971	Pakistan	142	Pakistan	Asie du Sud	1
#A58AFF	6.605	1972	Pakistan	142	Pakistan	Asie du Sud	1
#A58AFF	6.608	1973	Pakistan	142	Pakistan	Asie du Sud	1
#A58AFF	6.611	1974	Pakistan	142	Pakistan	Asie du Sud	1
#A58AFF	6.612	1975	Pakistan	142	Pakistan	Asie du Sud	1
#A58AFF	6.608	1976	Pakistan	142	Pakistan	Asie du Sud	1
#A58AFF	6.599	1977	Pakistan	142	Pakistan	Asie du Sud	1
#A58AFF	6.583	1978	Pakistan	142	Pakistan	Asie du Sud	1
#A58AFF	6.561	1979	Pakistan	142	Pakistan	Asie du Sud	1
#A58AFF	6.535	1980	Pakistan	142	Pakistan	Asie du Sud	1
#A58AFF	6.508	1981	Pakistan	142	Pakistan	Asie du Sud	1
#A58AFF	6.483	1982	Pakistan	142	Pakistan	Asie du Sud	1
#A58AFF	6.46	1983	Pakistan	142	Pakistan	Asie du Sud	1
#A58AFF	6.436	1984	Pakistan	142	Pakistan	Asie du Sud	1
#A58AFF	6.407	1985	Pakistan	142	Pakistan	Asie du Sud	1
#A58AFF	6.367	1986	Pakistan	142	Pakistan	Asie du Sud	1
#A58AFF	6.31	1987	Pakistan	142	Pakistan	Asie du Sud	1
#A58AFF	6.234	1988	Pakistan	142	Pakistan	Asie du Sud	1
#A58AFF	6.138	1989	Pakistan	142	Pakistan	Asie du Sud	1
#A58AFF	6.024	1990	Pakistan	142	Pakistan	Asie du Sud	1
#A58AFF	5.899	1991	Pakistan	142	Pakistan	Asie du Sud	1
#A58AFF	5.767	1992	Pakistan	142	Pakistan	Asie du Sud	1
#A58AFF	5.634	1993	Pakistan	142	Pakistan	Asie du Sud	1
#A58AFF	5.499	1994	Pakistan	142	Pakistan	Asie du Sud	1
#A58AFF	5.359	1995	Pakistan	142	Pakistan	Asie du Sud	1
#A58AFF	5.208	1996	Pakistan	142	Pakistan	Asie du Sud	1
#A58AFF	5.042	1997	Pakistan	142	Pakistan	Asie du Sud	1
#A58AFF	4.861	1998	Pakistan	142	Pakistan	Asie du Sud	1
#A58AFF	4.669	1999	Pakistan	142	Pakistan	Asie du Sud	1
#A58AFF	4.474	2000	Pakistan	142	Pakistan	Asie du Sud	1
#A58AFF	4.29	2001	Pakistan	142	Pakistan	Asie du Sud	1
#A58AFF	4.126	2002	Pakistan	142	Pakistan	Asie du Sud	1
#A58AFF	3.987	2003	Pakistan	142	Pakistan	Asie du Sud	1
#A58AFF	3.874	2004	Pakistan	142	Pakistan	Asie du Sud	1
#A58AFF	3.786	2005	Pakistan	142	Pakistan	Asie du Sud	1
#A58AFF	3.714	2006	Pakistan	142	Pakistan	Asie du Sud	1
#A58AFF	3.648	2007	Pakistan	142	Pakistan	Asie du Sud	1
#A58AFF	3.579	2008	Pakistan	142	Pakistan	Asie du Sud	1
#A58AFF	3.504	2009	Pakistan	142	Pakistan	Asie du Sud	1
#A58AFF	3.423	2010	Pakistan	142	Pakistan	Asie du Sud	1
#A58AFF	3.336	2011	Pakistan	142	Pakistan	Asie du Sud	1
#C49A00	2.98	1960	Pologne	150	Pologne	Europe et Asie centrale	1
#C49A00	2.83	1961	Pologne	150	Pologne	Europe et Asie centrale	1
#C49A00	2.72	1962	Pologne	150	Pologne	Europe et Asie centrale	1
#C49A00	2.697	1963	Pologne	150	Pologne	Europe et Asie centrale	1
#C49A00	2.57	1964	Pologne	150	Pologne	Europe et Asie centrale	1
#C49A00	2.52	1965	Pologne	150	Pologne	Europe et Asie centrale	1
#C49A00	2.34	1966	Pologne	150	Pologne	Europe et Asie centrale	1
#C49A00	2.33	1967	Pologne	150	Pologne	Europe et Asie centrale	1
#C49A00	2.24	1968	Pologne	150	Pologne	Europe et Asie centrale	1
#C49A00	2.2	1969	Pologne	150	Pologne	Europe et Asie centrale	1
#C49A00	2.2	1970	Pologne	150	Pologne	Europe et Asie centrale	1
#C49A00	2.25	1971	Pologne	150	Pologne	Europe et Asie centrale	1
#C49A00	2.235	1972	Pologne	150	Pologne	Europe et Asie centrale	1
#C49A00	2.255	1973	Pologne	150	Pologne	Europe et Asie centrale	1
#C49A00	2.26	1974	Pologne	150	Pologne	Europe et Asie centrale	1
#C49A00	2.27	1975	Pologne	150	Pologne	Europe et Asie centrale	1
#C49A00	2.302	1976	Pologne	150	Pologne	Europe et Asie centrale	1
#C49A00	2.23	1977	Pologne	150	Pologne	Europe et Asie centrale	1
#C49A00	2.205	1978	Pologne	150	Pologne	Europe et Asie centrale	1
#C49A00	2.28	1979	Pologne	150	Pologne	Europe et Asie centrale	1
#C49A00	2.276	1980	Pologne	150	Pologne	Europe et Asie centrale	1
#C49A00	2.235	1981	Pologne	150	Pologne	Europe et Asie centrale	1
#C49A00	2.336	1982	Pologne	150	Pologne	Europe et Asie centrale	1
#C49A00	2.416	1983	Pologne	150	Pologne	Europe et Asie centrale	1
#C49A00	2.372	1984	Pologne	150	Pologne	Europe et Asie centrale	1
#C49A00	2.329	1985	Pologne	150	Pologne	Europe et Asie centrale	1
#C49A00	2.22	1986	Pologne	150	Pologne	Europe et Asie centrale	1
#C49A00	2.154	1987	Pologne	150	Pologne	Europe et Asie centrale	1
#C49A00	2.13	1988	Pologne	150	Pologne	Europe et Asie centrale	1
#C49A00	2.078	1989	Pologne	150	Pologne	Europe et Asie centrale	1
#C49A00	2.04	1990	Pologne	150	Pologne	Europe et Asie centrale	1
#C49A00	2.05	1991	Pologne	150	Pologne	Europe et Asie centrale	1
#C49A00	1.93	1992	Pologne	150	Pologne	Europe et Asie centrale	1
#C49A00	1.85	1993	Pologne	150	Pologne	Europe et Asie centrale	1
#C49A00	1.798	1994	Pologne	150	Pologne	Europe et Asie centrale	1
#C49A00	1.61	1995	Pologne	150	Pologne	Europe et Asie centrale	1
#C49A00	1.58	1996	Pologne	150	Pologne	Europe et Asie centrale	1
#C49A00	1.513	1997	Pologne	150	Pologne	Europe et Asie centrale	1
#C49A00	1.44	1998	Pologne	150	Pologne	Europe et Asie centrale	1
#C49A00	1.37	1999	Pologne	150	Pologne	Europe et Asie centrale	1
#C49A00	1.35	2000	Pologne	150	Pologne	Europe et Asie centrale	1
#C49A00	1.31	2001	Pologne	150	Pologne	Europe et Asie centrale	1
#C49A00	1.25	2002	Pologne	150	Pologne	Europe et Asie centrale	1
#C49A00	1.22	2003	Pologne	150	Pologne	Europe et Asie centrale	1
#C49A00	1.23	2004	Pologne	150	Pologne	Europe et Asie centrale	1
#C49A00	1.24	2005	Pologne	150	Pologne	Europe et Asie centrale	1
#C49A00	1.27	2006	Pologne	150	Pologne	Europe et Asie centrale	1
#C49A00	1.31	2007	Pologne	150	Pologne	Europe et Asie centrale	1
#C49A00	1.39	2008	Pologne	150	Pologne	Europe et Asie centrale	1
#C49A00	1.4	2009	Pologne	150	Pologne	Europe et Asie centrale	1
#C49A00	1.38	2010	Pologne	150	Pologne	Europe et Asie centrale	1
#C49A00	1.3	2011	Pologne	150	Pologne	Europe et Asie centrale	1
#53B400	4.657	1960	Porto Rico	152	Porto Rico	Amérique latine et Caraïbes	1
#53B400	4.547	1961	Porto Rico	152	Porto Rico	Amérique latine et Caraïbes	1
#53B400	4.411	1962	Porto Rico	152	Porto Rico	Amérique latine et Caraïbes	1
#53B400	4.252	1963	Porto Rico	152	Porto Rico	Amérique latine et Caraïbes	1
#53B400	4.075	1964	Porto Rico	152	Porto Rico	Amérique latine et Caraïbes	1
#53B400	3.888	1965	Porto Rico	152	Porto Rico	Amérique latine et Caraïbes	1
#53B400	3.703	1966	Porto Rico	152	Porto Rico	Amérique latine et Caraïbes	1
#53B400	3.53	1967	Porto Rico	152	Porto Rico	Amérique latine et Caraïbes	1
#53B400	3.377	1968	Porto Rico	152	Porto Rico	Amérique latine et Caraïbes	1
#53B400	3.248	1969	Porto Rico	152	Porto Rico	Amérique latine et Caraïbes	1
#53B400	3.146	1970	Porto Rico	152	Porto Rico	Amérique latine et Caraïbes	1
#53B400	3.068	1971	Porto Rico	152	Porto Rico	Amérique latine et Caraïbes	1
#53B400	3.006	1972	Porto Rico	152	Porto Rico	Amérique latine et Caraïbes	1
#53B400	2.955	1973	Porto Rico	152	Porto Rico	Amérique latine et Caraïbes	1
#53B400	2.908	1974	Porto Rico	152	Porto Rico	Amérique latine et Caraïbes	1
#53B400	2.864	1975	Porto Rico	152	Porto Rico	Amérique latine et Caraïbes	1
#53B400	2.818	1976	Porto Rico	152	Porto Rico	Amérique latine et Caraïbes	1
#53B400	2.769	1977	Porto Rico	152	Porto Rico	Amérique latine et Caraïbes	1
#53B400	2.718	1978	Porto Rico	152	Porto Rico	Amérique latine et Caraïbes	1
#53B400	2.664	1979	Porto Rico	152	Porto Rico	Amérique latine et Caraïbes	1
#53B400	2.607	1980	Porto Rico	152	Porto Rico	Amérique latine et Caraïbes	1
#53B400	2.548	1981	Porto Rico	152	Porto Rico	Amérique latine et Caraïbes	1
#53B400	2.49	1982	Porto Rico	152	Porto Rico	Amérique latine et Caraïbes	1
#53B400	2.436	1983	Porto Rico	152	Porto Rico	Amérique latine et Caraïbes	1
#53B400	2.387	1984	Porto Rico	152	Porto Rico	Amérique latine et Caraïbes	1
#53B400	2.344	1985	Porto Rico	152	Porto Rico	Amérique latine et Caraïbes	1
#53B400	2.308	1986	Porto Rico	152	Porto Rico	Amérique latine et Caraïbes	1
#53B400	2.279	1987	Porto Rico	152	Porto Rico	Amérique latine et Caraïbes	1
#53B400	2.256	1988	Porto Rico	152	Porto Rico	Amérique latine et Caraïbes	1
#53B400	2.236	1989	Porto Rico	152	Porto Rico	Amérique latine et Caraïbes	1
#53B400	2.219	1990	Porto Rico	152	Porto Rico	Amérique latine et Caraïbes	1
#53B400	2.201	1991	Porto Rico	152	Porto Rico	Amérique latine et Caraïbes	1
#53B400	2.179	1992	Porto Rico	152	Porto Rico	Amérique latine et Caraïbes	1
#53B400	2.153	1993	Porto Rico	152	Porto Rico	Amérique latine et Caraïbes	1
#53B400	2.123	1994	Porto Rico	152	Porto Rico	Amérique latine et Caraïbes	1
#53B400	2.087	1995	Porto Rico	152	Porto Rico	Amérique latine et Caraïbes	1
#53B400	1.94	1996	Porto Rico	152	Porto Rico	Amérique latine et Caraïbes	1
#53B400	1.9	1997	Porto Rico	152	Porto Rico	Amérique latine et Caraïbes	1
#53B400	1.9	1998	Porto Rico	152	Porto Rico	Amérique latine et Caraïbes	1
#53B400	1.97425	1999	Porto Rico	152	Porto Rico	Amérique latine et Caraïbes	1
#53B400	2.0485	2000	Porto Rico	152	Porto Rico	Amérique latine et Caraïbes	1
#53B400	1.9346	2001	Porto Rico	152	Porto Rico	Amérique latine et Caraïbes	1
#53B400	1.8317	2002	Porto Rico	152	Porto Rico	Amérique latine et Caraïbes	1
#53B400	1.7624	2003	Porto Rico	152	Porto Rico	Amérique latine et Caraïbes	1
#53B400	1.7822	2004	Porto Rico	152	Porto Rico	Amérique latine et Caraïbes	1
#53B400	1.7702	2005	Porto Rico	152	Porto Rico	Amérique latine et Caraïbes	1
#53B400	1.7123	2006	Porto Rico	152	Porto Rico	Amérique latine et Caraïbes	1
#53B400	1.6505	2007	Porto Rico	152	Porto Rico	Amérique latine et Caraïbes	1
#53B400	1.6516	2008	Porto Rico	152	Porto Rico	Amérique latine et Caraïbes	1
#53B400	1.6528	2009	Porto Rico	152	Porto Rico	Amérique latine et Caraïbes	1
#53B400	1.797	2010	Porto Rico	152	Porto Rico	Amérique latine et Caraïbes	1
#53B400	1.782	2011	Porto Rico	152	Porto Rico	Amérique latine et Caraïbes	1
#00C094	6.528	1990	Cisjordanie et Gaza	41	Cisjordanie et Gaza	Moyen-Orient et Afrique du Nord	1
#00C094	6.54	1991	Cisjordanie et Gaza	41	Cisjordanie et Gaza	Moyen-Orient et Afrique du Nord	1
#00C094	6.526	1992	Cisjordanie et Gaza	41	Cisjordanie et Gaza	Moyen-Orient et Afrique du Nord	1
#00C094	6.474	1993	Cisjordanie et Gaza	41	Cisjordanie et Gaza	Moyen-Orient et Afrique du Nord	1
#00C094	6.38	1994	Cisjordanie et Gaza	41	Cisjordanie et Gaza	Moyen-Orient et Afrique du Nord	1
#00C094	6.244	1995	Cisjordanie et Gaza	41	Cisjordanie et Gaza	Moyen-Orient et Afrique du Nord	1
#00C094	6.076	1996	Cisjordanie et Gaza	41	Cisjordanie et Gaza	Moyen-Orient et Afrique du Nord	1
#00C094	5.892	1997	Cisjordanie et Gaza	41	Cisjordanie et Gaza	Moyen-Orient et Afrique du Nord	1
#00C094	5.709	1998	Cisjordanie et Gaza	41	Cisjordanie et Gaza	Moyen-Orient et Afrique du Nord	1
#00C094	5.535	1999	Cisjordanie et Gaza	41	Cisjordanie et Gaza	Moyen-Orient et Afrique du Nord	1
#00C094	5.376	2000	Cisjordanie et Gaza	41	Cisjordanie et Gaza	Moyen-Orient et Afrique du Nord	1
#00C094	5.236	2001	Cisjordanie et Gaza	41	Cisjordanie et Gaza	Moyen-Orient et Afrique du Nord	1
#00C094	5.113	2002	Cisjordanie et Gaza	41	Cisjordanie et Gaza	Moyen-Orient et Afrique du Nord	1
#00C094	5.003	2003	Cisjordanie et Gaza	41	Cisjordanie et Gaza	Moyen-Orient et Afrique du Nord	1
#00C094	4.906	2004	Cisjordanie et Gaza	41	Cisjordanie et Gaza	Moyen-Orient et Afrique du Nord	1
#00C094	4.82	2005	Cisjordanie et Gaza	41	Cisjordanie et Gaza	Moyen-Orient et Afrique du Nord	1
#00C094	4.742	2006	Cisjordanie et Gaza	41	Cisjordanie et Gaza	Moyen-Orient et Afrique du Nord	1
#00C094	4.669	2007	Cisjordanie et Gaza	41	Cisjordanie et Gaza	Moyen-Orient et Afrique du Nord	1
#00C094	4.598	2008	Cisjordanie et Gaza	41	Cisjordanie et Gaza	Moyen-Orient et Afrique du Nord	1
#00C094	4.526	2009	Cisjordanie et Gaza	41	Cisjordanie et Gaza	Moyen-Orient et Afrique du Nord	1
#00C094	4.453	2010	Cisjordanie et Gaza	41	Cisjordanie et Gaza	Moyen-Orient et Afrique du Nord	1
#00C094	4.379	2011	Cisjordanie et Gaza	41	Cisjordanie et Gaza	Moyen-Orient et Afrique du Nord	1
#C49A00	3.006	1960	Portugal	153	Portugal	Europe et Asie centrale	1
#C49A00	3.183	1961	Portugal	153	Portugal	Europe et Asie centrale	1
#C49A00	3.213	1962	Portugal	153	Portugal	Europe et Asie centrale	1
#C49A00	3.084	1963	Portugal	153	Portugal	Europe et Asie centrale	1
#C49A00	3.153	1964	Portugal	153	Portugal	Europe et Asie centrale	1
#C49A00	3.078	1965	Portugal	153	Portugal	Europe et Asie centrale	1
#C49A00	3.052	1966	Portugal	153	Portugal	Europe et Asie centrale	1
#C49A00	2.996	1967	Portugal	153	Portugal	Europe et Asie centrale	1
#C49A00	2.902	1968	Portugal	153	Portugal	Europe et Asie centrale	1
#C49A00	2.849	1969	Portugal	153	Portugal	Europe et Asie centrale	1
#C49A00	2.759	1970	Portugal	153	Portugal	Europe et Asie centrale	1
#C49A00	2.799	1971	Portugal	153	Portugal	Europe et Asie centrale	1
#C49A00	2.697	1972	Portugal	153	Portugal	Europe et Asie centrale	1
#C49A00	2.655	1973	Portugal	153	Portugal	Europe et Asie centrale	1
#C49A00	2.599	1974	Portugal	153	Portugal	Europe et Asie centrale	1
#C49A00	2.517	1975	Portugal	153	Portugal	Europe et Asie centrale	1
#C49A00	2.569	1976	Portugal	153	Portugal	Europe et Asie centrale	1
#C49A00	2.448	1977	Portugal	153	Portugal	Europe et Asie centrale	1
#C49A00	2.231	1978	Portugal	153	Portugal	Europe et Asie centrale	1
#C49A00	2.112	1979	Portugal	153	Portugal	Europe et Asie centrale	1
#C49A00	2.19	1980	Portugal	153	Portugal	Europe et Asie centrale	1
#C49A00	2.144	1981	Portugal	153	Portugal	Europe et Asie centrale	1
#C49A00	2.19	1982	Portugal	153	Portugal	Europe et Asie centrale	1
#C49A00	1.946	1983	Portugal	153	Portugal	Europe et Asie centrale	1
#C49A00	1.92	1984	Portugal	153	Portugal	Europe et Asie centrale	1
#C49A00	1.74	1985	Portugal	153	Portugal	Europe et Asie centrale	1
#C49A00	1.63	1986	Portugal	153	Portugal	Europe et Asie centrale	1
#C49A00	1.57	1987	Portugal	153	Portugal	Europe et Asie centrale	1
#C49A00	1.53	1988	Portugal	153	Portugal	Europe et Asie centrale	1
#C49A00	1.48	1989	Portugal	153	Portugal	Europe et Asie centrale	1
#C49A00	1.43	1990	Portugal	153	Portugal	Europe et Asie centrale	1
#C49A00	1.42	1991	Portugal	153	Portugal	Europe et Asie centrale	1
#C49A00	1.48	1992	Portugal	153	Portugal	Europe et Asie centrale	1
#C49A00	1.53	1993	Portugal	153	Portugal	Europe et Asie centrale	1
#C49A00	1.44	1994	Portugal	153	Portugal	Europe et Asie centrale	1
#C49A00	1.38	1995	Portugal	153	Portugal	Europe et Asie centrale	1
#C49A00	1.43	1996	Portugal	153	Portugal	Europe et Asie centrale	1
#C49A00	1.46	1997	Portugal	153	Portugal	Europe et Asie centrale	1
#C49A00	1.48	1998	Portugal	153	Portugal	Europe et Asie centrale	1
#C49A00	1.5	1999	Portugal	153	Portugal	Europe et Asie centrale	1
#C49A00	1.55	2000	Portugal	153	Portugal	Europe et Asie centrale	1
#C49A00	1.45	2001	Portugal	153	Portugal	Europe et Asie centrale	1
#C49A00	1.47	2002	Portugal	153	Portugal	Europe et Asie centrale	1
#C49A00	1.44	2003	Portugal	153	Portugal	Europe et Asie centrale	1
#C49A00	1.4	2004	Portugal	153	Portugal	Europe et Asie centrale	1
#C49A00	1.4	2005	Portugal	153	Portugal	Europe et Asie centrale	1
#C49A00	1.36	2006	Portugal	153	Portugal	Europe et Asie centrale	1
#C49A00	1.33	2007	Portugal	153	Portugal	Europe et Asie centrale	1
#C49A00	1.37	2008	Portugal	153	Portugal	Europe et Asie centrale	1
#C49A00	1.32	2009	Portugal	153	Portugal	Europe et Asie centrale	1
#C49A00	1.36	2010	Portugal	153	Portugal	Europe et Asie centrale	1
#C49A00	1.35	2011	Portugal	153	Portugal	Europe et Asie centrale	1
#F8766D	2.7572	1990	Palaos	143	Palaos	Asie de l'Est et Pacifique	1
#F8766D	2.8605	1995	Palaos	143	Palaos	Asie de l'Est et Pacifique	1
#F8766D	1.535	2000	Palaos	143	Palaos	Asie de l'Est et Pacifique	1
#53B400	6.5	1960	Paraguay	146	Paraguay	Amérique latine et Caraïbes	1
#53B400	6.489	1961	Paraguay	146	Paraguay	Amérique latine et Caraïbes	1
#53B400	6.472	1962	Paraguay	146	Paraguay	Amérique latine et Caraïbes	1
#53B400	6.447	1963	Paraguay	146	Paraguay	Amérique latine et Caraïbes	1
#53B400	6.41	1964	Paraguay	146	Paraguay	Amérique latine et Caraïbes	1
#53B400	6.356	1965	Paraguay	146	Paraguay	Amérique latine et Caraïbes	1
#53B400	6.276	1966	Paraguay	146	Paraguay	Amérique latine et Caraïbes	1
#53B400	6.17	1967	Paraguay	146	Paraguay	Amérique latine et Caraïbes	1
#53B400	6.041	1968	Paraguay	146	Paraguay	Amérique latine et Caraïbes	1
#53B400	5.894	1969	Paraguay	146	Paraguay	Amérique latine et Caraïbes	1
#53B400	5.739	1970	Paraguay	146	Paraguay	Amérique latine et Caraïbes	1
#53B400	5.589	1971	Paraguay	146	Paraguay	Amérique latine et Caraïbes	1
#53B400	5.456	1972	Paraguay	146	Paraguay	Amérique latine et Caraïbes	1
#53B400	5.347	1973	Paraguay	146	Paraguay	Amérique latine et Caraïbes	1
#53B400	5.267	1974	Paraguay	146	Paraguay	Amérique latine et Caraïbes	1
#53B400	5.217	1975	Paraguay	146	Paraguay	Amérique latine et Caraïbes	1
#53B400	5.196	1976	Paraguay	146	Paraguay	Amérique latine et Caraïbes	1
#53B400	5.195	1977	Paraguay	146	Paraguay	Amérique latine et Caraïbes	1
#53B400	5.203	1978	Paraguay	146	Paraguay	Amérique latine et Caraïbes	1
#53B400	5.214	1979	Paraguay	146	Paraguay	Amérique latine et Caraïbes	1
#53B400	5.219	1980	Paraguay	146	Paraguay	Amérique latine et Caraïbes	1
#53B400	5.213	1981	Paraguay	146	Paraguay	Amérique latine et Caraïbes	1
#53B400	5.191	1982	Paraguay	146	Paraguay	Amérique latine et Caraïbes	1
#53B400	5.151	1983	Paraguay	146	Paraguay	Amérique latine et Caraïbes	1
#53B400	5.094	1984	Paraguay	146	Paraguay	Amérique latine et Caraïbes	1
#53B400	5.02	1985	Paraguay	146	Paraguay	Amérique latine et Caraïbes	1
#53B400	4.931	1986	Paraguay	146	Paraguay	Amérique latine et Caraïbes	1
#53B400	4.835	1987	Paraguay	146	Paraguay	Amérique latine et Caraïbes	1
#53B400	4.736	1988	Paraguay	146	Paraguay	Amérique latine et Caraïbes	1
#53B400	4.637	1989	Paraguay	146	Paraguay	Amérique latine et Caraïbes	1
#53B400	4.541	1990	Paraguay	146	Paraguay	Amérique latine et Caraïbes	1
#53B400	4.448	1991	Paraguay	146	Paraguay	Amérique latine et Caraïbes	1
#53B400	4.356	1992	Paraguay	146	Paraguay	Amérique latine et Caraïbes	1
#53B400	4.266	1993	Paraguay	146	Paraguay	Amérique latine et Caraïbes	1
#53B400	4.177	1994	Paraguay	146	Paraguay	Amérique latine et Caraïbes	1
#53B400	4.09	1995	Paraguay	146	Paraguay	Amérique latine et Caraïbes	1
#53B400	4.005	1996	Paraguay	146	Paraguay	Amérique latine et Caraïbes	1
#53B400	3.921	1997	Paraguay	146	Paraguay	Amérique latine et Caraïbes	1
#53B400	3.839	1998	Paraguay	146	Paraguay	Amérique latine et Caraïbes	1
#53B400	3.758	1999	Paraguay	146	Paraguay	Amérique latine et Caraïbes	1
#53B400	3.677	2000	Paraguay	146	Paraguay	Amérique latine et Caraïbes	1
#53B400	3.595	2001	Paraguay	146	Paraguay	Amérique latine et Caraïbes	1
#53B400	3.513	2002	Paraguay	146	Paraguay	Amérique latine et Caraïbes	1
#53B400	3.43	2003	Paraguay	146	Paraguay	Amérique latine et Caraïbes	1
#53B400	3.348	2004	Paraguay	146	Paraguay	Amérique latine et Caraïbes	1
#53B400	3.268	2005	Paraguay	146	Paraguay	Amérique latine et Caraïbes	1
#53B400	3.192	2006	Paraguay	146	Paraguay	Amérique latine et Caraïbes	1
#53B400	3.122	2007	Paraguay	146	Paraguay	Amérique latine et Caraïbes	1
#53B400	3.059	2008	Paraguay	146	Paraguay	Amérique latine et Caraïbes	1
#53B400	3.004	2009	Paraguay	146	Paraguay	Amérique latine et Caraïbes	1
#53B400	2.954	2010	Paraguay	146	Paraguay	Amérique latine et Caraïbes	1
#53B400	2.911	2011	Paraguay	146	Paraguay	Amérique latine et Caraïbes	1
#00C094	6.971	1960	Qatar	154	Qatar	Moyen-Orient et Afrique du Nord	1
#00C094	6.973	1961	Qatar	154	Qatar	Moyen-Orient et Afrique du Nord	1
#00C094	6.977	1962	Qatar	154	Qatar	Moyen-Orient et Afrique du Nord	1
#00C094	6.981	1963	Qatar	154	Qatar	Moyen-Orient et Afrique du Nord	1
#00C094	6.985	1964	Qatar	154	Qatar	Moyen-Orient et Afrique du Nord	1
#00C094	6.987	1965	Qatar	154	Qatar	Moyen-Orient et Afrique du Nord	1
#00C094	6.987	1966	Qatar	154	Qatar	Moyen-Orient et Afrique du Nord	1
#00C094	6.983	1967	Qatar	154	Qatar	Moyen-Orient et Afrique du Nord	1
#00C094	6.973	1968	Qatar	154	Qatar	Moyen-Orient et Afrique du Nord	1
#00C094	6.952	1969	Qatar	154	Qatar	Moyen-Orient et Afrique du Nord	1
#00C094	6.918	1970	Qatar	154	Qatar	Moyen-Orient et Afrique du Nord	1
#00C094	6.866	1971	Qatar	154	Qatar	Moyen-Orient et Afrique du Nord	1
#00C094	6.794	1972	Qatar	154	Qatar	Moyen-Orient et Afrique du Nord	1
#00C094	6.703	1973	Qatar	154	Qatar	Moyen-Orient et Afrique du Nord	1
#00C094	6.595	1974	Qatar	154	Qatar	Moyen-Orient et Afrique du Nord	1
#00C094	6.473	1975	Qatar	154	Qatar	Moyen-Orient et Afrique du Nord	1
#00C094	6.343	1976	Qatar	154	Qatar	Moyen-Orient et Afrique du Nord	1
#00C094	6.208	1977	Qatar	154	Qatar	Moyen-Orient et Afrique du Nord	1
#00C094	6.074	1978	Qatar	154	Qatar	Moyen-Orient et Afrique du Nord	1
#00C094	5.94	1979	Qatar	154	Qatar	Moyen-Orient et Afrique du Nord	1
#00C094	5.804	1980	Qatar	154	Qatar	Moyen-Orient et Afrique du Nord	1
#00C094	5.659	1981	Qatar	154	Qatar	Moyen-Orient et Afrique du Nord	1
#00C094	5.502	1982	Qatar	154	Qatar	Moyen-Orient et Afrique du Nord	1
#00C094	5.33	1983	Qatar	154	Qatar	Moyen-Orient et Afrique du Nord	1
#00C094	5.148	1984	Qatar	154	Qatar	Moyen-Orient et Afrique du Nord	1
#00C094	4.962	1985	Qatar	154	Qatar	Moyen-Orient et Afrique du Nord	1
#00C094	4.782	1986	Qatar	154	Qatar	Moyen-Orient et Afrique du Nord	1
#00C094	4.617	1987	Qatar	154	Qatar	Moyen-Orient et Afrique du Nord	1
#00C094	4.471	1988	Qatar	154	Qatar	Moyen-Orient et Afrique du Nord	1
#00C094	4.345	1989	Qatar	154	Qatar	Moyen-Orient et Afrique du Nord	1
#00C094	4.234	1990	Qatar	154	Qatar	Moyen-Orient et Afrique du Nord	1
#00C094	4.129	1991	Qatar	154	Qatar	Moyen-Orient et Afrique du Nord	1
#00C094	4.02	1992	Qatar	154	Qatar	Moyen-Orient et Afrique du Nord	1
#00C094	3.902	1993	Qatar	154	Qatar	Moyen-Orient et Afrique du Nord	1
#00C094	3.774	1994	Qatar	154	Qatar	Moyen-Orient et Afrique du Nord	1
#00C094	3.642	1995	Qatar	154	Qatar	Moyen-Orient et Afrique du Nord	1
#00C094	3.514	1996	Qatar	154	Qatar	Moyen-Orient et Afrique du Nord	1
#00C094	3.398	1997	Qatar	154	Qatar	Moyen-Orient et Afrique du Nord	1
#00C094	3.3	1998	Qatar	154	Qatar	Moyen-Orient et Afrique du Nord	1
#00C094	3.219	1999	Qatar	154	Qatar	Moyen-Orient et Afrique du Nord	1
#00C094	3.149	2000	Qatar	154	Qatar	Moyen-Orient et Afrique du Nord	1
#00C094	3.08	2001	Qatar	154	Qatar	Moyen-Orient et Afrique du Nord	1
#00C094	3.004	2002	Qatar	154	Qatar	Moyen-Orient et Afrique du Nord	1
#00C094	2.914	2003	Qatar	154	Qatar	Moyen-Orient et Afrique du Nord	1
#00C094	2.811	2004	Qatar	154	Qatar	Moyen-Orient et Afrique du Nord	1
#00C094	2.7	2005	Qatar	154	Qatar	Moyen-Orient et Afrique du Nord	1
#00C094	2.587	2006	Qatar	154	Qatar	Moyen-Orient et Afrique du Nord	1
#00C094	2.483	2007	Qatar	154	Qatar	Moyen-Orient et Afrique du Nord	1
#00C094	2.395	2008	Qatar	154	Qatar	Moyen-Orient et Afrique du Nord	1
#00C094	2.324	2009	Qatar	154	Qatar	Moyen-Orient et Afrique du Nord	1
#00C094	2.271	2010	Qatar	154	Qatar	Moyen-Orient et Afrique du Nord	1
#00C094	2.232	2011	Qatar	154	Qatar	Moyen-Orient et Afrique du Nord	1
#C49A00	2.34	1960	Roumanie	163	Roumanie	Europe et Asie centrale	1
#C49A00	2.173	1961	Roumanie	163	Roumanie	Europe et Asie centrale	1
#C49A00	2.04	1962	Roumanie	163	Roumanie	Europe et Asie centrale	1
#C49A00	2.008	1963	Roumanie	163	Roumanie	Europe et Asie centrale	1
#C49A00	1.963	1964	Roumanie	163	Roumanie	Europe et Asie centrale	1
#C49A00	1.907	1965	Roumanie	163	Roumanie	Europe et Asie centrale	1
#C49A00	1.9	1966	Roumanie	163	Roumanie	Europe et Asie centrale	1
#C49A00	3.66	1967	Roumanie	163	Roumanie	Europe et Asie centrale	1
#C49A00	3.63	1968	Roumanie	163	Roumanie	Europe et Asie centrale	1
#C49A00	3.19	1969	Roumanie	163	Roumanie	Europe et Asie centrale	1
#C49A00	2.886	1970	Roumanie	163	Roumanie	Europe et Asie centrale	1
#C49A00	2.67	1971	Roumanie	163	Roumanie	Europe et Asie centrale	1
#C49A00	2.548	1972	Roumanie	163	Roumanie	Europe et Asie centrale	1
#C49A00	2.439	1973	Roumanie	163	Roumanie	Europe et Asie centrale	1
#C49A00	2.71	1974	Roumanie	163	Roumanie	Europe et Asie centrale	1
#C49A00	2.6	1975	Roumanie	163	Roumanie	Europe et Asie centrale	1
#C49A00	2.55	1976	Roumanie	163	Roumanie	Europe et Asie centrale	1
#C49A00	2.57	1977	Roumanie	163	Roumanie	Europe et Asie centrale	1
#C49A00	2.52	1978	Roumanie	163	Roumanie	Europe et Asie centrale	1
#C49A00	2.48	1979	Roumanie	163	Roumanie	Europe et Asie centrale	1
#C49A00	2.43	1980	Roumanie	163	Roumanie	Europe et Asie centrale	1
#C49A00	2.36	1981	Roumanie	163	Roumanie	Europe et Asie centrale	1
#C49A00	2.166	1982	Roumanie	163	Roumanie	Europe et Asie centrale	1
#C49A00	2.06	1983	Roumanie	163	Roumanie	Europe et Asie centrale	1
#C49A00	2.26	1984	Roumanie	163	Roumanie	Europe et Asie centrale	1
#C49A00	2.31	1985	Roumanie	163	Roumanie	Europe et Asie centrale	1
#C49A00	2.386	1986	Roumanie	163	Roumanie	Europe et Asie centrale	1
#C49A00	2.313	1987	Roumanie	163	Roumanie	Europe et Asie centrale	1
#C49A00	2.306	1988	Roumanie	163	Roumanie	Europe et Asie centrale	1
#C49A00	2.2	1989	Roumanie	163	Roumanie	Europe et Asie centrale	1
#C49A00	1.84	1990	Roumanie	163	Roumanie	Europe et Asie centrale	1
#C49A00	1.57	1991	Roumanie	163	Roumanie	Europe et Asie centrale	1
#C49A00	1.52	1992	Roumanie	163	Roumanie	Europe et Asie centrale	1
#C49A00	1.44	1993	Roumanie	163	Roumanie	Europe et Asie centrale	1
#C49A00	1.41	1994	Roumanie	163	Roumanie	Europe et Asie centrale	1
#C49A00	1.343	1995	Roumanie	163	Roumanie	Europe et Asie centrale	1
#C49A00	1.3	1996	Roumanie	163	Roumanie	Europe et Asie centrale	1
#C49A00	1.32	1997	Roumanie	163	Roumanie	Europe et Asie centrale	1
#C49A00	1.32	1998	Roumanie	163	Roumanie	Europe et Asie centrale	1
#C49A00	1.3	1999	Roumanie	163	Roumanie	Europe et Asie centrale	1
#C49A00	1.31	2000	Roumanie	163	Roumanie	Europe et Asie centrale	1
#C49A00	1.27	2001	Roumanie	163	Roumanie	Europe et Asie centrale	1
#C49A00	1.25	2002	Roumanie	163	Roumanie	Europe et Asie centrale	1
#C49A00	1.27	2003	Roumanie	163	Roumanie	Europe et Asie centrale	1
#C49A00	1.29	2004	Roumanie	163	Roumanie	Europe et Asie centrale	1
#C49A00	1.32	2005	Roumanie	163	Roumanie	Europe et Asie centrale	1
#C49A00	1.32	2006	Roumanie	163	Roumanie	Europe et Asie centrale	1
#C49A00	1.3	2007	Roumanie	163	Roumanie	Europe et Asie centrale	1
#C49A00	1.35	2008	Roumanie	163	Roumanie	Europe et Asie centrale	1
#C49A00	1.38	2009	Roumanie	163	Roumanie	Europe et Asie centrale	1
#C49A00	1.33	2010	Roumanie	163	Roumanie	Europe et Asie centrale	1
#C49A00	1.25	2011	Roumanie	163	Roumanie	Europe et Asie centrale	1
#C49A00	1.8	1991	Serbie	172	Serbie	Europe et Asie centrale	1
#C49A00	1.6	1997	Serbie	172	Serbie	Europe et Asie centrale	1
#C49A00	1.48	2000	Serbie	172	Serbie	Europe et Asie centrale	1
#C49A00	1.58	2001	Serbie	172	Serbie	Europe et Asie centrale	1
#C49A00	1.57	2002	Serbie	172	Serbie	Europe et Asie centrale	1
#C49A00	1.59	2003	Serbie	172	Serbie	Europe et Asie centrale	1
#C49A00	1.57	2004	Serbie	172	Serbie	Europe et Asie centrale	1
#C49A00	1.45	2005	Serbie	172	Serbie	Europe et Asie centrale	1
#C49A00	1.43	2006	Serbie	172	Serbie	Europe et Asie centrale	1
#C49A00	1.38	2007	Serbie	172	Serbie	Europe et Asie centrale	1
#C49A00	1.4	2008	Serbie	172	Serbie	Europe et Asie centrale	1
#C49A00	1.44	2009	Serbie	172	Serbie	Europe et Asie centrale	1
#C49A00	1.4	2010	Serbie	172	Serbie	Europe et Asie centrale	1
#C49A00	1.36	2011	Serbie	172	Serbie	Europe et Asie centrale	1
#C49A00	2.52	1960	Fédération de Russie	66	Fédération de Russie	Europe et Asie centrale	1
#C49A00	2.45	1961	Fédération de Russie	66	Fédération de Russie	Europe et Asie centrale	1
#C49A00	2.36	1962	Fédération de Russie	66	Fédération de Russie	Europe et Asie centrale	1
#C49A00	2.27	1963	Fédération de Russie	66	Fédération de Russie	Europe et Asie centrale	1
#C49A00	2.18	1964	Fédération de Russie	66	Fédération de Russie	Europe et Asie centrale	1
#C49A00	2.13	1965	Fédération de Russie	66	Fédération de Russie	Europe et Asie centrale	1
#C49A00	2.1	1966	Fédération de Russie	66	Fédération de Russie	Europe et Asie centrale	1
#C49A00	2.04	1967	Fédération de Russie	66	Fédération de Russie	Europe et Asie centrale	1
#C49A00	1.99	1968	Fédération de Russie	66	Fédération de Russie	Europe et Asie centrale	1
#C49A00	1.97	1969	Fédération de Russie	66	Fédération de Russie	Europe et Asie centrale	1
#C49A00	1.99	1970	Fédération de Russie	66	Fédération de Russie	Europe et Asie centrale	1
#C49A00	2.03	1971	Fédération de Russie	66	Fédération de Russie	Europe et Asie centrale	1
#C49A00	2.04	1972	Fédération de Russie	66	Fédération de Russie	Europe et Asie centrale	1
#C49A00	2.01	1973	Fédération de Russie	66	Fédération de Russie	Europe et Asie centrale	1
#C49A00	2	1974	Fédération de Russie	66	Fédération de Russie	Europe et Asie centrale	1
#C49A00	1.98	1975	Fédération de Russie	66	Fédération de Russie	Europe et Asie centrale	1
#C49A00	1.97	1976	Fédération de Russie	66	Fédération de Russie	Europe et Asie centrale	1
#C49A00	1.95	1977	Fédération de Russie	66	Fédération de Russie	Europe et Asie centrale	1
#C49A00	1.92	1978	Fédération de Russie	66	Fédération de Russie	Europe et Asie centrale	1
#C49A00	1.9	1979	Fédération de Russie	66	Fédération de Russie	Europe et Asie centrale	1
#C49A00	1.89	1980	Fédération de Russie	66	Fédération de Russie	Europe et Asie centrale	1
#C49A00	1.91	1981	Fédération de Russie	66	Fédération de Russie	Europe et Asie centrale	1
#C49A00	2.04	1982	Fédération de Russie	66	Fédération de Russie	Europe et Asie centrale	1
#C49A00	2.11	1983	Fédération de Russie	66	Fédération de Russie	Europe et Asie centrale	1
#C49A00	2.06	1984	Fédération de Russie	66	Fédération de Russie	Europe et Asie centrale	1
#C49A00	2.05	1985	Fédération de Russie	66	Fédération de Russie	Europe et Asie centrale	1
#C49A00	2.15	1986	Fédération de Russie	66	Fédération de Russie	Europe et Asie centrale	1
#C49A00	2.22	1987	Fédération de Russie	66	Fédération de Russie	Europe et Asie centrale	1
#C49A00	2.12	1988	Fédération de Russie	66	Fédération de Russie	Europe et Asie centrale	1
#C49A00	2.01	1989	Fédération de Russie	66	Fédération de Russie	Europe et Asie centrale	1
#C49A00	1.89	1990	Fédération de Russie	66	Fédération de Russie	Europe et Asie centrale	1
#C49A00	1.732	1991	Fédération de Russie	66	Fédération de Russie	Europe et Asie centrale	1
#C49A00	1.552	1992	Fédération de Russie	66	Fédération de Russie	Europe et Asie centrale	1
#C49A00	1.385	1993	Fédération de Russie	66	Fédération de Russie	Europe et Asie centrale	1
#C49A00	1.4	1994	Fédération de Russie	66	Fédération de Russie	Europe et Asie centrale	1
#C49A00	1.34	1995	Fédération de Russie	66	Fédération de Russie	Europe et Asie centrale	1
#C49A00	1.277	1996	Fédération de Russie	66	Fédération de Russie	Europe et Asie centrale	1
#C49A00	1.23	1997	Fédération de Russie	66	Fédération de Russie	Europe et Asie centrale	1
#C49A00	1.24	1998	Fédération de Russie	66	Fédération de Russie	Europe et Asie centrale	1
#C49A00	1.17	1999	Fédération de Russie	66	Fédération de Russie	Europe et Asie centrale	1
#C49A00	1.21	2000	Fédération de Russie	66	Fédération de Russie	Europe et Asie centrale	1
#C49A00	1.25	2001	Fédération de Russie	66	Fédération de Russie	Europe et Asie centrale	1
#C49A00	1.3	2002	Fédération de Russie	66	Fédération de Russie	Europe et Asie centrale	1
#C49A00	1.31	2003	Fédération de Russie	66	Fédération de Russie	Europe et Asie centrale	1
#C49A00	1.33	2004	Fédération de Russie	66	Fédération de Russie	Europe et Asie centrale	1
#C49A00	1.29	2005	Fédération de Russie	66	Fédération de Russie	Europe et Asie centrale	1
#C49A00	1.3	2006	Fédération de Russie	66	Fédération de Russie	Europe et Asie centrale	1
#C49A00	1.41	2007	Fédération de Russie	66	Fédération de Russie	Europe et Asie centrale	1
#C49A00	1.49	2008	Fédération de Russie	66	Fédération de Russie	Europe et Asie centrale	1
#C49A00	1.54	2009	Fédération de Russie	66	Fédération de Russie	Europe et Asie centrale	1
#C49A00	1.54	2010	Fédération de Russie	66	Fédération de Russie	Europe et Asie centrale	1
#C49A00	1.54	2011	Fédération de Russie	66	Fédération de Russie	Europe et Asie centrale	1
#FB61D7	8.165	1960	Rwanda	165	Rwanda	Afrique subsaharienne	1
#FB61D7	8.161	1961	Rwanda	165	Rwanda	Afrique subsaharienne	1
#FB61D7	8.153	1962	Rwanda	165	Rwanda	Afrique subsaharienne	1
#FB61D7	8.142	1963	Rwanda	165	Rwanda	Afrique subsaharienne	1
#FB61D7	8.129	1964	Rwanda	165	Rwanda	Afrique subsaharienne	1
#FB61D7	8.118	1965	Rwanda	165	Rwanda	Afrique subsaharienne	1
#FB61D7	8.111	1966	Rwanda	165	Rwanda	Afrique subsaharienne	1
#FB61D7	8.11	1967	Rwanda	165	Rwanda	Afrique subsaharienne	1
#FB61D7	8.115	1968	Rwanda	165	Rwanda	Afrique subsaharienne	1
#FB61D7	8.126	1969	Rwanda	165	Rwanda	Afrique subsaharienne	1
#FB61D7	8.143	1970	Rwanda	165	Rwanda	Afrique subsaharienne	1
#FB61D7	8.163	1971	Rwanda	165	Rwanda	Afrique subsaharienne	1
#FB61D7	8.183	1972	Rwanda	165	Rwanda	Afrique subsaharienne	1
#FB61D7	8.203	1973	Rwanda	165	Rwanda	Afrique subsaharienne	1
#FB61D7	8.219	1974	Rwanda	165	Rwanda	Afrique subsaharienne	1
#FB61D7	8.234	1975	Rwanda	165	Rwanda	Afrique subsaharienne	1
#FB61D7	8.248	1976	Rwanda	165	Rwanda	Afrique subsaharienne	1
#FB61D7	8.262	1977	Rwanda	165	Rwanda	Afrique subsaharienne	1
#FB61D7	8.275	1978	Rwanda	165	Rwanda	Afrique subsaharienne	1
#FB61D7	8.286	1979	Rwanda	165	Rwanda	Afrique subsaharienne	1
#FB61D7	8.292	1980	Rwanda	165	Rwanda	Afrique subsaharienne	1
#FB61D7	8.293	1981	Rwanda	165	Rwanda	Afrique subsaharienne	1
#FB61D7	8.284	1982	Rwanda	165	Rwanda	Afrique subsaharienne	1
#FB61D7	8.26	1983	Rwanda	165	Rwanda	Afrique subsaharienne	1
#FB61D7	8.216	1984	Rwanda	165	Rwanda	Afrique subsaharienne	1
#FB61D7	8.136	1985	Rwanda	165	Rwanda	Afrique subsaharienne	1
#FB61D7	8.007	1986	Rwanda	165	Rwanda	Afrique subsaharienne	1
#FB61D7	7.825	1987	Rwanda	165	Rwanda	Afrique subsaharienne	1
#FB61D7	7.594	1988	Rwanda	165	Rwanda	Afrique subsaharienne	1
#FB61D7	7.326	1989	Rwanda	165	Rwanda	Afrique subsaharienne	1
#FB61D7	7.04	1990	Rwanda	165	Rwanda	Afrique subsaharienne	1
#FB61D7	6.763	1991	Rwanda	165	Rwanda	Afrique subsaharienne	1
#FB61D7	6.516	1992	Rwanda	165	Rwanda	Afrique subsaharienne	1
#FB61D7	6.316	1993	Rwanda	165	Rwanda	Afrique subsaharienne	1
#FB61D7	6.167	1994	Rwanda	165	Rwanda	Afrique subsaharienne	1
#FB61D7	6.068	1995	Rwanda	165	Rwanda	Afrique subsaharienne	1
#FB61D7	6.005	1996	Rwanda	165	Rwanda	Afrique subsaharienne	1
#FB61D7	5.958	1997	Rwanda	165	Rwanda	Afrique subsaharienne	1
#FB61D7	5.909	1998	Rwanda	165	Rwanda	Afrique subsaharienne	1
#FB61D7	5.852	1999	Rwanda	165	Rwanda	Afrique subsaharienne	1
#FB61D7	5.786	2000	Rwanda	165	Rwanda	Afrique subsaharienne	1
#FB61D7	5.715	2001	Rwanda	165	Rwanda	Afrique subsaharienne	1
#FB61D7	5.646	2002	Rwanda	165	Rwanda	Afrique subsaharienne	1
#FB61D7	5.586	2003	Rwanda	165	Rwanda	Afrique subsaharienne	1
#FB61D7	5.536	2004	Rwanda	165	Rwanda	Afrique subsaharienne	1
#FB61D7	5.497	2005	Rwanda	165	Rwanda	Afrique subsaharienne	1
#FB61D7	5.466	2006	Rwanda	165	Rwanda	Afrique subsaharienne	1
#FB61D7	5.442	2007	Rwanda	165	Rwanda	Afrique subsaharienne	1
#FB61D7	5.42	2008	Rwanda	165	Rwanda	Afrique subsaharienne	1
#FB61D7	5.398	2009	Rwanda	165	Rwanda	Afrique subsaharienne	1
#FB61D7	5.371	2010	Rwanda	165	Rwanda	Afrique subsaharienne	1
#FB61D7	5.339	2011	Rwanda	165	Rwanda	Afrique subsaharienne	1
#00C094	7.216	1960	Arabie saoudite	8	Arabie saoudite	Moyen-Orient et Afrique du Nord	1
#00C094	7.23	1961	Arabie saoudite	8	Arabie saoudite	Moyen-Orient et Afrique du Nord	1
#00C094	7.243	1962	Arabie saoudite	8	Arabie saoudite	Moyen-Orient et Afrique du Nord	1
#00C094	7.252	1963	Arabie saoudite	8	Arabie saoudite	Moyen-Orient et Afrique du Nord	1
#00C094	7.257	1964	Arabie saoudite	8	Arabie saoudite	Moyen-Orient et Afrique du Nord	1
#00C094	7.26	1965	Arabie saoudite	8	Arabie saoudite	Moyen-Orient et Afrique du Nord	1
#00C094	7.262	1966	Arabie saoudite	8	Arabie saoudite	Moyen-Orient et Afrique du Nord	1
#00C094	7.264	1967	Arabie saoudite	8	Arabie saoudite	Moyen-Orient et Afrique du Nord	1
#00C094	7.267	1968	Arabie saoudite	8	Arabie saoudite	Moyen-Orient et Afrique du Nord	1
#00C094	7.273	1969	Arabie saoudite	8	Arabie saoudite	Moyen-Orient et Afrique du Nord	1
#00C094	7.28	1970	Arabie saoudite	8	Arabie saoudite	Moyen-Orient et Afrique du Nord	1
#00C094	7.289	1971	Arabie saoudite	8	Arabie saoudite	Moyen-Orient et Afrique du Nord	1
#00C094	7.299	1972	Arabie saoudite	8	Arabie saoudite	Moyen-Orient et Afrique du Nord	1
#00C094	7.307	1973	Arabie saoudite	8	Arabie saoudite	Moyen-Orient et Afrique du Nord	1
#00C094	7.312	1974	Arabie saoudite	8	Arabie saoudite	Moyen-Orient et Afrique du Nord	1
#00C094	7.313	1975	Arabie saoudite	8	Arabie saoudite	Moyen-Orient et Afrique du Nord	1
#00C094	7.309	1976	Arabie saoudite	8	Arabie saoudite	Moyen-Orient et Afrique du Nord	1
#00C094	7.299	1977	Arabie saoudite	8	Arabie saoudite	Moyen-Orient et Afrique du Nord	1
#00C094	7.281	1978	Arabie saoudite	8	Arabie saoudite	Moyen-Orient et Afrique du Nord	1
#00C094	7.252	1979	Arabie saoudite	8	Arabie saoudite	Moyen-Orient et Afrique du Nord	1
#00C094	7.206	1980	Arabie saoudite	8	Arabie saoudite	Moyen-Orient et Afrique du Nord	1
#00C094	7.14	1981	Arabie saoudite	8	Arabie saoudite	Moyen-Orient et Afrique du Nord	1
#00C094	7.05	1982	Arabie saoudite	8	Arabie saoudite	Moyen-Orient et Afrique du Nord	1
#00C094	6.939	1983	Arabie saoudite	8	Arabie saoudite	Moyen-Orient et Afrique du Nord	1
#00C094	6.806	1984	Arabie saoudite	8	Arabie saoudite	Moyen-Orient et Afrique du Nord	1
#00C094	6.656	1985	Arabie saoudite	8	Arabie saoudite	Moyen-Orient et Afrique du Nord	1
#00C094	6.496	1986	Arabie saoudite	8	Arabie saoudite	Moyen-Orient et Afrique du Nord	1
#00C094	6.331	1987	Arabie saoudite	8	Arabie saoudite	Moyen-Orient et Afrique du Nord	1
#00C094	6.166	1988	Arabie saoudite	8	Arabie saoudite	Moyen-Orient et Afrique du Nord	1
#00C094	6.004	1989	Arabie saoudite	8	Arabie saoudite	Moyen-Orient et Afrique du Nord	1
#00C094	5.844	1990	Arabie saoudite	8	Arabie saoudite	Moyen-Orient et Afrique du Nord	1
#00C094	5.685	1991	Arabie saoudite	8	Arabie saoudite	Moyen-Orient et Afrique du Nord	1
#00C094	5.522	1992	Arabie saoudite	8	Arabie saoudite	Moyen-Orient et Afrique du Nord	1
#00C094	5.352	1993	Arabie saoudite	8	Arabie saoudite	Moyen-Orient et Afrique du Nord	1
#00C094	5.174	1994	Arabie saoudite	8	Arabie saoudite	Moyen-Orient et Afrique du Nord	1
#00C094	4.989	1995	Arabie saoudite	8	Arabie saoudite	Moyen-Orient et Afrique du Nord	1
#00C094	4.795	1996	Arabie saoudite	8	Arabie saoudite	Moyen-Orient et Afrique du Nord	1
#00C094	4.594	1997	Arabie saoudite	8	Arabie saoudite	Moyen-Orient et Afrique du Nord	1
#00C094	4.39	1998	Arabie saoudite	8	Arabie saoudite	Moyen-Orient et Afrique du Nord	1
#00C094	4.187	1999	Arabie saoudite	8	Arabie saoudite	Moyen-Orient et Afrique du Nord	1
#00C094	3.99	2000	Arabie saoudite	8	Arabie saoudite	Moyen-Orient et Afrique du Nord	1
#00C094	3.805	2001	Arabie saoudite	8	Arabie saoudite	Moyen-Orient et Afrique du Nord	1
#00C094	3.635	2002	Arabie saoudite	8	Arabie saoudite	Moyen-Orient et Afrique du Nord	1
#00C094	3.484	2003	Arabie saoudite	8	Arabie saoudite	Moyen-Orient et Afrique du Nord	1
#00C094	3.352	2004	Arabie saoudite	8	Arabie saoudite	Moyen-Orient et Afrique du Nord	1
#00C094	3.237	2005	Arabie saoudite	8	Arabie saoudite	Moyen-Orient et Afrique du Nord	1
#00C094	3.138	2006	Arabie saoudite	8	Arabie saoudite	Moyen-Orient et Afrique du Nord	1
#00C094	3.049	2007	Arabie saoudite	8	Arabie saoudite	Moyen-Orient et Afrique du Nord	1
#00C094	2.966	2008	Arabie saoudite	8	Arabie saoudite	Moyen-Orient et Afrique du Nord	1
#00C094	2.887	2009	Arabie saoudite	8	Arabie saoudite	Moyen-Orient et Afrique du Nord	1
#00C094	2.811	2010	Arabie saoudite	8	Arabie saoudite	Moyen-Orient et Afrique du Nord	1
#00C094	2.738	2011	Arabie saoudite	8	Arabie saoudite	Moyen-Orient et Afrique du Nord	1
#F8766D	6.388	1960	Îles Salomon	89	Îles Salomon	Asie de l'Est et Pacifique	1
#F8766D	6.385	1961	Îles Salomon	89	Îles Salomon	Asie de l'Est et Pacifique	1
#F8766D	6.383	1962	Îles Salomon	89	Îles Salomon	Asie de l'Est et Pacifique	1
#F8766D	6.385	1963	Îles Salomon	89	Îles Salomon	Asie de l'Est et Pacifique	1
#F8766D	6.394	1964	Îles Salomon	89	Îles Salomon	Asie de l'Est et Pacifique	1
#F8766D	6.419	1965	Îles Salomon	89	Îles Salomon	Asie de l'Est et Pacifique	1
#F8766D	6.47	1966	Îles Salomon	89	Îles Salomon	Asie de l'Est et Pacifique	1
#F8766D	6.549	1967	Îles Salomon	89	Îles Salomon	Asie de l'Est et Pacifique	1
#F8766D	6.655	1968	Îles Salomon	89	Îles Salomon	Asie de l'Est et Pacifique	1
#F8766D	6.781	1969	Îles Salomon	89	Îles Salomon	Asie de l'Est et Pacifique	1
#F8766D	6.914	1970	Îles Salomon	89	Îles Salomon	Asie de l'Est et Pacifique	1
#F8766D	7.04	1971	Îles Salomon	89	Îles Salomon	Asie de l'Est et Pacifique	1
#F8766D	7.145	1972	Îles Salomon	89	Îles Salomon	Asie de l'Est et Pacifique	1
#F8766D	7.216	1973	Îles Salomon	89	Îles Salomon	Asie de l'Est et Pacifique	1
#F8766D	7.248	1974	Îles Salomon	89	Îles Salomon	Asie de l'Est et Pacifique	1
#F8766D	7.236	1975	Îles Salomon	89	Îles Salomon	Asie de l'Est et Pacifique	1
#F8766D	7.182	1976	Îles Salomon	89	Îles Salomon	Asie de l'Est et Pacifique	1
#F8766D	7.096	1977	Îles Salomon	89	Îles Salomon	Asie de l'Est et Pacifique	1
#F8766D	6.99	1978	Îles Salomon	89	Îles Salomon	Asie de l'Est et Pacifique	1
#F8766D	6.871	1979	Îles Salomon	89	Îles Salomon	Asie de l'Est et Pacifique	1
#F8766D	6.748	1980	Îles Salomon	89	Îles Salomon	Asie de l'Est et Pacifique	1
#F8766D	6.632	1981	Îles Salomon	89	Îles Salomon	Asie de l'Est et Pacifique	1
#F8766D	6.525	1982	Îles Salomon	89	Îles Salomon	Asie de l'Est et Pacifique	1
#F8766D	6.431	1983	Îles Salomon	89	Îles Salomon	Asie de l'Est et Pacifique	1
#F8766D	6.349	1984	Îles Salomon	89	Îles Salomon	Asie de l'Est et Pacifique	1
#F8766D	6.278	1985	Îles Salomon	89	Îles Salomon	Asie de l'Est et Pacifique	1
#F8766D	6.211	1986	Îles Salomon	89	Îles Salomon	Asie de l'Est et Pacifique	1
#F8766D	6.139	1987	Îles Salomon	89	Îles Salomon	Asie de l'Est et Pacifique	1
#F8766D	6.056	1988	Îles Salomon	89	Îles Salomon	Asie de l'Est et Pacifique	1
#F8766D	5.961	1989	Îles Salomon	89	Îles Salomon	Asie de l'Est et Pacifique	1
#F8766D	5.851	1990	Îles Salomon	89	Îles Salomon	Asie de l'Est et Pacifique	1
#F8766D	5.728	1991	Îles Salomon	89	Îles Salomon	Asie de l'Est et Pacifique	1
#F8766D	5.596	1992	Îles Salomon	89	Îles Salomon	Asie de l'Est et Pacifique	1
#F8766D	5.461	1993	Îles Salomon	89	Îles Salomon	Asie de l'Est et Pacifique	1
#F8766D	5.326	1994	Îles Salomon	89	Îles Salomon	Asie de l'Est et Pacifique	1
#F8766D	5.197	1995	Îles Salomon	89	Îles Salomon	Asie de l'Est et Pacifique	1
#F8766D	5.077	1996	Îles Salomon	89	Îles Salomon	Asie de l'Est et Pacifique	1
#F8766D	4.968	1997	Îles Salomon	89	Îles Salomon	Asie de l'Est et Pacifique	1
#F8766D	4.872	1998	Îles Salomon	89	Îles Salomon	Asie de l'Est et Pacifique	1
#F8766D	4.789	1999	Îles Salomon	89	Îles Salomon	Asie de l'Est et Pacifique	1
#F8766D	4.72	2000	Îles Salomon	89	Îles Salomon	Asie de l'Est et Pacifique	1
#F8766D	4.665	2001	Îles Salomon	89	Îles Salomon	Asie de l'Est et Pacifique	1
#F8766D	4.619	2002	Îles Salomon	89	Îles Salomon	Asie de l'Est et Pacifique	1
#F8766D	4.579	2003	Îles Salomon	89	Îles Salomon	Asie de l'Est et Pacifique	1
#F8766D	4.541	2004	Îles Salomon	89	Îles Salomon	Asie de l'Est et Pacifique	1
#F8766D	4.503	2005	Îles Salomon	89	Îles Salomon	Asie de l'Est et Pacifique	1
#F8766D	4.46	2006	Îles Salomon	89	Îles Salomon	Asie de l'Est et Pacifique	1
#F8766D	4.412	2007	Îles Salomon	89	Îles Salomon	Asie de l'Est et Pacifique	1
#F8766D	4.358	2008	Îles Salomon	89	Îles Salomon	Asie de l'Est et Pacifique	1
#F8766D	4.296	2009	Îles Salomon	89	Îles Salomon	Asie de l'Est et Pacifique	1
#F8766D	4.229	2010	Îles Salomon	89	Îles Salomon	Asie de l'Est et Pacifique	1
#F8766D	4.157	2011	Îles Salomon	89	Îles Salomon	Asie de l'Est et Pacifique	1
#FB61D7	3.5	1982	Seychelles	173	Seychelles	Afrique subsaharienne	1
#FB61D7	3	1987	Seychelles	173	Seychelles	Afrique subsaharienne	1
#FB61D7	2.696	1992	Seychelles	173	Seychelles	Afrique subsaharienne	1
#FB61D7	2.1	1997	Seychelles	173	Seychelles	Afrique subsaharienne	1
#FB61D7	2.04	2002	Seychelles	173	Seychelles	Afrique subsaharienne	1
#FB61D7	2.1	2003	Seychelles	173	Seychelles	Afrique subsaharienne	1
#FB61D7	2	2004	Seychelles	173	Seychelles	Afrique subsaharienne	1
#FB61D7	2.2	2005	Seychelles	173	Seychelles	Afrique subsaharienne	1
#FB61D7	2.1	2006	Seychelles	173	Seychelles	Afrique subsaharienne	1
#FB61D7	2.24	2007	Seychelles	173	Seychelles	Afrique subsaharienne	1
#FB61D7	2.3	2008	Seychelles	173	Seychelles	Afrique subsaharienne	1
#FB61D7	2.4	2009	Seychelles	173	Seychelles	Afrique subsaharienne	1
#FB61D7	2.1	2010	Seychelles	173	Seychelles	Afrique subsaharienne	1
#FB61D7	2.1	2011	Seychelles	173	Seychelles	Afrique subsaharienne	1
#FB61D7	6.625	1960	Soudan	179	Soudan	Afrique subsaharienne	1
#FB61D7	6.616	1961	Soudan	179	Soudan	Afrique subsaharienne	1
#FB61D7	6.608	1962	Soudan	179	Soudan	Afrique subsaharienne	1
#FB61D7	6.602	1963	Soudan	179	Soudan	Afrique subsaharienne	1
#FB61D7	6.598	1964	Soudan	179	Soudan	Afrique subsaharienne	1
#FB61D7	6.597	1965	Soudan	179	Soudan	Afrique subsaharienne	1
#FB61D7	6.598	1966	Soudan	179	Soudan	Afrique subsaharienne	1
#FB61D7	6.6	1967	Soudan	179	Soudan	Afrique subsaharienne	1
#FB61D7	6.603	1968	Soudan	179	Soudan	Afrique subsaharienne	1
#FB61D7	6.605	1969	Soudan	179	Soudan	Afrique subsaharienne	1
#FB61D7	6.606	1970	Soudan	179	Soudan	Afrique subsaharienne	1
#FB61D7	6.606	1971	Soudan	179	Soudan	Afrique subsaharienne	1
#FB61D7	6.603	1972	Soudan	179	Soudan	Afrique subsaharienne	1
#FB61D7	6.597	1973	Soudan	179	Soudan	Afrique subsaharienne	1
#FB61D7	6.587	1974	Soudan	179	Soudan	Afrique subsaharienne	1
#FB61D7	6.573	1975	Soudan	179	Soudan	Afrique subsaharienne	1
#FB61D7	6.555	1976	Soudan	179	Soudan	Afrique subsaharienne	1
#FB61D7	6.533	1977	Soudan	179	Soudan	Afrique subsaharienne	1
#FB61D7	6.507	1978	Soudan	179	Soudan	Afrique subsaharienne	1
#FB61D7	6.476	1979	Soudan	179	Soudan	Afrique subsaharienne	1
#FB61D7	6.442	1980	Soudan	179	Soudan	Afrique subsaharienne	1
#FB61D7	6.404	1981	Soudan	179	Soudan	Afrique subsaharienne	1
#FB61D7	6.361	1982	Soudan	179	Soudan	Afrique subsaharienne	1
#FB61D7	6.316	1983	Soudan	179	Soudan	Afrique subsaharienne	1
#FB61D7	6.268	1984	Soudan	179	Soudan	Afrique subsaharienne	1
#FB61D7	6.218	1985	Soudan	179	Soudan	Afrique subsaharienne	1
#FB61D7	6.166	1986	Soudan	179	Soudan	Afrique subsaharienne	1
#FB61D7	6.113	1987	Soudan	179	Soudan	Afrique subsaharienne	1
#FB61D7	6.059	1988	Soudan	179	Soudan	Afrique subsaharienne	1
#FB61D7	6.005	1989	Soudan	179	Soudan	Afrique subsaharienne	1
#FB61D7	5.95	1990	Soudan	179	Soudan	Afrique subsaharienne	1
#FB61D7	5.895	1991	Soudan	179	Soudan	Afrique subsaharienne	1
#FB61D7	5.84	1992	Soudan	179	Soudan	Afrique subsaharienne	1
#FB61D7	5.784	1993	Soudan	179	Soudan	Afrique subsaharienne	1
#FB61D7	5.727	1994	Soudan	179	Soudan	Afrique subsaharienne	1
#FB61D7	5.668	1995	Soudan	179	Soudan	Afrique subsaharienne	1
#FB61D7	5.608	1996	Soudan	179	Soudan	Afrique subsaharienne	1
#FB61D7	5.546	1997	Soudan	179	Soudan	Afrique subsaharienne	1
#FB61D7	5.481	1998	Soudan	179	Soudan	Afrique subsaharienne	1
#FB61D7	5.413	1999	Soudan	179	Soudan	Afrique subsaharienne	1
#FB61D7	5.34	2000	Soudan	179	Soudan	Afrique subsaharienne	1
#FB61D7	5.259	2001	Soudan	179	Soudan	Afrique subsaharienne	1
#FB61D7	5.17	2002	Soudan	179	Soudan	Afrique subsaharienne	1
#FB61D7	5.075	2003	Soudan	179	Soudan	Afrique subsaharienne	1
#FB61D7	4.973	2004	Soudan	179	Soudan	Afrique subsaharienne	1
#FB61D7	4.869	2005	Soudan	179	Soudan	Afrique subsaharienne	1
#FB61D7	4.765	2006	Soudan	179	Soudan	Afrique subsaharienne	1
#FB61D7	4.664	2007	Soudan	179	Soudan	Afrique subsaharienne	1
#FB61D7	4.569	2008	Soudan	179	Soudan	Afrique subsaharienne	1
#FB61D7	4.481	2009	Soudan	179	Soudan	Afrique subsaharienne	1
#FB61D7	4.4	2010	Soudan	179	Soudan	Afrique subsaharienne	1
#FB61D7	4.325	2011	Soudan	179	Soudan	Afrique subsaharienne	1
#C49A00	2.174	1960	Suède	182	Suède	Europe et Asie centrale	1
#C49A00	2.213	1961	Suède	182	Suède	Europe et Asie centrale	1
#C49A00	2.246	1962	Suède	182	Suède	Europe et Asie centrale	1
#C49A00	2.328	1963	Suède	182	Suède	Europe et Asie centrale	1
#C49A00	2.474	1964	Suède	182	Suède	Europe et Asie centrale	1
#C49A00	2.391	1965	Suède	182	Suède	Europe et Asie centrale	1
#C49A00	2.367	1966	Suède	182	Suède	Europe et Asie centrale	1
#C49A00	2.281	1967	Suède	182	Suède	Europe et Asie centrale	1
#C49A00	2.067	1968	Suède	182	Suède	Europe et Asie centrale	1
#C49A00	1.943	1969	Suède	182	Suède	Europe et Asie centrale	1
#C49A00	1.939	1970	Suède	182	Suède	Europe et Asie centrale	1
#C49A00	1.978	1971	Suède	182	Suède	Europe et Asie centrale	1
#C49A00	1.927	1972	Suède	182	Suède	Europe et Asie centrale	1
#C49A00	1.88	1973	Suède	182	Suède	Europe et Asie centrale	1
#C49A00	1.888	1974	Suède	182	Suède	Europe et Asie centrale	1
#C49A00	1.779	1975	Suède	182	Suède	Europe et Asie centrale	1
#C49A00	1.689	1976	Suède	182	Suède	Europe et Asie centrale	1
#C49A00	1.644	1977	Suède	182	Suède	Europe et Asie centrale	1
#C49A00	1.601	1978	Suède	182	Suède	Europe et Asie centrale	1
#C49A00	1.657	1979	Suède	182	Suède	Europe et Asie centrale	1
#C49A00	1.68	1980	Suède	182	Suède	Europe et Asie centrale	1
#C49A00	1.63	1981	Suède	182	Suède	Europe et Asie centrale	1
#C49A00	1.65	1982	Suède	182	Suède	Europe et Asie centrale	1
#C49A00	1.61	1983	Suède	182	Suède	Europe et Asie centrale	1
#C49A00	1.66	1984	Suède	182	Suède	Europe et Asie centrale	1
#C49A00	1.74	1985	Suède	182	Suède	Europe et Asie centrale	1
#C49A00	1.79	1986	Suède	182	Suède	Europe et Asie centrale	1
#C49A00	1.9	1987	Suède	182	Suède	Europe et Asie centrale	1
#C49A00	1.975	1988	Suède	182	Suède	Europe et Asie centrale	1
#C49A00	2.02	1989	Suède	182	Suède	Europe et Asie centrale	1
#C49A00	2.13	1990	Suède	182	Suède	Europe et Asie centrale	1
#C49A00	2.11	1991	Suède	182	Suède	Europe et Asie centrale	1
#C49A00	2.09	1992	Suède	182	Suède	Europe et Asie centrale	1
#C49A00	2	1993	Suède	182	Suède	Europe et Asie centrale	1
#C49A00	1.88	1994	Suède	182	Suède	Europe et Asie centrale	1
#C49A00	1.73	1995	Suède	182	Suède	Europe et Asie centrale	1
#C49A00	1.6	1996	Suède	182	Suède	Europe et Asie centrale	1
#C49A00	1.52	1997	Suède	182	Suède	Europe et Asie centrale	1
#C49A00	1.5	1998	Suède	182	Suède	Europe et Asie centrale	1
#C49A00	1.5	1999	Suède	182	Suède	Europe et Asie centrale	1
#C49A00	1.54	2000	Suède	182	Suède	Europe et Asie centrale	1
#C49A00	1.57	2001	Suède	182	Suède	Europe et Asie centrale	1
#C49A00	1.65	2002	Suède	182	Suède	Europe et Asie centrale	1
#C49A00	1.71	2003	Suède	182	Suède	Europe et Asie centrale	1
#C49A00	1.75	2004	Suède	182	Suède	Europe et Asie centrale	1
#C49A00	1.77	2005	Suède	182	Suède	Europe et Asie centrale	1
#C49A00	1.85	2006	Suède	182	Suède	Europe et Asie centrale	1
#C49A00	1.88	2007	Suède	182	Suède	Europe et Asie centrale	1
#C49A00	1.91	2008	Suède	182	Suède	Europe et Asie centrale	1
#C49A00	1.94	2009	Suède	182	Suède	Europe et Asie centrale	1
#C49A00	1.98	2010	Suède	182	Suède	Europe et Asie centrale	1
#C49A00	1.9	2011	Suède	182	Suède	Europe et Asie centrale	1
#F8766D	5.454	1960	Singapour	175	Singapour	Asie de l'Est et Pacifique	1
#F8766D	5.256	1961	Singapour	175	Singapour	Asie de l'Est et Pacifique	1
#F8766D	5.2	1962	Singapour	175	Singapour	Asie de l'Est et Pacifique	1
#F8766D	5.007	1963	Singapour	175	Singapour	Asie de l'Est et Pacifique	1
#F8766D	4.8525	1964	Singapour	175	Singapour	Asie de l'Est et Pacifique	1
#F8766D	4.698	1965	Singapour	175	Singapour	Asie de l'Est et Pacifique	1
#F8766D	4.498	1966	Singapour	175	Singapour	Asie de l'Est et Pacifique	1
#F8766D	3.946	1967	Singapour	175	Singapour	Asie de l'Est et Pacifique	1
#F8766D	3.562	1968	Singapour	175	Singapour	Asie de l'Est et Pacifique	1
#F8766D	3.246	1969	Singapour	175	Singapour	Asie de l'Est et Pacifique	1
#F8766D	3.086	1970	Singapour	175	Singapour	Asie de l'Est et Pacifique	1
#F8766D	3.038	1971	Singapour	175	Singapour	Asie de l'Est et Pacifique	1
#F8766D	3.048	1972	Singapour	175	Singapour	Asie de l'Est et Pacifique	1
#F8766D	2.8	1973	Singapour	175	Singapour	Asie de l'Est et Pacifique	1
#F8766D	2.359	1974	Singapour	175	Singapour	Asie de l'Est et Pacifique	1
#F8766D	2.079	1975	Singapour	175	Singapour	Asie de l'Est et Pacifique	1
#F8766D	2.111	1976	Singapour	175	Singapour	Asie de l'Est et Pacifique	1
#F8766D	1.82	1977	Singapour	175	Singapour	Asie de l'Est et Pacifique	1
#F8766D	1.759	1978	Singapour	175	Singapour	Asie de l'Est et Pacifique	1
#F8766D	1.791	1979	Singapour	175	Singapour	Asie de l'Est et Pacifique	1
#F8766D	1.737	1980	Singapour	175	Singapour	Asie de l'Est et Pacifique	1
#F8766D	1.723	1981	Singapour	175	Singapour	Asie de l'Est et Pacifique	1
#F8766D	1.706	1982	Singapour	175	Singapour	Asie de l'Est et Pacifique	1
#F8766D	1.608	1983	Singapour	175	Singapour	Asie de l'Est et Pacifique	1
#F8766D	1.615	1984	Singapour	175	Singapour	Asie de l'Est et Pacifique	1
#F8766D	1.614	1985	Singapour	175	Singapour	Asie de l'Est et Pacifique	1
#F8766D	1.433	1986	Singapour	175	Singapour	Asie de l'Est et Pacifique	1
#F8766D	1.621	1987	Singapour	175	Singapour	Asie de l'Est et Pacifique	1
#F8766D	1.956	1988	Singapour	175	Singapour	Asie de l'Est et Pacifique	1
#F8766D	1.754	1989	Singapour	175	Singapour	Asie de l'Est et Pacifique	1
#F8766D	1.865	1990	Singapour	175	Singapour	Asie de l'Est et Pacifique	1
#F8766D	1.77	1991	Singapour	175	Singapour	Asie de l'Est et Pacifique	1
#F8766D	1.76	1992	Singapour	175	Singapour	Asie de l'Est et Pacifique	1
#F8766D	1.778	1993	Singapour	175	Singapour	Asie de l'Est et Pacifique	1
#F8766D	1.75	1994	Singapour	175	Singapour	Asie de l'Est et Pacifique	1
#F8766D	1.71	1995	Singapour	175	Singapour	Asie de l'Est et Pacifique	1
#F8766D	1.696	1996	Singapour	175	Singapour	Asie de l'Est et Pacifique	1
#F8766D	1.635	1997	Singapour	175	Singapour	Asie de l'Est et Pacifique	1
#F8766D	1.494	1998	Singapour	175	Singapour	Asie de l'Est et Pacifique	1
#F8766D	1.475	1999	Singapour	175	Singapour	Asie de l'Est et Pacifique	1
#F8766D	1.41	2001	Singapour	175	Singapour	Asie de l'Est et Pacifique	1
#F8766D	1.37	2002	Singapour	175	Singapour	Asie de l'Est et Pacifique	1
#F8766D	1.27	2003	Singapour	175	Singapour	Asie de l'Est et Pacifique	1
#F8766D	1.26	2004	Singapour	175	Singapour	Asie de l'Est et Pacifique	1
#F8766D	1.26	2005	Singapour	175	Singapour	Asie de l'Est et Pacifique	1
#F8766D	1.28	2006	Singapour	175	Singapour	Asie de l'Est et Pacifique	1
#F8766D	1.29	2007	Singapour	175	Singapour	Asie de l'Est et Pacifique	1
#F8766D	1.28	2008	Singapour	175	Singapour	Asie de l'Est et Pacifique	1
#F8766D	1.22	2009	Singapour	175	Singapour	Asie de l'Est et Pacifique	1
#F8766D	1.15	2010	Singapour	175	Singapour	Asie de l'Est et Pacifique	1
#F8766D	1.2	2011	Singapour	175	Singapour	Asie de l'Est et Pacifique	1
#C49A00	2.323	1960	Slovénie	177	Slovénie	Europe et Asie centrale	1
#C49A00	2.314	1961	Slovénie	177	Slovénie	Europe et Asie centrale	1
#C49A00	2.313	1962	Slovénie	177	Slovénie	Europe et Asie centrale	1
#C49A00	2.316	1963	Slovénie	177	Slovénie	Europe et Asie centrale	1
#C49A00	2.321	1964	Slovénie	177	Slovénie	Europe et Asie centrale	1
#C49A00	2.323	1965	Slovénie	177	Slovénie	Europe et Asie centrale	1
#C49A00	2.32	1966	Slovénie	177	Slovénie	Europe et Asie centrale	1
#C49A00	2.311	1967	Slovénie	177	Slovénie	Europe et Asie centrale	1
#C49A00	2.297	1968	Slovénie	177	Slovénie	Europe et Asie centrale	1
#C49A00	2.277	1969	Slovénie	177	Slovénie	Europe et Asie centrale	1
#C49A00	2.255	1970	Slovénie	177	Slovénie	Europe et Asie centrale	1
#C49A00	2.236	1971	Slovénie	177	Slovénie	Europe et Asie centrale	1
#C49A00	2.221	1972	Slovénie	177	Slovénie	Europe et Asie centrale	1
#C49A00	2.214	1973	Slovénie	177	Slovénie	Europe et Asie centrale	1
#C49A00	2.211	1974	Slovénie	177	Slovénie	Europe et Asie centrale	1
#C49A00	2.21	1975	Slovénie	177	Slovénie	Europe et Asie centrale	1
#C49A00	2.203	1976	Slovénie	177	Slovénie	Europe et Asie centrale	1
#C49A00	2.186	1977	Slovénie	177	Slovénie	Europe et Asie centrale	1
#C49A00	2.155	1978	Slovénie	177	Slovénie	Europe et Asie centrale	1
#C49A00	2.111	1979	Slovénie	177	Slovénie	Europe et Asie centrale	1
#C49A00	2.055	1980	Slovénie	177	Slovénie	Europe et Asie centrale	1
#C49A00	1.992	1981	Slovénie	177	Slovénie	Europe et Asie centrale	1
#C49A00	1.93	1982	Slovénie	177	Slovénie	Europe et Asie centrale	1
#C49A00	1.81	1983	Slovénie	177	Slovénie	Europe et Asie centrale	1
#C49A00	1.74	1984	Slovénie	177	Slovénie	Europe et Asie centrale	1
#C49A00	1.71	1985	Slovénie	177	Slovénie	Europe et Asie centrale	1
#C49A00	1.67	1986	Slovénie	177	Slovénie	Europe et Asie centrale	1
#C49A00	1.65	1987	Slovénie	177	Slovénie	Europe et Asie centrale	1
#C49A00	1.63	1988	Slovénie	177	Slovénie	Europe et Asie centrale	1
#C49A00	1.52	1989	Slovénie	177	Slovénie	Europe et Asie centrale	1
#C49A00	1.46	1990	Slovénie	177	Slovénie	Europe et Asie centrale	1
#C49A00	1.42	1991	Slovénie	177	Slovénie	Europe et Asie centrale	1
#C49A00	1.33	1992	Slovénie	177	Slovénie	Europe et Asie centrale	1
#C49A00	1.33	1993	Slovénie	177	Slovénie	Europe et Asie centrale	1
#C49A00	1.32	1994	Slovénie	177	Slovénie	Europe et Asie centrale	1
#C49A00	1.29	1995	Slovénie	177	Slovénie	Europe et Asie centrale	1
#C49A00	1.28	1996	Slovénie	177	Slovénie	Europe et Asie centrale	1
#C49A00	1.25	1997	Slovénie	177	Slovénie	Europe et Asie centrale	1
#C49A00	1.23	1998	Slovénie	177	Slovénie	Europe et Asie centrale	1
#C49A00	1.21	1999	Slovénie	177	Slovénie	Europe et Asie centrale	1
#C49A00	1.26	2000	Slovénie	177	Slovénie	Europe et Asie centrale	1
#C49A00	1.21	2001	Slovénie	177	Slovénie	Europe et Asie centrale	1
#C49A00	1.21	2002	Slovénie	177	Slovénie	Europe et Asie centrale	1
#C49A00	1.2	2003	Slovénie	177	Slovénie	Europe et Asie centrale	1
#C49A00	1.25	2004	Slovénie	177	Slovénie	Europe et Asie centrale	1
#C49A00	1.26	2005	Slovénie	177	Slovénie	Europe et Asie centrale	1
#C49A00	1.31	2006	Slovénie	177	Slovénie	Europe et Asie centrale	1
#C49A00	1.38	2007	Slovénie	177	Slovénie	Europe et Asie centrale	1
#C49A00	1.53	2008	Slovénie	177	Slovénie	Europe et Asie centrale	1
#C49A00	1.53	2009	Slovénie	177	Slovénie	Europe et Asie centrale	1
#C49A00	1.57	2010	Slovénie	177	Slovénie	Europe et Asie centrale	1
#C49A00	1.56	2011	Slovénie	177	Slovénie	Europe et Asie centrale	1
#C49A00	3.04	1960	République slovaque	161	République slovaque	Europe et Asie centrale	1
#C49A00	2.96	1961	République slovaque	161	République slovaque	Europe et Asie centrale	1
#C49A00	2.83	1962	République slovaque	161	République slovaque	Europe et Asie centrale	1
#C49A00	2.92	1963	République slovaque	161	République slovaque	Europe et Asie centrale	1
#C49A00	2.89	1964	République slovaque	161	République slovaque	Europe et Asie centrale	1
#C49A00	2.78	1965	République slovaque	161	République slovaque	Europe et Asie centrale	1
#C49A00	2.66	1966	République slovaque	161	République slovaque	Europe et Asie centrale	1
#C49A00	2.48	1967	République slovaque	161	République slovaque	Europe et Asie centrale	1
#C49A00	2.39	1968	République slovaque	161	République slovaque	Europe et Asie centrale	1
#C49A00	2.43	1969	République slovaque	161	République slovaque	Europe et Asie centrale	1
#C49A00	2.41	1970	République slovaque	161	République slovaque	Europe et Asie centrale	1
#C49A00	2.43	1971	République slovaque	161	République slovaque	Europe et Asie centrale	1
#C49A00	2.49	1972	République slovaque	161	République slovaque	Europe et Asie centrale	1
#C49A00	2.56	1973	République slovaque	161	République slovaque	Europe et Asie centrale	1
#C49A00	2.61	1974	République slovaque	161	République slovaque	Europe et Asie centrale	1
#C49A00	2.55	1975	République slovaque	161	République slovaque	Europe et Asie centrale	1
#C49A00	2.55	1976	République slovaque	161	République slovaque	Europe et Asie centrale	1
#C49A00	2.49	1977	République slovaque	161	République slovaque	Europe et Asie centrale	1
#C49A00	2.47	1978	République slovaque	161	République slovaque	Europe et Asie centrale	1
#C49A00	2.45	1979	République slovaque	161	République slovaque	Europe et Asie centrale	1
#C49A00	2.32	1980	République slovaque	161	République slovaque	Europe et Asie centrale	1
#C49A00	2.29	1981	République slovaque	161	République slovaque	Europe et Asie centrale	1
#C49A00	2.28	1982	République slovaque	161	République slovaque	Europe et Asie centrale	1
#C49A00	2.28	1983	République slovaque	161	République slovaque	Europe et Asie centrale	1
#C49A00	2.26	1984	République slovaque	161	République slovaque	Europe et Asie centrale	1
#C49A00	2.26	1985	République slovaque	161	République slovaque	Europe et Asie centrale	1
#C49A00	2.2	1986	République slovaque	161	République slovaque	Europe et Asie centrale	1
#C49A00	2.14	1987	République slovaque	161	République slovaque	Europe et Asie centrale	1
#C49A00	2.13	1988	République slovaque	161	République slovaque	Europe et Asie centrale	1
#C49A00	2.07	1989	République slovaque	161	République slovaque	Europe et Asie centrale	1
#C49A00	2.09	1990	République slovaque	161	République slovaque	Europe et Asie centrale	1
#C49A00	2.05	1991	République slovaque	161	République slovaque	Europe et Asie centrale	1
#C49A00	1.93	1992	République slovaque	161	République slovaque	Europe et Asie centrale	1
#C49A00	1.87	1993	République slovaque	161	République slovaque	Europe et Asie centrale	1
#C49A00	1.67	1994	République slovaque	161	République slovaque	Europe et Asie centrale	1
#C49A00	1.52	1995	République slovaque	161	République slovaque	Europe et Asie centrale	1
#C49A00	1.47	1996	République slovaque	161	République slovaque	Europe et Asie centrale	1
#C49A00	1.43	1997	République slovaque	161	République slovaque	Europe et Asie centrale	1
#C49A00	1.37	1998	République slovaque	161	République slovaque	Europe et Asie centrale	1
#C49A00	1.33	1999	République slovaque	161	République slovaque	Europe et Asie centrale	1
#C49A00	1.3	2000	République slovaque	161	République slovaque	Europe et Asie centrale	1
#C49A00	1.2	2001	République slovaque	161	République slovaque	Europe et Asie centrale	1
#C49A00	1.19	2002	République slovaque	161	République slovaque	Europe et Asie centrale	1
#C49A00	1.2	2003	République slovaque	161	République slovaque	Europe et Asie centrale	1
#C49A00	1.24	2004	République slovaque	161	République slovaque	Europe et Asie centrale	1
#C49A00	1.25	2005	République slovaque	161	République slovaque	Europe et Asie centrale	1
#C49A00	1.24	2006	République slovaque	161	République slovaque	Europe et Asie centrale	1
#C49A00	1.25	2007	République slovaque	161	République slovaque	Europe et Asie centrale	1
#C49A00	1.32	2008	République slovaque	161	République slovaque	Europe et Asie centrale	1
#C49A00	1.41	2009	République slovaque	161	République slovaque	Europe et Asie centrale	1
#C49A00	1.4	2010	République slovaque	161	République slovaque	Europe et Asie centrale	1
#C49A00	1.45	2011	République slovaque	161	République slovaque	Europe et Asie centrale	1
#FB61D7	6.034	1960	Sierra Leone	174	Sierra Leone	Afrique subsaharienne	1
#FB61D7	6.035	1961	Sierra Leone	174	Sierra Leone	Afrique subsaharienne	1
#FB61D7	6.035	1962	Sierra Leone	174	Sierra Leone	Afrique subsaharienne	1
#FB61D7	6.034	1963	Sierra Leone	174	Sierra Leone	Afrique subsaharienne	1
#FB61D7	6.03	1964	Sierra Leone	174	Sierra Leone	Afrique subsaharienne	1
#FB61D7	6.022	1965	Sierra Leone	174	Sierra Leone	Afrique subsaharienne	1
#FB61D7	6.007	1966	Sierra Leone	174	Sierra Leone	Afrique subsaharienne	1
#FB61D7	5.983	1967	Sierra Leone	174	Sierra Leone	Afrique subsaharienne	1
#FB61D7	5.952	1968	Sierra Leone	174	Sierra Leone	Afrique subsaharienne	1
#FB61D7	5.915	1969	Sierra Leone	174	Sierra Leone	Afrique subsaharienne	1
#FB61D7	5.872	1970	Sierra Leone	174	Sierra Leone	Afrique subsaharienne	1
#FB61D7	5.828	1971	Sierra Leone	174	Sierra Leone	Afrique subsaharienne	1
#FB61D7	5.785	1972	Sierra Leone	174	Sierra Leone	Afrique subsaharienne	1
#FB61D7	5.747	1973	Sierra Leone	174	Sierra Leone	Afrique subsaharienne	1
#FB61D7	5.713	1974	Sierra Leone	174	Sierra Leone	Afrique subsaharienne	1
#FB61D7	5.683	1975	Sierra Leone	174	Sierra Leone	Afrique subsaharienne	1
#FB61D7	5.657	1976	Sierra Leone	174	Sierra Leone	Afrique subsaharienne	1
#FB61D7	5.632	1977	Sierra Leone	174	Sierra Leone	Afrique subsaharienne	1
#FB61D7	5.606	1978	Sierra Leone	174	Sierra Leone	Afrique subsaharienne	1
#FB61D7	5.581	1979	Sierra Leone	174	Sierra Leone	Afrique subsaharienne	1
#FB61D7	5.558	1980	Sierra Leone	174	Sierra Leone	Afrique subsaharienne	1
#FB61D7	5.538	1981	Sierra Leone	174	Sierra Leone	Afrique subsaharienne	1
#FB61D7	5.524	1982	Sierra Leone	174	Sierra Leone	Afrique subsaharienne	1
#FB61D7	5.518	1983	Sierra Leone	174	Sierra Leone	Afrique subsaharienne	1
#FB61D7	5.519	1984	Sierra Leone	174	Sierra Leone	Afrique subsaharienne	1
#FB61D7	5.53	1985	Sierra Leone	174	Sierra Leone	Afrique subsaharienne	1
#FB61D7	5.552	1986	Sierra Leone	174	Sierra Leone	Afrique subsaharienne	1
#FB61D7	5.582	1987	Sierra Leone	174	Sierra Leone	Afrique subsaharienne	1
#FB61D7	5.62	1988	Sierra Leone	174	Sierra Leone	Afrique subsaharienne	1
#FB61D7	5.662	1989	Sierra Leone	174	Sierra Leone	Afrique subsaharienne	1
#FB61D7	5.705	1990	Sierra Leone	174	Sierra Leone	Afrique subsaharienne	1
#FB61D7	5.749	1991	Sierra Leone	174	Sierra Leone	Afrique subsaharienne	1
#FB61D7	5.789	1992	Sierra Leone	174	Sierra Leone	Afrique subsaharienne	1
#FB61D7	5.822	1993	Sierra Leone	174	Sierra Leone	Afrique subsaharienne	1
#FB61D7	5.847	1994	Sierra Leone	174	Sierra Leone	Afrique subsaharienne	1
#FB61D7	5.86	1995	Sierra Leone	174	Sierra Leone	Afrique subsaharienne	1
#FB61D7	5.858	1996	Sierra Leone	174	Sierra Leone	Afrique subsaharienne	1
#FB61D7	5.843	1997	Sierra Leone	174	Sierra Leone	Afrique subsaharienne	1
#FB61D7	5.816	1998	Sierra Leone	174	Sierra Leone	Afrique subsaharienne	1
#FB61D7	5.776	1999	Sierra Leone	174	Sierra Leone	Afrique subsaharienne	1
#FB61D7	5.726	2000	Sierra Leone	174	Sierra Leone	Afrique subsaharienne	1
#FB61D7	5.669	2001	Sierra Leone	174	Sierra Leone	Afrique subsaharienne	1
#FB61D7	5.606	2002	Sierra Leone	174	Sierra Leone	Afrique subsaharienne	1
#FB61D7	5.541	2003	Sierra Leone	174	Sierra Leone	Afrique subsaharienne	1
#FB61D7	5.474	2004	Sierra Leone	174	Sierra Leone	Afrique subsaharienne	1
#FB61D7	5.404	2005	Sierra Leone	174	Sierra Leone	Afrique subsaharienne	1
#FB61D7	5.331	2006	Sierra Leone	174	Sierra Leone	Afrique subsaharienne	1
#FB61D7	5.252	2007	Sierra Leone	174	Sierra Leone	Afrique subsaharienne	1
#FB61D7	5.167	2008	Sierra Leone	174	Sierra Leone	Afrique subsaharienne	1
#FB61D7	5.077	2009	Sierra Leone	174	Sierra Leone	Afrique subsaharienne	1
#FB61D7	4.982	2010	Sierra Leone	174	Sierra Leone	Afrique subsaharienne	1
#FB61D7	4.884	2011	Sierra Leone	174	Sierra Leone	Afrique subsaharienne	1
#FB61D7	6.635	1960	Sénégal	171	Sénégal	Afrique subsaharienne	1
#FB61D7	6.722	1961	Sénégal	171	Sénégal	Afrique subsaharienne	1
#FB61D7	6.811	1962	Sénégal	171	Sénégal	Afrique subsaharienne	1
#FB61D7	6.899	1963	Sénégal	171	Sénégal	Afrique subsaharienne	1
#FB61D7	6.984	1964	Sénégal	171	Sénégal	Afrique subsaharienne	1
#FB61D7	7.066	1965	Sénégal	171	Sénégal	Afrique subsaharienne	1
#FB61D7	7.142	1966	Sénégal	171	Sénégal	Afrique subsaharienne	1
#FB61D7	7.212	1967	Sénégal	171	Sénégal	Afrique subsaharienne	1
#FB61D7	7.275	1968	Sénégal	171	Sénégal	Afrique subsaharienne	1
#FB61D7	7.329	1969	Sénégal	171	Sénégal	Afrique subsaharienne	1
#FB61D7	7.375	1970	Sénégal	171	Sénégal	Afrique subsaharienne	1
#FB61D7	7.415	1971	Sénégal	171	Sénégal	Afrique subsaharienne	1
#FB61D7	7.447	1972	Sénégal	171	Sénégal	Afrique subsaharienne	1
#FB61D7	7.474	1973	Sénégal	171	Sénégal	Afrique subsaharienne	1
#FB61D7	7.494	1974	Sénégal	171	Sénégal	Afrique subsaharienne	1
#FB61D7	7.507	1975	Sénégal	171	Sénégal	Afrique subsaharienne	1
#FB61D7	7.511	1976	Sénégal	171	Sénégal	Afrique subsaharienne	1
#FB61D7	7.505	1977	Sénégal	171	Sénégal	Afrique subsaharienne	1
#FB61D7	7.489	1978	Sénégal	171	Sénégal	Afrique subsaharienne	1
#FB61D7	7.462	1979	Sénégal	171	Sénégal	Afrique subsaharienne	1
#FB61D7	7.425	1980	Sénégal	171	Sénégal	Afrique subsaharienne	1
#FB61D7	7.378	1981	Sénégal	171	Sénégal	Afrique subsaharienne	1
#FB61D7	7.323	1982	Sénégal	171	Sénégal	Afrique subsaharienne	1
#FB61D7	7.261	1983	Sénégal	171	Sénégal	Afrique subsaharienne	1
#FB61D7	7.193	1984	Sénégal	171	Sénégal	Afrique subsaharienne	1
#FB61D7	7.118	1985	Sénégal	171	Sénégal	Afrique subsaharienne	1
#FB61D7	7.036	1986	Sénégal	171	Sénégal	Afrique subsaharienne	1
#FB61D7	6.948	1987	Sénégal	171	Sénégal	Afrique subsaharienne	1
#FB61D7	6.853	1988	Sénégal	171	Sénégal	Afrique subsaharienne	1
#FB61D7	6.752	1989	Sénégal	171	Sénégal	Afrique subsaharienne	1
#FB61D7	6.646	1990	Sénégal	171	Sénégal	Afrique subsaharienne	1
#FB61D7	6.534	1991	Sénégal	171	Sénégal	Afrique subsaharienne	1
#FB61D7	6.417	1992	Sénégal	171	Sénégal	Afrique subsaharienne	1
#FB61D7	6.298	1993	Sénégal	171	Sénégal	Afrique subsaharienne	1
#FB61D7	6.177	1994	Sénégal	171	Sénégal	Afrique subsaharienne	1
#FB61D7	6.059	1995	Sénégal	171	Sénégal	Afrique subsaharienne	1
#FB61D7	5.943	1996	Sénégal	171	Sénégal	Afrique subsaharienne	1
#FB61D7	5.834	1997	Sénégal	171	Sénégal	Afrique subsaharienne	1
#FB61D7	5.73	1998	Sénégal	171	Sénégal	Afrique subsaharienne	1
#FB61D7	5.634	1999	Sénégal	171	Sénégal	Afrique subsaharienne	1
#FB61D7	5.546	2000	Sénégal	171	Sénégal	Afrique subsaharienne	1
#FB61D7	5.466	2001	Sénégal	171	Sénégal	Afrique subsaharienne	1
#FB61D7	5.393	2002	Sénégal	171	Sénégal	Afrique subsaharienne	1
#FB61D7	5.323	2003	Sénégal	171	Sénégal	Afrique subsaharienne	1
#FB61D7	5.257	2004	Sénégal	171	Sénégal	Afrique subsaharienne	1
#FB61D7	5.191	2005	Sénégal	171	Sénégal	Afrique subsaharienne	1
#FB61D7	5.123	2006	Sénégal	171	Sénégal	Afrique subsaharienne	1
#FB61D7	5.052	2007	Sénégal	171	Sénégal	Afrique subsaharienne	1
#FB61D7	4.978	2008	Sénégal	171	Sénégal	Afrique subsaharienne	1
#FB61D7	4.9	2009	Sénégal	171	Sénégal	Afrique subsaharienne	1
#FB61D7	4.819	2010	Sénégal	171	Sénégal	Afrique subsaharienne	1
#FB61D7	4.735	2011	Sénégal	171	Sénégal	Afrique subsaharienne	1
#FB61D7	7.25	1960	Somalie	178	Somalie	Afrique subsaharienne	1
#FB61D7	7.252	1961	Somalie	178	Somalie	Afrique subsaharienne	1
#FB61D7	7.255	1962	Somalie	178	Somalie	Afrique subsaharienne	1
#FB61D7	7.258	1963	Somalie	178	Somalie	Afrique subsaharienne	1
#FB61D7	7.261	1964	Somalie	178	Somalie	Afrique subsaharienne	1
#FB61D7	7.261	1965	Somalie	178	Somalie	Afrique subsaharienne	1
#FB61D7	7.257	1966	Somalie	178	Somalie	Afrique subsaharienne	1
#FB61D7	7.248	1967	Somalie	178	Somalie	Afrique subsaharienne	1
#FB61D7	7.232	1968	Somalie	178	Somalie	Afrique subsaharienne	1
#FB61D7	7.209	1969	Somalie	178	Somalie	Afrique subsaharienne	1
#FB61D7	7.183	1970	Somalie	178	Somalie	Afrique subsaharienne	1
#FB61D7	7.156	1971	Somalie	178	Somalie	Afrique subsaharienne	1
#FB61D7	7.13	1972	Somalie	178	Somalie	Afrique subsaharienne	1
#FB61D7	7.106	1973	Somalie	178	Somalie	Afrique subsaharienne	1
#FB61D7	7.084	1974	Somalie	178	Somalie	Afrique subsaharienne	1
#FB61D7	7.061	1975	Somalie	178	Somalie	Afrique subsaharienne	1
#FB61D7	7.033	1976	Somalie	178	Somalie	Afrique subsaharienne	1
#FB61D7	6.997	1977	Somalie	178	Somalie	Afrique subsaharienne	1
#FB61D7	6.951	1978	Somalie	178	Somalie	Afrique subsaharienne	1
#FB61D7	6.898	1979	Somalie	178	Somalie	Afrique subsaharienne	1
#FB61D7	6.843	1980	Somalie	178	Somalie	Afrique subsaharienne	1
#FB61D7	6.791	1981	Somalie	178	Somalie	Afrique subsaharienne	1
#FB61D7	6.749	1982	Somalie	178	Somalie	Afrique subsaharienne	1
#FB61D7	6.719	1983	Somalie	178	Somalie	Afrique subsaharienne	1
#FB61D7	6.701	1984	Somalie	178	Somalie	Afrique subsaharienne	1
#FB61D7	6.692	1985	Somalie	178	Somalie	Afrique subsaharienne	1
#FB61D7	6.686	1986	Somalie	178	Somalie	Afrique subsaharienne	1
#FB61D7	6.676	1987	Somalie	178	Somalie	Afrique subsaharienne	1
#FB61D7	6.659	1988	Somalie	178	Somalie	Afrique subsaharienne	1
#FB61D7	6.632	1989	Somalie	178	Somalie	Afrique subsaharienne	1
#FB61D7	6.599	1990	Somalie	178	Somalie	Afrique subsaharienne	1
#FB61D7	6.564	1991	Somalie	178	Somalie	Afrique subsaharienne	1
#FB61D7	6.532	1992	Somalie	178	Somalie	Afrique subsaharienne	1
#FB61D7	6.508	1993	Somalie	178	Somalie	Afrique subsaharienne	1
#FB61D7	6.492	1994	Somalie	178	Somalie	Afrique subsaharienne	1
#FB61D7	6.486	1995	Somalie	178	Somalie	Afrique subsaharienne	1
#FB61D7	6.487	1996	Somalie	178	Somalie	Afrique subsaharienne	1
#FB61D7	6.492	1997	Somalie	178	Somalie	Afrique subsaharienne	1
#FB61D7	6.499	1998	Somalie	178	Somalie	Afrique subsaharienne	1
#FB61D7	6.504	1999	Somalie	178	Somalie	Afrique subsaharienne	1
#FB61D7	6.507	2000	Somalie	178	Somalie	Afrique subsaharienne	1
#FB61D7	6.506	2001	Somalie	178	Somalie	Afrique subsaharienne	1
#FB61D7	6.5	2002	Somalie	178	Somalie	Afrique subsaharienne	1
#FB61D7	6.49	2003	Somalie	178	Somalie	Afrique subsaharienne	1
#FB61D7	6.477	2004	Somalie	178	Somalie	Afrique subsaharienne	1
#FB61D7	6.459	2005	Somalie	178	Somalie	Afrique subsaharienne	1
#FB61D7	6.437	2006	Somalie	178	Somalie	Afrique subsaharienne	1
#FB61D7	6.413	2007	Somalie	178	Somalie	Afrique subsaharienne	1
#FB61D7	6.388	2008	Somalie	178	Somalie	Afrique subsaharienne	1
#FB61D7	6.363	2009	Somalie	178	Somalie	Afrique subsaharienne	1
#FB61D7	6.339	2010	Somalie	178	Somalie	Afrique subsaharienne	1
#FB61D7	6.319	2011	Somalie	178	Somalie	Afrique subsaharienne	1
#53B400	6.608	1960	Suriname	184	Suriname	Amérique latine et Caraïbes	1
#53B400	6.594	1961	Suriname	184	Suriname	Amérique latine et Caraïbes	1
#53B400	6.558	1962	Suriname	184	Suriname	Amérique latine et Caraïbes	1
#53B400	6.497	1963	Suriname	184	Suriname	Amérique latine et Caraïbes	1
#53B400	6.412	1964	Suriname	184	Suriname	Amérique latine et Caraïbes	1
#53B400	6.304	1965	Suriname	184	Suriname	Amérique latine et Caraïbes	1
#53B400	6.182	1966	Suriname	184	Suriname	Amérique latine et Caraïbes	1
#53B400	6.053	1967	Suriname	184	Suriname	Amérique latine et Caraïbes	1
#53B400	5.922	1968	Suriname	184	Suriname	Amérique latine et Caraïbes	1
#53B400	5.79	1969	Suriname	184	Suriname	Amérique latine et Caraïbes	1
#53B400	5.653	1970	Suriname	184	Suriname	Amérique latine et Caraïbes	1
#53B400	5.504	1971	Suriname	184	Suriname	Amérique latine et Caraïbes	1
#53B400	5.336	1972	Suriname	184	Suriname	Amérique latine et Caraïbes	1
#53B400	5.148	1973	Suriname	184	Suriname	Amérique latine et Caraïbes	1
#53B400	4.945	1974	Suriname	184	Suriname	Amérique latine et Caraïbes	1
#53B400	4.735	1975	Suriname	184	Suriname	Amérique latine et Caraïbes	1
#53B400	4.531	1976	Suriname	184	Suriname	Amérique latine et Caraïbes	1
#53B400	4.344	1977	Suriname	184	Suriname	Amérique latine et Caraïbes	1
#53B400	4.18	1978	Suriname	184	Suriname	Amérique latine et Caraïbes	1
#53B400	4.041	1979	Suriname	184	Suriname	Amérique latine et Caraïbes	1
#53B400	3.922	1980	Suriname	184	Suriname	Amérique latine et Caraïbes	1
#53B400	3.815	1981	Suriname	184	Suriname	Amérique latine et Caraïbes	1
#53B400	3.708	1982	Suriname	184	Suriname	Amérique latine et Caraïbes	1
#53B400	3.594	1983	Suriname	184	Suriname	Amérique latine et Caraïbes	1
#53B400	3.471	1984	Suriname	184	Suriname	Amérique latine et Caraïbes	1
#53B400	3.338	1985	Suriname	184	Suriname	Amérique latine et Caraïbes	1
#53B400	3.2	1986	Suriname	184	Suriname	Amérique latine et Caraïbes	1
#53B400	3.063	1987	Suriname	184	Suriname	Amérique latine et Caraïbes	1
#53B400	2.936	1988	Suriname	184	Suriname	Amérique latine et Caraïbes	1
#53B400	2.823	1989	Suriname	184	Suriname	Amérique latine et Caraïbes	1
#53B400	2.733	1990	Suriname	184	Suriname	Amérique latine et Caraïbes	1
#53B400	2.672	1991	Suriname	184	Suriname	Amérique latine et Caraïbes	1
#53B400	2.64	1992	Suriname	184	Suriname	Amérique latine et Caraïbes	1
#53B400	2.635	1993	Suriname	184	Suriname	Amérique latine et Caraïbes	1
#53B400	2.653	1994	Suriname	184	Suriname	Amérique latine et Caraïbes	1
#53B400	2.684	1995	Suriname	184	Suriname	Amérique latine et Caraïbes	1
#53B400	2.718	1996	Suriname	184	Suriname	Amérique latine et Caraïbes	1
#53B400	2.745	1997	Suriname	184	Suriname	Amérique latine et Caraïbes	1
#53B400	2.757	1998	Suriname	184	Suriname	Amérique latine et Caraïbes	1
#53B400	2.751	1999	Suriname	184	Suriname	Amérique latine et Caraïbes	1
#53B400	2.726	2000	Suriname	184	Suriname	Amérique latine et Caraïbes	1
#53B400	2.686	2001	Suriname	184	Suriname	Amérique latine et Caraïbes	1
#53B400	2.638	2002	Suriname	184	Suriname	Amérique latine et Caraïbes	1
#53B400	2.59	2003	Suriname	184	Suriname	Amérique latine et Caraïbes	1
#53B400	2.545	2004	Suriname	184	Suriname	Amérique latine et Caraïbes	1
#53B400	2.503	2005	Suriname	184	Suriname	Amérique latine et Caraïbes	1
#53B400	2.466	2006	Suriname	184	Suriname	Amérique latine et Caraïbes	1
#53B400	2.432	2007	Suriname	184	Suriname	Amérique latine et Caraïbes	1
#53B400	2.399	2008	Suriname	184	Suriname	Amérique latine et Caraïbes	1
#53B400	2.367	2009	Suriname	184	Suriname	Amérique latine et Caraïbes	1
#53B400	2.336	2010	Suriname	184	Suriname	Amérique latine et Caraïbes	1
#53B400	2.307	2011	Suriname	184	Suriname	Amérique latine et Caraïbes	1
#FB61D7	3.85	2008	Soudan du Sud	180	Soudan du Sud	Afrique subsaharienne	1
#FB61D7	6.242	1960	Sao Tomé-et-Principe	170	Sao Tomé-et-Principe	Afrique subsaharienne	1
#FB61D7	6.263	1961	Sao Tomé-et-Principe	170	Sao Tomé-et-Principe	Afrique subsaharienne	1
#FB61D7	6.284	1962	Sao Tomé-et-Principe	170	Sao Tomé-et-Principe	Afrique subsaharienne	1
#FB61D7	6.306	1963	Sao Tomé-et-Principe	170	Sao Tomé-et-Principe	Afrique subsaharienne	1
#FB61D7	6.327	1964	Sao Tomé-et-Principe	170	Sao Tomé-et-Principe	Afrique subsaharienne	1
#FB61D7	6.349	1965	Sao Tomé-et-Principe	170	Sao Tomé-et-Principe	Afrique subsaharienne	1
#FB61D7	6.371	1966	Sao Tomé-et-Principe	170	Sao Tomé-et-Principe	Afrique subsaharienne	1
#FB61D7	6.394	1967	Sao Tomé-et-Principe	170	Sao Tomé-et-Principe	Afrique subsaharienne	1
#FB61D7	6.419	1968	Sao Tomé-et-Principe	170	Sao Tomé-et-Principe	Afrique subsaharienne	1
#FB61D7	6.444	1969	Sao Tomé-et-Principe	170	Sao Tomé-et-Principe	Afrique subsaharienne	1
#FB61D7	6.468	1970	Sao Tomé-et-Principe	170	Sao Tomé-et-Principe	Afrique subsaharienne	1
#FB61D7	6.49	1971	Sao Tomé-et-Principe	170	Sao Tomé-et-Principe	Afrique subsaharienne	1
#FB61D7	6.51	1972	Sao Tomé-et-Principe	170	Sao Tomé-et-Principe	Afrique subsaharienne	1
#FB61D7	6.525	1973	Sao Tomé-et-Principe	170	Sao Tomé-et-Principe	Afrique subsaharienne	1
#FB61D7	6.534	1974	Sao Tomé-et-Principe	170	Sao Tomé-et-Principe	Afrique subsaharienne	1
#FB61D7	6.535	1975	Sao Tomé-et-Principe	170	Sao Tomé-et-Principe	Afrique subsaharienne	1
#FB61D7	6.528	1976	Sao Tomé-et-Principe	170	Sao Tomé-et-Principe	Afrique subsaharienne	1
#FB61D7	6.513	1977	Sao Tomé-et-Principe	170	Sao Tomé-et-Principe	Afrique subsaharienne	1
#FB61D7	6.489	1978	Sao Tomé-et-Principe	170	Sao Tomé-et-Principe	Afrique subsaharienne	1
#FB61D7	6.455	1979	Sao Tomé-et-Principe	170	Sao Tomé-et-Principe	Afrique subsaharienne	1
#FB61D7	6.409	1980	Sao Tomé-et-Principe	170	Sao Tomé-et-Principe	Afrique subsaharienne	1
#FB61D7	6.348	1981	Sao Tomé-et-Principe	170	Sao Tomé-et-Principe	Afrique subsaharienne	1
#FB61D7	6.271	1982	Sao Tomé-et-Principe	170	Sao Tomé-et-Principe	Afrique subsaharienne	1
#FB61D7	6.181	1983	Sao Tomé-et-Principe	170	Sao Tomé-et-Principe	Afrique subsaharienne	1
#FB61D7	6.078	1984	Sao Tomé-et-Principe	170	Sao Tomé-et-Principe	Afrique subsaharienne	1
#FB61D7	5.967	1985	Sao Tomé-et-Principe	170	Sao Tomé-et-Principe	Afrique subsaharienne	1
#FB61D7	5.849	1986	Sao Tomé-et-Principe	170	Sao Tomé-et-Principe	Afrique subsaharienne	1
#FB61D7	5.73	1987	Sao Tomé-et-Principe	170	Sao Tomé-et-Principe	Afrique subsaharienne	1
#FB61D7	5.613	1988	Sao Tomé-et-Principe	170	Sao Tomé-et-Principe	Afrique subsaharienne	1
#FB61D7	5.501	1989	Sao Tomé-et-Principe	170	Sao Tomé-et-Principe	Afrique subsaharienne	1
#FB61D7	5.396	1990	Sao Tomé-et-Principe	170	Sao Tomé-et-Principe	Afrique subsaharienne	1
#FB61D7	5.3	1991	Sao Tomé-et-Principe	170	Sao Tomé-et-Principe	Afrique subsaharienne	1
#FB61D7	5.212	1992	Sao Tomé-et-Principe	170	Sao Tomé-et-Principe	Afrique subsaharienne	1
#FB61D7	5.129	1993	Sao Tomé-et-Principe	170	Sao Tomé-et-Principe	Afrique subsaharienne	1
#FB61D7	5.052	1994	Sao Tomé-et-Principe	170	Sao Tomé-et-Principe	Afrique subsaharienne	1
#FB61D7	4.977	1995	Sao Tomé-et-Principe	170	Sao Tomé-et-Principe	Afrique subsaharienne	1
#FB61D7	4.902	1996	Sao Tomé-et-Principe	170	Sao Tomé-et-Principe	Afrique subsaharienne	1
#FB61D7	4.827	1997	Sao Tomé-et-Principe	170	Sao Tomé-et-Principe	Afrique subsaharienne	1
#FB61D7	4.748	1998	Sao Tomé-et-Principe	170	Sao Tomé-et-Principe	Afrique subsaharienne	1
#FB61D7	4.665	1999	Sao Tomé-et-Principe	170	Sao Tomé-et-Principe	Afrique subsaharienne	1
#FB61D7	4.577	2000	Sao Tomé-et-Principe	170	Sao Tomé-et-Principe	Afrique subsaharienne	1
#FB61D7	4.484	2001	Sao Tomé-et-Principe	170	Sao Tomé-et-Principe	Afrique subsaharienne	1
#FB61D7	4.387	2002	Sao Tomé-et-Principe	170	Sao Tomé-et-Principe	Afrique subsaharienne	1
#FB61D7	4.288	2003	Sao Tomé-et-Principe	170	Sao Tomé-et-Principe	Afrique subsaharienne	1
#FB61D7	4.189	2004	Sao Tomé-et-Principe	170	Sao Tomé-et-Principe	Afrique subsaharienne	1
#FB61D7	4.09	2005	Sao Tomé-et-Principe	170	Sao Tomé-et-Principe	Afrique subsaharienne	1
#FB61D7	3.995	2006	Sao Tomé-et-Principe	170	Sao Tomé-et-Principe	Afrique subsaharienne	1
#FB61D7	3.903	2007	Sao Tomé-et-Principe	170	Sao Tomé-et-Principe	Afrique subsaharienne	1
#FB61D7	3.816	2008	Sao Tomé-et-Principe	170	Sao Tomé-et-Principe	Afrique subsaharienne	1
#FB61D7	3.734	2009	Sao Tomé-et-Principe	170	Sao Tomé-et-Principe	Afrique subsaharienne	1
#FB61D7	3.657	2010	Sao Tomé-et-Principe	170	Sao Tomé-et-Principe	Afrique subsaharienne	1
#FB61D7	3.585	2011	Sao Tomé-et-Principe	170	Sao Tomé-et-Principe	Afrique subsaharienne	1
#53B400	6.728	1960	El Salvador	57	El Salvador	Amérique latine et Caraïbes	1
#53B400	6.749	1961	El Salvador	57	El Salvador	Amérique latine et Caraïbes	1
#53B400	6.752	1962	El Salvador	57	El Salvador	Amérique latine et Caraïbes	1
#53B400	6.736	1963	El Salvador	57	El Salvador	Amérique latine et Caraïbes	1
#53B400	6.699	1964	El Salvador	57	El Salvador	Amérique latine et Caraïbes	1
#53B400	6.643	1965	El Salvador	57	El Salvador	Amérique latine et Caraïbes	1
#53B400	6.571	1966	El Salvador	57	El Salvador	Amérique latine et Caraïbes	1
#53B400	6.487	1967	El Salvador	57	El Salvador	Amérique latine et Caraïbes	1
#53B400	6.396	1968	El Salvador	57	El Salvador	Amérique latine et Caraïbes	1
#53B400	6.3	1969	El Salvador	57	El Salvador	Amérique latine et Caraïbes	1
#53B400	6.203	1970	El Salvador	57	El Salvador	Amérique latine et Caraïbes	1
#53B400	6.106	1971	El Salvador	57	El Salvador	Amérique latine et Caraïbes	1
#53B400	6.01	1972	El Salvador	57	El Salvador	Amérique latine et Caraïbes	1
#53B400	5.914	1973	El Salvador	57	El Salvador	Amérique latine et Caraïbes	1
#53B400	5.817	1974	El Salvador	57	El Salvador	Amérique latine et Caraïbes	1
#53B400	5.718	1975	El Salvador	57	El Salvador	Amérique latine et Caraïbes	1
#53B400	5.615	1976	El Salvador	57	El Salvador	Amérique latine et Caraïbes	1
#53B400	5.506	1977	El Salvador	57	El Salvador	Amérique latine et Caraïbes	1
#53B400	5.389	1978	El Salvador	57	El Salvador	Amérique latine et Caraïbes	1
#53B400	5.266	1979	El Salvador	57	El Salvador	Amérique latine et Caraïbes	1
#53B400	5.137	1980	El Salvador	57	El Salvador	Amérique latine et Caraïbes	1
#53B400	5.004	1981	El Salvador	57	El Salvador	Amérique latine et Caraïbes	1
#53B400	4.87	1982	El Salvador	57	El Salvador	Amérique latine et Caraïbes	1
#53B400	4.738	1983	El Salvador	57	El Salvador	Amérique latine et Caraïbes	1
#53B400	4.609	1984	El Salvador	57	El Salvador	Amérique latine et Caraïbes	1
#53B400	4.485	1985	El Salvador	57	El Salvador	Amérique latine et Caraïbes	1
#53B400	4.367	1986	El Salvador	57	El Salvador	Amérique latine et Caraïbes	1
#53B400	4.255	1987	El Salvador	57	El Salvador	Amérique latine et Caraïbes	1
#53B400	4.148	1988	El Salvador	57	El Salvador	Amérique latine et Caraïbes	1
#53B400	4.047	1989	El Salvador	57	El Salvador	Amérique latine et Caraïbes	1
#53B400	3.951	1990	El Salvador	57	El Salvador	Amérique latine et Caraïbes	1
#53B400	3.862	1991	El Salvador	57	El Salvador	Amérique latine et Caraïbes	1
#53B400	3.777	1992	El Salvador	57	El Salvador	Amérique latine et Caraïbes	1
#53B400	3.695	1993	El Salvador	57	El Salvador	Amérique latine et Caraïbes	1
#53B400	3.614	1994	El Salvador	57	El Salvador	Amérique latine et Caraïbes	1
#53B400	3.529	1995	El Salvador	57	El Salvador	Amérique latine et Caraïbes	1
#53B400	3.432	1996	El Salvador	57	El Salvador	Amérique latine et Caraïbes	1
#53B400	3.323	1997	El Salvador	57	El Salvador	Amérique latine et Caraïbes	1
#53B400	3.201	1998	El Salvador	57	El Salvador	Amérique latine et Caraïbes	1
#53B400	3.07	1999	El Salvador	57	El Salvador	Amérique latine et Caraïbes	1
#53B400	2.934	2000	El Salvador	57	El Salvador	Amérique latine et Caraïbes	1
#53B400	2.803	2001	El Salvador	57	El Salvador	Amérique latine et Caraïbes	1
#53B400	2.683	2002	El Salvador	57	El Salvador	Amérique latine et Caraïbes	1
#53B400	2.581	2003	El Salvador	57	El Salvador	Amérique latine et Caraïbes	1
#53B400	2.498	2004	El Salvador	57	El Salvador	Amérique latine et Caraïbes	1
#53B400	2.435	2005	El Salvador	57	El Salvador	Amérique latine et Caraïbes	1
#53B400	2.387	2006	El Salvador	57	El Salvador	Amérique latine et Caraïbes	1
#53B400	2.349	2007	El Salvador	57	El Salvador	Amérique latine et Caraïbes	1
#53B400	2.315	2008	El Salvador	57	El Salvador	Amérique latine et Caraïbes	1
#53B400	2.283	2009	El Salvador	57	El Salvador	Amérique latine et Caraïbes	1
#53B400	2.25	2010	El Salvador	57	El Salvador	Amérique latine et Caraïbes	1
#53B400	2.217	2011	El Salvador	57	El Salvador	Amérique latine et Caraïbes	1
#53B400	1.5	2007	Sint Maarten (Dutch part)	176	Sint Maarten (Dutch part)	Amérique latine et Caraïbes	1
#53B400	1.7	2008	Sint Maarten (Dutch part)	176	Sint Maarten (Dutch part)	Amérique latine et Caraïbes	1
#53B400	1.7	2009	Sint Maarten (Dutch part)	176	Sint Maarten (Dutch part)	Amérique latine et Caraïbes	1
#00C094	7.467	1960	République arabe syrienne	156	République arabe syrienne	Moyen-Orient et Afrique du Nord	1
#00C094	7.497	1961	République arabe syrienne	156	République arabe syrienne	Moyen-Orient et Afrique du Nord	1
#00C094	7.522	1962	République arabe syrienne	156	République arabe syrienne	Moyen-Orient et Afrique du Nord	1
#00C094	7.541	1963	République arabe syrienne	156	République arabe syrienne	Moyen-Orient et Afrique du Nord	1
#00C094	7.555	1964	République arabe syrienne	156	République arabe syrienne	Moyen-Orient et Afrique du Nord	1
#00C094	7.564	1965	République arabe syrienne	156	République arabe syrienne	Moyen-Orient et Afrique du Nord	1
#00C094	7.569	1966	République arabe syrienne	156	République arabe syrienne	Moyen-Orient et Afrique du Nord	1
#00C094	7.572	1967	République arabe syrienne	156	République arabe syrienne	Moyen-Orient et Afrique du Nord	1
#00C094	7.574	1968	République arabe syrienne	156	République arabe syrienne	Moyen-Orient et Afrique du Nord	1
#00C094	7.574	1969	République arabe syrienne	156	République arabe syrienne	Moyen-Orient et Afrique du Nord	1
#00C094	7.572	1970	République arabe syrienne	156	République arabe syrienne	Moyen-Orient et Afrique du Nord	1
#00C094	7.566	1971	République arabe syrienne	156	République arabe syrienne	Moyen-Orient et Afrique du Nord	1
#00C094	7.556	1972	République arabe syrienne	156	République arabe syrienne	Moyen-Orient et Afrique du Nord	1
#00C094	7.537	1973	République arabe syrienne	156	République arabe syrienne	Moyen-Orient et Afrique du Nord	1
#00C094	7.51	1974	République arabe syrienne	156	République arabe syrienne	Moyen-Orient et Afrique du Nord	1
#00C094	7.472	1975	République arabe syrienne	156	République arabe syrienne	Moyen-Orient et Afrique du Nord	1
#00C094	7.422	1976	République arabe syrienne	156	République arabe syrienne	Moyen-Orient et Afrique du Nord	1
#00C094	7.359	1977	République arabe syrienne	156	République arabe syrienne	Moyen-Orient et Afrique du Nord	1
#00C094	7.285	1978	République arabe syrienne	156	République arabe syrienne	Moyen-Orient et Afrique du Nord	1
#00C094	7.197	1979	République arabe syrienne	156	République arabe syrienne	Moyen-Orient et Afrique du Nord	1
#00C094	7.094	1980	République arabe syrienne	156	République arabe syrienne	Moyen-Orient et Afrique du Nord	1
#00C094	6.976	1981	République arabe syrienne	156	République arabe syrienne	Moyen-Orient et Afrique du Nord	1
#00C094	6.843	1982	République arabe syrienne	156	République arabe syrienne	Moyen-Orient et Afrique du Nord	1
#00C094	6.695	1983	République arabe syrienne	156	République arabe syrienne	Moyen-Orient et Afrique du Nord	1
#00C094	6.534	1984	République arabe syrienne	156	République arabe syrienne	Moyen-Orient et Afrique du Nord	1
#00C094	6.36	1985	République arabe syrienne	156	République arabe syrienne	Moyen-Orient et Afrique du Nord	1
#00C094	6.172	1986	République arabe syrienne	156	République arabe syrienne	Moyen-Orient et Afrique du Nord	1
#00C094	5.973	1987	République arabe syrienne	156	République arabe syrienne	Moyen-Orient et Afrique du Nord	1
#00C094	5.764	1988	République arabe syrienne	156	République arabe syrienne	Moyen-Orient et Afrique du Nord	1
#00C094	5.55	1989	République arabe syrienne	156	République arabe syrienne	Moyen-Orient et Afrique du Nord	1
#00C094	5.335	1990	République arabe syrienne	156	République arabe syrienne	Moyen-Orient et Afrique du Nord	1
#00C094	5.121	1991	République arabe syrienne	156	République arabe syrienne	Moyen-Orient et Afrique du Nord	1
#00C094	4.913	1992	République arabe syrienne	156	République arabe syrienne	Moyen-Orient et Afrique du Nord	1
#00C094	4.711	1993	République arabe syrienne	156	République arabe syrienne	Moyen-Orient et Afrique du Nord	1
#00C094	4.52	1994	République arabe syrienne	156	République arabe syrienne	Moyen-Orient et Afrique du Nord	1
#00C094	4.342	1995	République arabe syrienne	156	République arabe syrienne	Moyen-Orient et Afrique du Nord	1
#00C094	4.176	1996	République arabe syrienne	156	République arabe syrienne	Moyen-Orient et Afrique du Nord	1
#00C094	4.023	1997	République arabe syrienne	156	République arabe syrienne	Moyen-Orient et Afrique du Nord	1
#00C094	3.881	1998	République arabe syrienne	156	République arabe syrienne	Moyen-Orient et Afrique du Nord	1
#00C094	3.75	1999	République arabe syrienne	156	République arabe syrienne	Moyen-Orient et Afrique du Nord	1
#00C094	3.633	2000	République arabe syrienne	156	République arabe syrienne	Moyen-Orient et Afrique du Nord	1
#00C094	3.529	2001	République arabe syrienne	156	République arabe syrienne	Moyen-Orient et Afrique du Nord	1
#00C094	3.438	2002	République arabe syrienne	156	République arabe syrienne	Moyen-Orient et Afrique du Nord	1
#00C094	3.36	2003	République arabe syrienne	156	République arabe syrienne	Moyen-Orient et Afrique du Nord	1
#00C094	3.292	2004	République arabe syrienne	156	République arabe syrienne	Moyen-Orient et Afrique du Nord	1
#00C094	3.23	2005	République arabe syrienne	156	République arabe syrienne	Moyen-Orient et Afrique du Nord	1
#00C094	3.173	2006	République arabe syrienne	156	République arabe syrienne	Moyen-Orient et Afrique du Nord	1
#00C094	3.116	2007	République arabe syrienne	156	République arabe syrienne	Moyen-Orient et Afrique du Nord	1
#00C094	3.058	2008	République arabe syrienne	156	République arabe syrienne	Moyen-Orient et Afrique du Nord	1
#00C094	2.997	2009	République arabe syrienne	156	République arabe syrienne	Moyen-Orient et Afrique du Nord	1
#00C094	2.934	2010	République arabe syrienne	156	République arabe syrienne	Moyen-Orient et Afrique du Nord	1
#00C094	2.87	2011	République arabe syrienne	156	République arabe syrienne	Moyen-Orient et Afrique du Nord	1
#FB61D7	6.717	1960	Eswatini	63	Eswatini	Afrique subsaharienne	1
#FB61D7	6.73	1961	Eswatini	63	Eswatini	Afrique subsaharienne	1
#FB61D7	6.745	1962	Eswatini	63	Eswatini	Afrique subsaharienne	1
#FB61D7	6.763	1963	Eswatini	63	Eswatini	Afrique subsaharienne	1
#FB61D7	6.782	1964	Eswatini	63	Eswatini	Afrique subsaharienne	1
#FB61D7	6.802	1965	Eswatini	63	Eswatini	Afrique subsaharienne	1
#FB61D7	6.822	1966	Eswatini	63	Eswatini	Afrique subsaharienne	1
#FB61D7	6.841	1967	Eswatini	63	Eswatini	Afrique subsaharienne	1
#FB61D7	6.857	1968	Eswatini	63	Eswatini	Afrique subsaharienne	1
#FB61D7	6.869	1969	Eswatini	63	Eswatini	Afrique subsaharienne	1
#FB61D7	6.875	1970	Eswatini	63	Eswatini	Afrique subsaharienne	1
#FB61D7	6.876	1971	Eswatini	63	Eswatini	Afrique subsaharienne	1
#FB61D7	6.87	1972	Eswatini	63	Eswatini	Afrique subsaharienne	1
#FB61D7	6.858	1973	Eswatini	63	Eswatini	Afrique subsaharienne	1
#FB61D7	6.84	1974	Eswatini	63	Eswatini	Afrique subsaharienne	1
#FB61D7	6.817	1975	Eswatini	63	Eswatini	Afrique subsaharienne	1
#FB61D7	6.79	1976	Eswatini	63	Eswatini	Afrique subsaharienne	1
#FB61D7	6.761	1977	Eswatini	63	Eswatini	Afrique subsaharienne	1
#FB61D7	6.729	1978	Eswatini	63	Eswatini	Afrique subsaharienne	1
#FB61D7	6.695	1979	Eswatini	63	Eswatini	Afrique subsaharienne	1
#FB61D7	6.658	1980	Eswatini	63	Eswatini	Afrique subsaharienne	1
#FB61D7	6.618	1981	Eswatini	63	Eswatini	Afrique subsaharienne	1
#FB61D7	6.573	1982	Eswatini	63	Eswatini	Afrique subsaharienne	1
#FB61D7	6.52	1983	Eswatini	63	Eswatini	Afrique subsaharienne	1
#FB61D7	6.459	1984	Eswatini	63	Eswatini	Afrique subsaharienne	1
#FB61D7	6.384	1985	Eswatini	63	Eswatini	Afrique subsaharienne	1
#FB61D7	6.291	1986	Eswatini	63	Eswatini	Afrique subsaharienne	1
#FB61D7	6.18	1987	Eswatini	63	Eswatini	Afrique subsaharienne	1
#FB61D7	6.051	1988	Eswatini	63	Eswatini	Afrique subsaharienne	1
#FB61D7	5.905	1989	Eswatini	63	Eswatini	Afrique subsaharienne	1
#FB61D7	5.744	1990	Eswatini	63	Eswatini	Afrique subsaharienne	1
#FB61D7	5.571	1991	Eswatini	63	Eswatini	Afrique subsaharienne	1
#FB61D7	5.392	1992	Eswatini	63	Eswatini	Afrique subsaharienne	1
#FB61D7	5.211	1993	Eswatini	63	Eswatini	Afrique subsaharienne	1
#FB61D7	5.035	1994	Eswatini	63	Eswatini	Afrique subsaharienne	1
#FB61D7	4.867	1995	Eswatini	63	Eswatini	Afrique subsaharienne	1
#FB61D7	4.712	1996	Eswatini	63	Eswatini	Afrique subsaharienne	1
#FB61D7	4.57	1997	Eswatini	63	Eswatini	Afrique subsaharienne	1
#FB61D7	4.441	1998	Eswatini	63	Eswatini	Afrique subsaharienne	1
#FB61D7	4.326	1999	Eswatini	63	Eswatini	Afrique subsaharienne	1
#FB61D7	4.222	2000	Eswatini	63	Eswatini	Afrique subsaharienne	1
#FB61D7	4.128	2001	Eswatini	63	Eswatini	Afrique subsaharienne	1
#FB61D7	4.04	2002	Eswatini	63	Eswatini	Afrique subsaharienne	1
#FB61D7	3.954	2003	Eswatini	63	Eswatini	Afrique subsaharienne	1
#FB61D7	3.87	2004	Eswatini	63	Eswatini	Afrique subsaharienne	1
#FB61D7	3.784	2005	Eswatini	63	Eswatini	Afrique subsaharienne	1
#FB61D7	3.698	2006	Eswatini	63	Eswatini	Afrique subsaharienne	1
#FB61D7	3.613	2007	Eswatini	63	Eswatini	Afrique subsaharienne	1
#FB61D7	3.528	2008	Eswatini	63	Eswatini	Afrique subsaharienne	1
#FB61D7	3.445	2009	Eswatini	63	Eswatini	Afrique subsaharienne	1
#FB61D7	3.364	2010	Eswatini	63	Eswatini	Afrique subsaharienne	1
#FB61D7	3.286	2011	Eswatini	63	Eswatini	Afrique subsaharienne	1
#FB61D7	6.25	1960	Tchad	187	Tchad	Afrique subsaharienne	1
#FB61D7	6.269	1961	Tchad	187	Tchad	Afrique subsaharienne	1
#FB61D7	6.287	1962	Tchad	187	Tchad	Afrique subsaharienne	1
#FB61D7	6.305	1963	Tchad	187	Tchad	Afrique subsaharienne	1
#FB61D7	6.323	1964	Tchad	187	Tchad	Afrique subsaharienne	1
#FB61D7	6.343	1965	Tchad	187	Tchad	Afrique subsaharienne	1
#FB61D7	6.366	1966	Tchad	187	Tchad	Afrique subsaharienne	1
#FB61D7	6.393	1967	Tchad	187	Tchad	Afrique subsaharienne	1
#FB61D7	6.424	1968	Tchad	187	Tchad	Afrique subsaharienne	1
#FB61D7	6.459	1969	Tchad	187	Tchad	Afrique subsaharienne	1
#FB61D7	6.498	1970	Tchad	187	Tchad	Afrique subsaharienne	1
#FB61D7	6.538	1971	Tchad	187	Tchad	Afrique subsaharienne	1
#FB61D7	6.578	1972	Tchad	187	Tchad	Afrique subsaharienne	1
#FB61D7	6.617	1973	Tchad	187	Tchad	Afrique subsaharienne	1
#FB61D7	6.652	1974	Tchad	187	Tchad	Afrique subsaharienne	1
#FB61D7	6.683	1975	Tchad	187	Tchad	Afrique subsaharienne	1
#FB61D7	6.708	1976	Tchad	187	Tchad	Afrique subsaharienne	1
#FB61D7	6.728	1977	Tchad	187	Tchad	Afrique subsaharienne	1
#FB61D7	6.743	1978	Tchad	187	Tchad	Afrique subsaharienne	1
#FB61D7	6.754	1979	Tchad	187	Tchad	Afrique subsaharienne	1
#FB61D7	6.759	1980	Tchad	187	Tchad	Afrique subsaharienne	1
#FB61D7	6.759	1981	Tchad	187	Tchad	Afrique subsaharienne	1
#FB61D7	6.756	1982	Tchad	187	Tchad	Afrique subsaharienne	1
#FB61D7	6.749	1983	Tchad	187	Tchad	Afrique subsaharienne	1
#FB61D7	6.74	1984	Tchad	187	Tchad	Afrique subsaharienne	1
#FB61D7	6.73	1985	Tchad	187	Tchad	Afrique subsaharienne	1
#FB61D7	6.718	1986	Tchad	187	Tchad	Afrique subsaharienne	1
#FB61D7	6.706	1987	Tchad	187	Tchad	Afrique subsaharienne	1
#FB61D7	6.694	1988	Tchad	187	Tchad	Afrique subsaharienne	1
#FB61D7	6.682	1989	Tchad	187	Tchad	Afrique subsaharienne	1
#FB61D7	6.671	1990	Tchad	187	Tchad	Afrique subsaharienne	1
#FB61D7	6.662	1991	Tchad	187	Tchad	Afrique subsaharienne	1
#FB61D7	6.654	1992	Tchad	187	Tchad	Afrique subsaharienne	1
#FB61D7	6.647	1993	Tchad	187	Tchad	Afrique subsaharienne	1
#FB61D7	6.641	1994	Tchad	187	Tchad	Afrique subsaharienne	1
#FB61D7	6.636	1995	Tchad	187	Tchad	Afrique subsaharienne	1
#FB61D7	6.632	1996	Tchad	187	Tchad	Afrique subsaharienne	1
#FB61D7	6.629	1997	Tchad	187	Tchad	Afrique subsaharienne	1
#FB61D7	6.624	1998	Tchad	187	Tchad	Afrique subsaharienne	1
#FB61D7	6.617	1999	Tchad	187	Tchad	Afrique subsaharienne	1
#FB61D7	6.605	2000	Tchad	187	Tchad	Afrique subsaharienne	1
#FB61D7	6.585	2001	Tchad	187	Tchad	Afrique subsaharienne	1
#FB61D7	6.555	2002	Tchad	187	Tchad	Afrique subsaharienne	1
#FB61D7	6.514	2003	Tchad	187	Tchad	Afrique subsaharienne	1
#FB61D7	6.463	2004	Tchad	187	Tchad	Afrique subsaharienne	1
#FB61D7	6.401	2005	Tchad	187	Tchad	Afrique subsaharienne	1
#FB61D7	6.329	2006	Tchad	187	Tchad	Afrique subsaharienne	1
#FB61D7	6.249	2007	Tchad	187	Tchad	Afrique subsaharienne	1
#FB61D7	6.163	2008	Tchad	187	Tchad	Afrique subsaharienne	1
#FB61D7	6.073	2009	Tchad	187	Tchad	Afrique subsaharienne	1
#FB61D7	5.981	2010	Tchad	187	Tchad	Afrique subsaharienne	1
#FB61D7	5.886	2011	Tchad	187	Tchad	Afrique subsaharienne	1
#FB61D7	6.521	1960	Togo	190	Togo	Afrique subsaharienne	1
#FB61D7	6.57	1961	Togo	190	Togo	Afrique subsaharienne	1
#FB61D7	6.622	1962	Togo	190	Togo	Afrique subsaharienne	1
#FB61D7	6.677	1963	Togo	190	Togo	Afrique subsaharienne	1
#FB61D7	6.734	1964	Togo	190	Togo	Afrique subsaharienne	1
#FB61D7	6.792	1965	Togo	190	Togo	Afrique subsaharienne	1
#FB61D7	6.851	1966	Togo	190	Togo	Afrique subsaharienne	1
#FB61D7	6.911	1967	Togo	190	Togo	Afrique subsaharienne	1
#FB61D7	6.971	1968	Togo	190	Togo	Afrique subsaharienne	1
#FB61D7	7.029	1969	Togo	190	Togo	Afrique subsaharienne	1
#FB61D7	7.084	1970	Togo	190	Togo	Afrique subsaharienne	1
#FB61D7	7.136	1971	Togo	190	Togo	Afrique subsaharienne	1
#FB61D7	7.182	1972	Togo	190	Togo	Afrique subsaharienne	1
#FB61D7	7.222	1973	Togo	190	Togo	Afrique subsaharienne	1
#FB61D7	7.254	1974	Togo	190	Togo	Afrique subsaharienne	1
#FB61D7	7.276	1975	Togo	190	Togo	Afrique subsaharienne	1
#FB61D7	7.286	1976	Togo	190	Togo	Afrique subsaharienne	1
#FB61D7	7.285	1977	Togo	190	Togo	Afrique subsaharienne	1
#FB61D7	7.273	1978	Togo	190	Togo	Afrique subsaharienne	1
#FB61D7	7.248	1979	Togo	190	Togo	Afrique subsaharienne	1
#FB61D7	7.21	1980	Togo	190	Togo	Afrique subsaharienne	1
#FB61D7	7.16	1981	Togo	190	Togo	Afrique subsaharienne	1
#FB61D7	7.097	1982	Togo	190	Togo	Afrique subsaharienne	1
#FB61D7	7.024	1983	Togo	190	Togo	Afrique subsaharienne	1
#FB61D7	6.941	1984	Togo	190	Togo	Afrique subsaharienne	1
#FB61D7	6.85	1985	Togo	190	Togo	Afrique subsaharienne	1
#FB61D7	6.75	1986	Togo	190	Togo	Afrique subsaharienne	1
#FB61D7	6.644	1987	Togo	190	Togo	Afrique subsaharienne	1
#FB61D7	6.533	1988	Togo	190	Togo	Afrique subsaharienne	1
#FB61D7	6.417	1989	Togo	190	Togo	Afrique subsaharienne	1
#FB61D7	6.299	1990	Togo	190	Togo	Afrique subsaharienne	1
#FB61D7	6.179	1991	Togo	190	Togo	Afrique subsaharienne	1
#FB61D7	6.056	1992	Togo	190	Togo	Afrique subsaharienne	1
#FB61D7	5.932	1993	Togo	190	Togo	Afrique subsaharienne	1
#FB61D7	5.809	1994	Togo	190	Togo	Afrique subsaharienne	1
#FB61D7	5.686	1995	Togo	190	Togo	Afrique subsaharienne	1
#FB61D7	5.565	1996	Togo	190	Togo	Afrique subsaharienne	1
#FB61D7	5.446	1997	Togo	190	Togo	Afrique subsaharienne	1
#FB61D7	5.329	1998	Togo	190	Togo	Afrique subsaharienne	1
#FB61D7	5.215	1999	Togo	190	Togo	Afrique subsaharienne	1
#FB61D7	5.102	2000	Togo	190	Togo	Afrique subsaharienne	1
#FB61D7	4.992	2001	Togo	190	Togo	Afrique subsaharienne	1
#FB61D7	4.882	2002	Togo	190	Togo	Afrique subsaharienne	1
#FB61D7	4.774	2003	Togo	190	Togo	Afrique subsaharienne	1
#FB61D7	4.666	2004	Togo	190	Togo	Afrique subsaharienne	1
#FB61D7	4.559	2005	Togo	190	Togo	Afrique subsaharienne	1
#FB61D7	4.455	2006	Togo	190	Togo	Afrique subsaharienne	1
#FB61D7	4.354	2007	Togo	190	Togo	Afrique subsaharienne	1
#FB61D7	4.256	2008	Togo	190	Togo	Afrique subsaharienne	1
#FB61D7	4.162	2009	Togo	190	Togo	Afrique subsaharienne	1
#FB61D7	4.072	2010	Togo	190	Togo	Afrique subsaharienne	1
#FB61D7	3.985	2011	Togo	190	Togo	Afrique subsaharienne	1
#F8766D	6.147	1960	Thaïlande	188	Thaïlande	Asie de l'Est et Pacifique	1
#F8766D	6.151	1961	Thaïlande	188	Thaïlande	Asie de l'Est et Pacifique	1
#F8766D	6.155	1962	Thaïlande	188	Thaïlande	Asie de l'Est et Pacifique	1
#F8766D	6.157	1963	Thaïlande	188	Thaïlande	Asie de l'Est et Pacifique	1
#F8766D	6.151	1964	Thaïlande	188	Thaïlande	Asie de l'Est et Pacifique	1
#F8766D	6.129	1965	Thaïlande	188	Thaïlande	Asie de l'Est et Pacifique	1
#F8766D	6.084	1966	Thaïlande	188	Thaïlande	Asie de l'Est et Pacifique	1
#F8766D	6.009	1967	Thaïlande	188	Thaïlande	Asie de l'Est et Pacifique	1
#F8766D	5.903	1968	Thaïlande	188	Thaïlande	Asie de l'Est et Pacifique	1
#F8766D	5.764	1969	Thaïlande	188	Thaïlande	Asie de l'Est et Pacifique	1
#F8766D	5.595	1970	Thaïlande	188	Thaïlande	Asie de l'Est et Pacifique	1
#F8766D	5.397	1971	Thaïlande	188	Thaïlande	Asie de l'Est et Pacifique	1
#F8766D	5.181	1972	Thaïlande	188	Thaïlande	Asie de l'Est et Pacifique	1
#F8766D	4.953	1973	Thaïlande	188	Thaïlande	Asie de l'Est et Pacifique	1
#F8766D	4.721	1974	Thaïlande	188	Thaïlande	Asie de l'Est et Pacifique	1
#F8766D	4.488	1975	Thaïlande	188	Thaïlande	Asie de l'Est et Pacifique	1
#F8766D	4.257	1976	Thaïlande	188	Thaïlande	Asie de l'Est et Pacifique	1
#F8766D	4.03	1977	Thaïlande	188	Thaïlande	Asie de l'Est et Pacifique	1
#F8766D	3.808	1978	Thaïlande	188	Thaïlande	Asie de l'Est et Pacifique	1
#F8766D	3.594	1979	Thaïlande	188	Thaïlande	Asie de l'Est et Pacifique	1
#F8766D	3.392	1980	Thaïlande	188	Thaïlande	Asie de l'Est et Pacifique	1
#F8766D	3.202	1981	Thaïlande	188	Thaïlande	Asie de l'Est et Pacifique	1
#F8766D	3.024	1982	Thaïlande	188	Thaïlande	Asie de l'Est et Pacifique	1
#F8766D	2.859	1983	Thaïlande	188	Thaïlande	Asie de l'Est et Pacifique	1
#F8766D	2.707	1984	Thaïlande	188	Thaïlande	Asie de l'Est et Pacifique	1
#F8766D	2.571	1985	Thaïlande	188	Thaïlande	Asie de l'Est et Pacifique	1
#F8766D	2.451	1986	Thaïlande	188	Thaïlande	Asie de l'Est et Pacifique	1
#F8766D	2.346	1987	Thaïlande	188	Thaïlande	Asie de l'Est et Pacifique	1
#F8766D	2.256	1988	Thaïlande	188	Thaïlande	Asie de l'Est et Pacifique	1
#F8766D	2.179	1989	Thaïlande	188	Thaïlande	Asie de l'Est et Pacifique	1
#F8766D	2.113	1990	Thaïlande	188	Thaïlande	Asie de l'Est et Pacifique	1
#F8766D	2.054	1991	Thaïlande	188	Thaïlande	Asie de l'Est et Pacifique	1
#F8766D	2.001	1992	Thaïlande	188	Thaïlande	Asie de l'Est et Pacifique	1
#F8766D	1.952	1993	Thaïlande	188	Thaïlande	Asie de l'Est et Pacifique	1
#F8766D	1.906	1994	Thaïlande	188	Thaïlande	Asie de l'Est et Pacifique	1
#F8766D	1.862	1995	Thaïlande	188	Thaïlande	Asie de l'Est et Pacifique	1
#F8766D	1.821	1996	Thaïlande	188	Thaïlande	Asie de l'Est et Pacifique	1
#F8766D	1.785	1997	Thaïlande	188	Thaïlande	Asie de l'Est et Pacifique	1
#F8766D	1.755	1998	Thaïlande	188	Thaïlande	Asie de l'Est et Pacifique	1
#F8766D	1.73	1999	Thaïlande	188	Thaïlande	Asie de l'Est et Pacifique	1
#F8766D	1.71	2000	Thaïlande	188	Thaïlande	Asie de l'Est et Pacifique	1
#F8766D	1.695	2001	Thaïlande	188	Thaïlande	Asie de l'Est et Pacifique	1
#F8766D	1.683	2002	Thaïlande	188	Thaïlande	Asie de l'Est et Pacifique	1
#F8766D	1.673	2003	Thaïlande	188	Thaïlande	Asie de l'Est et Pacifique	1
#F8766D	1.663	2004	Thaïlande	188	Thaïlande	Asie de l'Est et Pacifique	1
#F8766D	1.654	2005	Thaïlande	188	Thaïlande	Asie de l'Est et Pacifique	1
#F8766D	1.642	2006	Thaïlande	188	Thaïlande	Asie de l'Est et Pacifique	1
#F8766D	1.629	2007	Thaïlande	188	Thaïlande	Asie de l'Est et Pacifique	1
#F8766D	1.614	2008	Thaïlande	188	Thaïlande	Asie de l'Est et Pacifique	1
#F8766D	1.598	2009	Thaïlande	188	Thaïlande	Asie de l'Est et Pacifique	1
#F8766D	1.579	2010	Thaïlande	188	Thaïlande	Asie de l'Est et Pacifique	1
#F8766D	1.559	2011	Thaïlande	188	Thaïlande	Asie de l'Est et Pacifique	1
#C49A00	6.235	1960	Tadjikistan	185	Tadjikistan	Europe et Asie centrale	1
#C49A00	6.266	1961	Tadjikistan	185	Tadjikistan	Europe et Asie centrale	1
#C49A00	6.308	1962	Tadjikistan	185	Tadjikistan	Europe et Asie centrale	1
#C49A00	6.365	1963	Tadjikistan	185	Tadjikistan	Europe et Asie centrale	1
#C49A00	6.433	1964	Tadjikistan	185	Tadjikistan	Europe et Asie centrale	1
#C49A00	6.513	1965	Tadjikistan	185	Tadjikistan	Europe et Asie centrale	1
#C49A00	6.602	1966	Tadjikistan	185	Tadjikistan	Europe et Asie centrale	1
#C49A00	6.693	1967	Tadjikistan	185	Tadjikistan	Europe et Asie centrale	1
#C49A00	6.775	1968	Tadjikistan	185	Tadjikistan	Europe et Asie centrale	1
#C49A00	6.841	1969	Tadjikistan	185	Tadjikistan	Europe et Asie centrale	1
#C49A00	6.878	1970	Tadjikistan	185	Tadjikistan	Europe et Asie centrale	1
#C49A00	6.87	1971	Tadjikistan	185	Tadjikistan	Europe et Asie centrale	1
#C49A00	6.814	1972	Tadjikistan	185	Tadjikistan	Europe et Asie centrale	1
#C49A00	6.713	1973	Tadjikistan	185	Tadjikistan	Europe et Asie centrale	1
#C49A00	6.572	1974	Tadjikistan	185	Tadjikistan	Europe et Asie centrale	1
#C49A00	6.402	1975	Tadjikistan	185	Tadjikistan	Europe et Asie centrale	1
#C49A00	6.22	1976	Tadjikistan	185	Tadjikistan	Europe et Asie centrale	1
#C49A00	6.043	1977	Tadjikistan	185	Tadjikistan	Europe et Asie centrale	1
#C49A00	5.887	1978	Tadjikistan	185	Tadjikistan	Europe et Asie centrale	1
#C49A00	5.759	1979	Tadjikistan	185	Tadjikistan	Europe et Asie centrale	1
#C49A00	5.663	1980	Tadjikistan	185	Tadjikistan	Europe et Asie centrale	1
#C49A00	5.601	1981	Tadjikistan	185	Tadjikistan	Europe et Asie centrale	1
#C49A00	5.561	1982	Tadjikistan	185	Tadjikistan	Europe et Asie centrale	1
#C49A00	5.533	1983	Tadjikistan	185	Tadjikistan	Europe et Asie centrale	1
#C49A00	5.51	1984	Tadjikistan	185	Tadjikistan	Europe et Asie centrale	1
#C49A00	5.486	1985	Tadjikistan	185	Tadjikistan	Europe et Asie centrale	1
#C49A00	5.453	1986	Tadjikistan	185	Tadjikistan	Europe et Asie centrale	1
#C49A00	5.408	1987	Tadjikistan	185	Tadjikistan	Europe et Asie centrale	1
#C49A00	5.347	1988	Tadjikistan	185	Tadjikistan	Europe et Asie centrale	1
#C49A00	5.27	1989	Tadjikistan	185	Tadjikistan	Europe et Asie centrale	1
#C49A00	5.175	1990	Tadjikistan	185	Tadjikistan	Europe et Asie centrale	1
#C49A00	5.066	1991	Tadjikistan	185	Tadjikistan	Europe et Asie centrale	1
#C49A00	4.947	1992	Tadjikistan	185	Tadjikistan	Europe et Asie centrale	1
#C49A00	4.825	1993	Tadjikistan	185	Tadjikistan	Europe et Asie centrale	1
#C49A00	4.702	1994	Tadjikistan	185	Tadjikistan	Europe et Asie centrale	1
#C49A00	4.581	1995	Tadjikistan	185	Tadjikistan	Europe et Asie centrale	1
#C49A00	4.463	1996	Tadjikistan	185	Tadjikistan	Europe et Asie centrale	1
#C49A00	4.348	1997	Tadjikistan	185	Tadjikistan	Europe et Asie centrale	1
#C49A00	4.237	1998	Tadjikistan	185	Tadjikistan	Europe et Asie centrale	1
#C49A00	4.13	1999	Tadjikistan	185	Tadjikistan	Europe et Asie centrale	1
#C49A00	4.03	2000	Tadjikistan	185	Tadjikistan	Europe et Asie centrale	1
#C49A00	3.935	2001	Tadjikistan	185	Tadjikistan	Europe et Asie centrale	1
#C49A00	3.847	2002	Tadjikistan	185	Tadjikistan	Europe et Asie centrale	1
#C49A00	3.763	2003	Tadjikistan	185	Tadjikistan	Europe et Asie centrale	1
#C49A00	3.685	2004	Tadjikistan	185	Tadjikistan	Europe et Asie centrale	1
#C49A00	3.612	2005	Tadjikistan	185	Tadjikistan	Europe et Asie centrale	1
#C49A00	3.543	2006	Tadjikistan	185	Tadjikistan	Europe et Asie centrale	1
#C49A00	3.477	2007	Tadjikistan	185	Tadjikistan	Europe et Asie centrale	1
#C49A00	3.415	2008	Tadjikistan	185	Tadjikistan	Europe et Asie centrale	1
#C49A00	3.355	2009	Tadjikistan	185	Tadjikistan	Europe et Asie centrale	1
#C49A00	3.297	2010	Tadjikistan	185	Tadjikistan	Europe et Asie centrale	1
#C49A00	3.24	2011	Tadjikistan	185	Tadjikistan	Europe et Asie centrale	1
#F8766D	6.373	1960	Timor-Leste	189	Timor-Leste	Asie de l'Est et Pacifique	1
#F8766D	6.376	1961	Timor-Leste	189	Timor-Leste	Asie de l'Est et Pacifique	1
#F8766D	6.375	1962	Timor-Leste	189	Timor-Leste	Asie de l'Est et Pacifique	1
#F8766D	6.367	1963	Timor-Leste	189	Timor-Leste	Asie de l'Est et Pacifique	1
#F8766D	6.347	1964	Timor-Leste	189	Timor-Leste	Asie de l'Est et Pacifique	1
#F8766D	6.314	1965	Timor-Leste	189	Timor-Leste	Asie de l'Est et Pacifique	1
#F8766D	6.268	1966	Timor-Leste	189	Timor-Leste	Asie de l'Est et Pacifique	1
#F8766D	6.207	1967	Timor-Leste	189	Timor-Leste	Asie de l'Est et Pacifique	1
#F8766D	6.132	1968	Timor-Leste	189	Timor-Leste	Asie de l'Est et Pacifique	1
#F8766D	6.039	1969	Timor-Leste	189	Timor-Leste	Asie de l'Est et Pacifique	1
#F8766D	5.917	1970	Timor-Leste	189	Timor-Leste	Asie de l'Est et Pacifique	1
#F8766D	5.751	1971	Timor-Leste	189	Timor-Leste	Asie de l'Est et Pacifique	1
#F8766D	5.541	1972	Timor-Leste	189	Timor-Leste	Asie de l'Est et Pacifique	1
#F8766D	5.298	1973	Timor-Leste	189	Timor-Leste	Asie de l'Est et Pacifique	1
#F8766D	5.037	1974	Timor-Leste	189	Timor-Leste	Asie de l'Est et Pacifique	1
#F8766D	4.794	1975	Timor-Leste	189	Timor-Leste	Asie de l'Est et Pacifique	1
#F8766D	4.611	1976	Timor-Leste	189	Timor-Leste	Asie de l'Est et Pacifique	1
#F8766D	4.514	1977	Timor-Leste	189	Timor-Leste	Asie de l'Est et Pacifique	1
#F8766D	4.513	1978	Timor-Leste	189	Timor-Leste	Asie de l'Est et Pacifique	1
#F8766D	4.606	1979	Timor-Leste	189	Timor-Leste	Asie de l'Est et Pacifique	1
#F8766D	4.767	1980	Timor-Leste	189	Timor-Leste	Asie de l'Est et Pacifique	1
#F8766D	4.956	1981	Timor-Leste	189	Timor-Leste	Asie de l'Est et Pacifique	1
#F8766D	5.13	1982	Timor-Leste	189	Timor-Leste	Asie de l'Est et Pacifique	1
#F8766D	5.256	1983	Timor-Leste	189	Timor-Leste	Asie de l'Est et Pacifique	1
#F8766D	5.324	1984	Timor-Leste	189	Timor-Leste	Asie de l'Est et Pacifique	1
#F8766D	5.336	1985	Timor-Leste	189	Timor-Leste	Asie de l'Est et Pacifique	1
#F8766D	5.308	1986	Timor-Leste	189	Timor-Leste	Asie de l'Est et Pacifique	1
#F8766D	5.271	1987	Timor-Leste	189	Timor-Leste	Asie de l'Est et Pacifique	1
#F8766D	5.256	1988	Timor-Leste	189	Timor-Leste	Asie de l'Est et Pacifique	1
#F8766D	5.273	1989	Timor-Leste	189	Timor-Leste	Asie de l'Est et Pacifique	1
#F8766D	5.34	1990	Timor-Leste	189	Timor-Leste	Asie de l'Est et Pacifique	1
#F8766D	5.469	1991	Timor-Leste	189	Timor-Leste	Asie de l'Est et Pacifique	1
#F8766D	5.651	1992	Timor-Leste	189	Timor-Leste	Asie de l'Est et Pacifique	1
#F8766D	5.874	1993	Timor-Leste	189	Timor-Leste	Asie de l'Est et Pacifique	1
#F8766D	6.125	1994	Timor-Leste	189	Timor-Leste	Asie de l'Est et Pacifique	1
#F8766D	6.384	1995	Timor-Leste	189	Timor-Leste	Asie de l'Est et Pacifique	1
#F8766D	6.627	1996	Timor-Leste	189	Timor-Leste	Asie de l'Est et Pacifique	1
#F8766D	6.832	1997	Timor-Leste	189	Timor-Leste	Asie de l'Est et Pacifique	1
#F8766D	6.986	1998	Timor-Leste	189	Timor-Leste	Asie de l'Est et Pacifique	1
#F8766D	7.079	1999	Timor-Leste	189	Timor-Leste	Asie de l'Est et Pacifique	1
#F8766D	7.112	2000	Timor-Leste	189	Timor-Leste	Asie de l'Est et Pacifique	1
#F8766D	7.092	2001	Timor-Leste	189	Timor-Leste	Asie de l'Est et Pacifique	1
#F8766D	7.037	2002	Timor-Leste	189	Timor-Leste	Asie de l'Est et Pacifique	1
#F8766D	6.964	2003	Timor-Leste	189	Timor-Leste	Asie de l'Est et Pacifique	1
#F8766D	6.648	2004	Timor-Leste	189	Timor-Leste	Asie de l'Est et Pacifique	1
#F8766D	6.332	2005	Timor-Leste	189	Timor-Leste	Asie de l'Est et Pacifique	1
#F8766D	6.016	2006	Timor-Leste	189	Timor-Leste	Asie de l'Est et Pacifique	1
#F8766D	5.7	2007	Timor-Leste	189	Timor-Leste	Asie de l'Est et Pacifique	1
#F8766D	5.7	2008	Timor-Leste	189	Timor-Leste	Asie de l'Est et Pacifique	1
#F8766D	5.7	2009	Timor-Leste	189	Timor-Leste	Asie de l'Est et Pacifique	1
#F8766D	5.578	2010	Timor-Leste	189	Timor-Leste	Asie de l'Est et Pacifique	1
#F8766D	5.453	2011	Timor-Leste	189	Timor-Leste	Asie de l'Est et Pacifique	1
#C49A00	6.415	1960	Turkménistan	194	Turkménistan	Europe et Asie centrale	1
#C49A00	6.537	1961	Turkménistan	194	Turkménistan	Europe et Asie centrale	1
#C49A00	6.626	1962	Turkménistan	194	Turkménistan	Europe et Asie centrale	1
#C49A00	6.668	1963	Turkménistan	194	Turkménistan	Europe et Asie centrale	1
#C49A00	6.663	1964	Turkménistan	194	Turkménistan	Europe et Asie centrale	1
#C49A00	6.616	1965	Turkménistan	194	Turkménistan	Europe et Asie centrale	1
#C49A00	6.545	1966	Turkménistan	194	Turkménistan	Europe et Asie centrale	1
#C49A00	6.469	1967	Turkménistan	194	Turkménistan	Europe et Asie centrale	1
#C49A00	6.403	1968	Turkménistan	194	Turkménistan	Europe et Asie centrale	1
#C49A00	6.35	1969	Turkménistan	194	Turkménistan	Europe et Asie centrale	1
#C49A00	6.302	1970	Turkménistan	194	Turkménistan	Europe et Asie centrale	1
#C49A00	6.249	1971	Turkménistan	194	Turkménistan	Europe et Asie centrale	1
#C49A00	6.175	1972	Turkménistan	194	Turkménistan	Europe et Asie centrale	1
#C49A00	6.071	1973	Turkménistan	194	Turkménistan	Europe et Asie centrale	1
#C49A00	5.939	1974	Turkménistan	194	Turkménistan	Europe et Asie centrale	1
#C49A00	5.783	1975	Turkménistan	194	Turkménistan	Europe et Asie centrale	1
#C49A00	5.612	1976	Turkménistan	194	Turkménistan	Europe et Asie centrale	1
#C49A00	5.441	1977	Turkménistan	194	Turkménistan	Europe et Asie centrale	1
#C49A00	5.279	1978	Turkménistan	194	Turkménistan	Europe et Asie centrale	1
#C49A00	5.135	1979	Turkménistan	194	Turkménistan	Europe et Asie centrale	1
#C49A00	5.012	1980	Turkménistan	194	Turkménistan	Europe et Asie centrale	1
#C49A00	4.915	1981	Turkménistan	194	Turkménistan	Europe et Asie centrale	1
#C49A00	4.836	1982	Turkménistan	194	Turkménistan	Europe et Asie centrale	1
#C49A00	4.772	1983	Turkménistan	194	Turkménistan	Europe et Asie centrale	1
#C49A00	4.718	1984	Turkménistan	194	Turkménistan	Europe et Asie centrale	1
#C49A00	4.669	1985	Turkménistan	194	Turkménistan	Europe et Asie centrale	1
#C49A00	4.623	1986	Turkménistan	194	Turkménistan	Europe et Asie centrale	1
#C49A00	4.572	1987	Turkménistan	194	Turkménistan	Europe et Asie centrale	1
#C49A00	4.513	1988	Turkménistan	194	Turkménistan	Europe et Asie centrale	1
#C49A00	4.44	1989	Turkménistan	194	Turkménistan	Europe et Asie centrale	1
#C49A00	4.345	1990	Turkménistan	194	Turkménistan	Europe et Asie centrale	1
#C49A00	4.222	1991	Turkménistan	194	Turkménistan	Europe et Asie centrale	1
#C49A00	4.071	1992	Turkménistan	194	Turkménistan	Europe et Asie centrale	1
#C49A00	3.898	1993	Turkménistan	194	Turkménistan	Europe et Asie centrale	1
#C49A00	3.707	1994	Turkménistan	194	Turkménistan	Europe et Asie centrale	1
#C49A00	3.512	1995	Turkménistan	194	Turkménistan	Europe et Asie centrale	1
#C49A00	3.325	1996	Turkménistan	194	Turkménistan	Europe et Asie centrale	1
#C49A00	3.159	1997	Turkménistan	194	Turkménistan	Europe et Asie centrale	1
#C49A00	3.021	1998	Turkménistan	194	Turkménistan	Europe et Asie centrale	1
#C49A00	2.914	1999	Turkménistan	194	Turkménistan	Europe et Asie centrale	1
#C49A00	2.837	2000	Turkménistan	194	Turkménistan	Europe et Asie centrale	1
#C49A00	2.783	2001	Turkménistan	194	Turkménistan	Europe et Asie centrale	1
#C49A00	2.741	2002	Turkménistan	194	Turkménistan	Europe et Asie centrale	1
#C49A00	2.702	2003	Turkménistan	194	Turkménistan	Europe et Asie centrale	1
#C49A00	2.662	2004	Turkménistan	194	Turkménistan	Europe et Asie centrale	1
#C49A00	2.617	2005	Turkménistan	194	Turkménistan	Europe et Asie centrale	1
#C49A00	2.57	2006	Turkménistan	194	Turkménistan	Europe et Asie centrale	1
#C49A00	2.523	2007	Turkménistan	194	Turkménistan	Europe et Asie centrale	1
#C49A00	2.479	2008	Turkménistan	194	Turkménistan	Europe et Asie centrale	1
#C49A00	2.437	2009	Turkménistan	194	Turkménistan	Europe et Asie centrale	1
#C49A00	2.399	2010	Turkménistan	194	Turkménistan	Europe et Asie centrale	1
#C49A00	2.363	2011	Turkménistan	194	Turkménistan	Europe et Asie centrale	1
#00C094	7.182	1960	Tunisie	193	Tunisie	Moyen-Orient et Afrique du Nord	1
#00C094	7.215	1961	Tunisie	193	Tunisie	Moyen-Orient et Afrique du Nord	1
#00C094	7.231	1962	Tunisie	193	Tunisie	Moyen-Orient et Afrique du Nord	1
#00C094	7.225	1963	Tunisie	193	Tunisie	Moyen-Orient et Afrique du Nord	1
#00C094	7.194	1964	Tunisie	193	Tunisie	Moyen-Orient et Afrique du Nord	1
#00C094	7.137	1965	Tunisie	193	Tunisie	Moyen-Orient et Afrique du Nord	1
#00C094	7.054	1966	Tunisie	193	Tunisie	Moyen-Orient et Afrique du Nord	1
#00C094	6.95	1967	Tunisie	193	Tunisie	Moyen-Orient et Afrique du Nord	1
#00C094	6.83	1968	Tunisie	193	Tunisie	Moyen-Orient et Afrique du Nord	1
#00C094	6.7	1969	Tunisie	193	Tunisie	Moyen-Orient et Afrique du Nord	1
#00C094	6.565	1970	Tunisie	193	Tunisie	Moyen-Orient et Afrique du Nord	1
#00C094	6.432	1971	Tunisie	193	Tunisie	Moyen-Orient et Afrique du Nord	1
#00C094	6.304	1972	Tunisie	193	Tunisie	Moyen-Orient et Afrique du Nord	1
#00C094	6.182	1973	Tunisie	193	Tunisie	Moyen-Orient et Afrique du Nord	1
#00C094	6.068	1974	Tunisie	193	Tunisie	Moyen-Orient et Afrique du Nord	1
#00C094	5.958	1975	Tunisie	193	Tunisie	Moyen-Orient et Afrique du Nord	1
#00C094	5.848	1976	Tunisie	193	Tunisie	Moyen-Orient et Afrique du Nord	1
#00C094	5.732	1977	Tunisie	193	Tunisie	Moyen-Orient et Afrique du Nord	1
#00C094	5.607	1978	Tunisie	193	Tunisie	Moyen-Orient et Afrique du Nord	1
#00C094	5.471	1979	Tunisie	193	Tunisie	Moyen-Orient et Afrique du Nord	1
#00C094	5.325	1980	Tunisie	193	Tunisie	Moyen-Orient et Afrique du Nord	1
#00C094	5.173	1981	Tunisie	193	Tunisie	Moyen-Orient et Afrique du Nord	1
#00C094	5.018	1982	Tunisie	193	Tunisie	Moyen-Orient et Afrique du Nord	1
#00C094	4.863	1983	Tunisie	193	Tunisie	Moyen-Orient et Afrique du Nord	1
#00C094	4.707	1984	Tunisie	193	Tunisie	Moyen-Orient et Afrique du Nord	1
#00C094	4.549	1985	Tunisie	193	Tunisie	Moyen-Orient et Afrique du Nord	1
#00C094	4.384	1986	Tunisie	193	Tunisie	Moyen-Orient et Afrique du Nord	1
#00C094	4.211	1987	Tunisie	193	Tunisie	Moyen-Orient et Afrique du Nord	1
#00C094	4.026	1988	Tunisie	193	Tunisie	Moyen-Orient et Afrique du Nord	1
#00C094	3.833	1989	Tunisie	193	Tunisie	Moyen-Orient et Afrique du Nord	1
#00C094	3.633	1990	Tunisie	193	Tunisie	Moyen-Orient et Afrique du Nord	1
#00C094	3.428	1991	Tunisie	193	Tunisie	Moyen-Orient et Afrique du Nord	1
#00C094	3.223	1992	Tunisie	193	Tunisie	Moyen-Orient et Afrique du Nord	1
#00C094	3.025	1993	Tunisie	193	Tunisie	Moyen-Orient et Afrique du Nord	1
#00C094	2.9	1994	Tunisie	193	Tunisie	Moyen-Orient et Afrique du Nord	1
#00C094	2.67	1995	Tunisie	193	Tunisie	Moyen-Orient et Afrique du Nord	1
#00C094	2.51	1996	Tunisie	193	Tunisie	Moyen-Orient et Afrique du Nord	1
#00C094	2.38	1997	Tunisie	193	Tunisie	Moyen-Orient et Afrique du Nord	1
#00C094	2.23	1998	Tunisie	193	Tunisie	Moyen-Orient et Afrique du Nord	1
#00C094	2.09	1999	Tunisie	193	Tunisie	Moyen-Orient et Afrique du Nord	1
#00C094	2.08	2000	Tunisie	193	Tunisie	Moyen-Orient et Afrique du Nord	1
#00C094	2.05	2001	Tunisie	193	Tunisie	Moyen-Orient et Afrique du Nord	1
#00C094	2	2002	Tunisie	193	Tunisie	Moyen-Orient et Afrique du Nord	1
#00C094	2.06	2003	Tunisie	193	Tunisie	Moyen-Orient et Afrique du Nord	1
#00C094	2.02	2004	Tunisie	193	Tunisie	Moyen-Orient et Afrique du Nord	1
#00C094	2.04	2005	Tunisie	193	Tunisie	Moyen-Orient et Afrique du Nord	1
#00C094	2.03	2006	Tunisie	193	Tunisie	Moyen-Orient et Afrique du Nord	1
#00C094	2.04	2007	Tunisie	193	Tunisie	Moyen-Orient et Afrique du Nord	1
#00C094	2.06	2008	Tunisie	193	Tunisie	Moyen-Orient et Afrique du Nord	1
#00C094	2.05	2009	Tunisie	193	Tunisie	Moyen-Orient et Afrique du Nord	1
#00C094	2.13	2010	Tunisie	193	Tunisie	Moyen-Orient et Afrique du Nord	1
#00C094	2.13	2011	Tunisie	193	Tunisie	Moyen-Orient et Afrique du Nord	1
#F8766D	7.363	1960	Tonga	191	Tonga	Asie de l'Est et Pacifique	1
#F8766D	7.346	1961	Tonga	191	Tonga	Asie de l'Est et Pacifique	1
#F8766D	7.302	1962	Tonga	191	Tonga	Asie de l'Est et Pacifique	1
#F8766D	7.226	1963	Tonga	191	Tonga	Asie de l'Est et Pacifique	1
#F8766D	7.117	1964	Tonga	191	Tonga	Asie de l'Est et Pacifique	1
#F8766D	6.973	1965	Tonga	191	Tonga	Asie de l'Est et Pacifique	1
#F8766D	6.795	1966	Tonga	191	Tonga	Asie de l'Est et Pacifique	1
#F8766D	6.59	1967	Tonga	191	Tonga	Asie de l'Est et Pacifique	1
#F8766D	6.371	1968	Tonga	191	Tonga	Asie de l'Est et Pacifique	1
#F8766D	6.15	1969	Tonga	191	Tonga	Asie de l'Est et Pacifique	1
#F8766D	5.941	1970	Tonga	191	Tonga	Asie de l'Est et Pacifique	1
#F8766D	5.761	1971	Tonga	191	Tonga	Asie de l'Est et Pacifique	1
#F8766D	5.616	1972	Tonga	191	Tonga	Asie de l'Est et Pacifique	1
#F8766D	5.512	1973	Tonga	191	Tonga	Asie de l'Est et Pacifique	1
#F8766D	5.449	1974	Tonga	191	Tonga	Asie de l'Est et Pacifique	1
#F8766D	5.426	1975	Tonga	191	Tonga	Asie de l'Est et Pacifique	1
#F8766D	5.438	1976	Tonga	191	Tonga	Asie de l'Est et Pacifique	1
#F8766D	5.471	1977	Tonga	191	Tonga	Asie de l'Est et Pacifique	1
#F8766D	5.509	1978	Tonga	191	Tonga	Asie de l'Est et Pacifique	1
#F8766D	5.541	1979	Tonga	191	Tonga	Asie de l'Est et Pacifique	1
#F8766D	5.553	1980	Tonga	191	Tonga	Asie de l'Est et Pacifique	1
#F8766D	5.532	1981	Tonga	191	Tonga	Asie de l'Est et Pacifique	1
#F8766D	5.475	1982	Tonga	191	Tonga	Asie de l'Est et Pacifique	1
#F8766D	5.385	1983	Tonga	191	Tonga	Asie de l'Est et Pacifique	1
#F8766D	5.266	1984	Tonga	191	Tonga	Asie de l'Est et Pacifique	1
#F8766D	5.128	1985	Tonga	191	Tonga	Asie de l'Est et Pacifique	1
#F8766D	4.989	1986	Tonga	191	Tonga	Asie de l'Est et Pacifique	1
#F8766D	4.864	1987	Tonga	191	Tonga	Asie de l'Est et Pacifique	1
#F8766D	4.763	1988	Tonga	191	Tonga	Asie de l'Est et Pacifique	1
#F8766D	4.691	1989	Tonga	191	Tonga	Asie de l'Est et Pacifique	1
#F8766D	4.644	1990	Tonga	191	Tonga	Asie de l'Est et Pacifique	1
#F8766D	4.612	1991	Tonga	191	Tonga	Asie de l'Est et Pacifique	1
#F8766D	4.583	1992	Tonga	191	Tonga	Asie de l'Est et Pacifique	1
#F8766D	4.547	1993	Tonga	191	Tonga	Asie de l'Est et Pacifique	1
#F8766D	4.501	1994	Tonga	191	Tonga	Asie de l'Est et Pacifique	1
#F8766D	4.447	1995	Tonga	191	Tonga	Asie de l'Est et Pacifique	1
#F8766D	4.391	1996	Tonga	191	Tonga	Asie de l'Est et Pacifique	1
#F8766D	4.34	1997	Tonga	191	Tonga	Asie de l'Est et Pacifique	1
#F8766D	4.3	1998	Tonga	191	Tonga	Asie de l'Est et Pacifique	1
#F8766D	4.27	1999	Tonga	191	Tonga	Asie de l'Est et Pacifique	1
#F8766D	4.25	2000	Tonga	191	Tonga	Asie de l'Est et Pacifique	1
#F8766D	4.236	2001	Tonga	191	Tonga	Asie de l'Est et Pacifique	1
#F8766D	4.221	2002	Tonga	191	Tonga	Asie de l'Est et Pacifique	1
#F8766D	4.202	2003	Tonga	191	Tonga	Asie de l'Est et Pacifique	1
#F8766D	4.177	2004	Tonga	191	Tonga	Asie de l'Est et Pacifique	1
#F8766D	4.144	2005	Tonga	191	Tonga	Asie de l'Est et Pacifique	1
#F8766D	4.104	2006	Tonga	191	Tonga	Asie de l'Est et Pacifique	1
#F8766D	4.059	2007	Tonga	191	Tonga	Asie de l'Est et Pacifique	1
#F8766D	4.011	2008	Tonga	191	Tonga	Asie de l'Est et Pacifique	1
#F8766D	3.962	2009	Tonga	191	Tonga	Asie de l'Est et Pacifique	1
#F8766D	3.911	2010	Tonga	191	Tonga	Asie de l'Est et Pacifique	1
#F8766D	3.861	2011	Tonga	191	Tonga	Asie de l'Est et Pacifique	1
#C49A00	6.116	1960	Turquie	195	Turquie	Europe et Asie centrale	1
#C49A00	6.091	1961	Turquie	195	Turquie	Europe et Asie centrale	1
#C49A00	6.058	1962	Turquie	195	Turquie	Europe et Asie centrale	1
#C49A00	6.015	1963	Turquie	195	Turquie	Europe et Asie centrale	1
#C49A00	5.961	1964	Turquie	195	Turquie	Europe et Asie centrale	1
#C49A00	5.898	1965	Turquie	195	Turquie	Europe et Asie centrale	1
#C49A00	5.828	1966	Turquie	195	Turquie	Europe et Asie centrale	1
#C49A00	5.754	1967	Turquie	195	Turquie	Europe et Asie centrale	1
#C49A00	5.678	1968	Turquie	195	Turquie	Europe et Asie centrale	1
#C49A00	5.6	1969	Turquie	195	Turquie	Europe et Asie centrale	1
#C49A00	5.519	1970	Turquie	195	Turquie	Europe et Asie centrale	1
#C49A00	5.433	1971	Turquie	195	Turquie	Europe et Asie centrale	1
#C49A00	5.341	1972	Turquie	195	Turquie	Europe et Asie centrale	1
#C49A00	5.241	1973	Turquie	195	Turquie	Europe et Asie centrale	1
#C49A00	5.134	1974	Turquie	195	Turquie	Europe et Asie centrale	1
#C49A00	5.021	1975	Turquie	195	Turquie	Europe et Asie centrale	1
#C49A00	4.907	1976	Turquie	195	Turquie	Europe et Asie centrale	1
#C49A00	4.793	1977	Turquie	195	Turquie	Europe et Asie centrale	1
#C49A00	4.681	1978	Turquie	195	Turquie	Europe et Asie centrale	1
#C49A00	4.569	1979	Turquie	195	Turquie	Europe et Asie centrale	1
#C49A00	4.454	1980	Turquie	195	Turquie	Europe et Asie centrale	1
#C49A00	4.328	1981	Turquie	195	Turquie	Europe et Asie centrale	1
#C49A00	4.188	1982	Turquie	195	Turquie	Europe et Asie centrale	1
#C49A00	4.033	1983	Turquie	195	Turquie	Europe et Asie centrale	1
#C49A00	3.868	1984	Turquie	195	Turquie	Europe et Asie centrale	1
#C49A00	3.698	1985	Turquie	195	Turquie	Europe et Asie centrale	1
#C49A00	3.533	1986	Turquie	195	Turquie	Europe et Asie centrale	1
#C49A00	3.381	1987	Turquie	195	Turquie	Europe et Asie centrale	1
#C49A00	3.249	1988	Turquie	195	Turquie	Europe et Asie centrale	1
#C49A00	3.139	1989	Turquie	195	Turquie	Europe et Asie centrale	1
#C49A00	3.049	1990	Turquie	195	Turquie	Europe et Asie centrale	1
#C49A00	2.977	1991	Turquie	195	Turquie	Europe et Asie centrale	1
#C49A00	2.915	1992	Turquie	195	Turquie	Europe et Asie centrale	1
#C49A00	2.856	1993	Turquie	195	Turquie	Europe et Asie centrale	1
#C49A00	2.797	1994	Turquie	195	Turquie	Europe et Asie centrale	1
#C49A00	2.734	1995	Turquie	195	Turquie	Europe et Asie centrale	1
#C49A00	2.667	1996	Turquie	195	Turquie	Europe et Asie centrale	1
#C49A00	2.596	1997	Turquie	195	Turquie	Europe et Asie centrale	1
#C49A00	2.524	1998	Turquie	195	Turquie	Europe et Asie centrale	1
#C49A00	2.452	1999	Turquie	195	Turquie	Europe et Asie centrale	1
#C49A00	2.383	2000	Turquie	195	Turquie	Europe et Asie centrale	1
#C49A00	2.321	2001	Turquie	195	Turquie	Europe et Asie centrale	1
#C49A00	2.268	2002	Turquie	195	Turquie	Europe et Asie centrale	1
#C49A00	2.227	2003	Turquie	195	Turquie	Europe et Asie centrale	1
#C49A00	2.196	2004	Turquie	195	Turquie	Europe et Asie centrale	1
#C49A00	2.175	2005	Turquie	195	Turquie	Europe et Asie centrale	1
#C49A00	2.159	2006	Turquie	195	Turquie	Europe et Asie centrale	1
#C49A00	2.145	2007	Turquie	195	Turquie	Europe et Asie centrale	1
#C49A00	2.129	2008	Turquie	195	Turquie	Europe et Asie centrale	1
#C49A00	2.111	2009	Turquie	195	Turquie	Europe et Asie centrale	1
#C49A00	2.088	2010	Turquie	195	Turquie	Europe et Asie centrale	1
#C49A00	2.063	2011	Turquie	195	Turquie	Europe et Asie centrale	1
#53B400	5.237	1960	Trinité-et-Tobago	192	Trinité-et-Tobago	Amérique latine et Caraïbes	1
#53B400	5.141	1961	Trinité-et-Tobago	192	Trinité-et-Tobago	Amérique latine et Caraïbes	1
#53B400	5.005	1962	Trinité-et-Tobago	192	Trinité-et-Tobago	Amérique latine et Caraïbes	1
#53B400	4.829	1963	Trinité-et-Tobago	192	Trinité-et-Tobago	Amérique latine et Caraïbes	1
#53B400	4.62	1964	Trinité-et-Tobago	192	Trinité-et-Tobago	Amérique latine et Caraïbes	1
#53B400	4.392	1965	Trinité-et-Tobago	192	Trinité-et-Tobago	Amérique latine et Caraïbes	1
#53B400	4.164	1966	Trinité-et-Tobago	192	Trinité-et-Tobago	Amérique latine et Caraïbes	1
#53B400	3.953	1967	Trinité-et-Tobago	192	Trinité-et-Tobago	Amérique latine et Caraïbes	1
#53B400	3.774	1968	Trinité-et-Tobago	192	Trinité-et-Tobago	Amérique latine et Caraïbes	1
#53B400	3.633	1969	Trinité-et-Tobago	192	Trinité-et-Tobago	Amérique latine et Caraïbes	1
#53B400	3.535	1970	Trinité-et-Tobago	192	Trinité-et-Tobago	Amérique latine et Caraïbes	1
#53B400	3.476	1971	Trinité-et-Tobago	192	Trinité-et-Tobago	Amérique latine et Caraïbes	1
#53B400	3.444	1972	Trinité-et-Tobago	192	Trinité-et-Tobago	Amérique latine et Caraïbes	1
#53B400	3.426	1973	Trinité-et-Tobago	192	Trinité-et-Tobago	Amérique latine et Caraïbes	1
#53B400	3.417	1974	Trinité-et-Tobago	192	Trinité-et-Tobago	Amérique latine et Caraïbes	1
#53B400	3.411	1975	Trinité-et-Tobago	192	Trinité-et-Tobago	Amérique latine et Caraïbes	1
#53B400	3.404	1976	Trinité-et-Tobago	192	Trinité-et-Tobago	Amérique latine et Caraïbes	1
#53B400	3.396	1977	Trinité-et-Tobago	192	Trinité-et-Tobago	Amérique latine et Caraïbes	1
#53B400	3.385	1978	Trinité-et-Tobago	192	Trinité-et-Tobago	Amérique latine et Caraïbes	1
#53B400	3.366	1979	Trinité-et-Tobago	192	Trinité-et-Tobago	Amérique latine et Caraïbes	1
#53B400	3.338	1980	Trinité-et-Tobago	192	Trinité-et-Tobago	Amérique latine et Caraïbes	1
#53B400	3.3	1981	Trinité-et-Tobago	192	Trinité-et-Tobago	Amérique latine et Caraïbes	1
#53B400	3.253	1982	Trinité-et-Tobago	192	Trinité-et-Tobago	Amérique latine et Caraïbes	1
#53B400	3.196	1983	Trinité-et-Tobago	192	Trinité-et-Tobago	Amérique latine et Caraïbes	1
#53B400	3.129	1984	Trinité-et-Tobago	192	Trinité-et-Tobago	Amérique latine et Caraïbes	1
#53B400	3.049	1985	Trinité-et-Tobago	192	Trinité-et-Tobago	Amérique latine et Caraïbes	1
#53B400	2.954	1986	Trinité-et-Tobago	192	Trinité-et-Tobago	Amérique latine et Caraïbes	1
#53B400	2.843	1987	Trinité-et-Tobago	192	Trinité-et-Tobago	Amérique latine et Caraïbes	1
#53B400	2.719	1988	Trinité-et-Tobago	192	Trinité-et-Tobago	Amérique latine et Caraïbes	1
#53B400	2.585	1989	Trinité-et-Tobago	192	Trinité-et-Tobago	Amérique latine et Caraïbes	1
#53B400	2.446	1990	Trinité-et-Tobago	192	Trinité-et-Tobago	Amérique latine et Caraïbes	1
#53B400	2.309	1991	Trinité-et-Tobago	192	Trinité-et-Tobago	Amérique latine et Caraïbes	1
#53B400	2.179	1992	Trinité-et-Tobago	192	Trinité-et-Tobago	Amérique latine et Caraïbes	1
#53B400	2.06	1993	Trinité-et-Tobago	192	Trinité-et-Tobago	Amérique latine et Caraïbes	1
#53B400	1.957	1994	Trinité-et-Tobago	192	Trinité-et-Tobago	Amérique latine et Caraïbes	1
#53B400	1.87	1995	Trinité-et-Tobago	192	Trinité-et-Tobago	Amérique latine et Caraïbes	1
#53B400	1.801	1996	Trinité-et-Tobago	192	Trinité-et-Tobago	Amérique latine et Caraïbes	1
#53B400	1.745	1997	Trinité-et-Tobago	192	Trinité-et-Tobago	Amérique latine et Caraïbes	1
#53B400	1.7	1998	Trinité-et-Tobago	192	Trinité-et-Tobago	Amérique latine et Caraïbes	1
#53B400	1.664	1999	Trinité-et-Tobago	192	Trinité-et-Tobago	Amérique latine et Caraïbes	1
#53B400	1.638	2000	Trinité-et-Tobago	192	Trinité-et-Tobago	Amérique latine et Caraïbes	1
#53B400	1.62	2001	Trinité-et-Tobago	192	Trinité-et-Tobago	Amérique latine et Caraïbes	1
#53B400	1.61	2002	Trinité-et-Tobago	192	Trinité-et-Tobago	Amérique latine et Caraïbes	1
#53B400	1.608	2003	Trinité-et-Tobago	192	Trinité-et-Tobago	Amérique latine et Caraïbes	1
#53B400	1.61	2004	Trinité-et-Tobago	192	Trinité-et-Tobago	Amérique latine et Caraïbes	1
#53B400	1.616	2005	Trinité-et-Tobago	192	Trinité-et-Tobago	Amérique latine et Caraïbes	1
#53B400	1.622	2006	Trinité-et-Tobago	192	Trinité-et-Tobago	Amérique latine et Caraïbes	1
#53B400	1.629	2007	Trinité-et-Tobago	192	Trinité-et-Tobago	Amérique latine et Caraïbes	1
#53B400	1.634	2008	Trinité-et-Tobago	192	Trinité-et-Tobago	Amérique latine et Caraïbes	1
#53B400	1.638	2009	Trinité-et-Tobago	192	Trinité-et-Tobago	Amérique latine et Caraïbes	1
#53B400	1.639	2010	Trinité-et-Tobago	192	Trinité-et-Tobago	Amérique latine et Caraïbes	1
#53B400	1.637	2011	Trinité-et-Tobago	192	Trinité-et-Tobago	Amérique latine et Caraïbes	1
#FB61D7	6.806	1960	Tanzanie	186	Tanzanie	Afrique subsaharienne	1
#FB61D7	6.806	1961	Tanzanie	186	Tanzanie	Afrique subsaharienne	1
#FB61D7	6.804	1962	Tanzanie	186	Tanzanie	Afrique subsaharienne	1
#FB61D7	6.803	1963	Tanzanie	186	Tanzanie	Afrique subsaharienne	1
#FB61D7	6.801	1964	Tanzanie	186	Tanzanie	Afrique subsaharienne	1
#FB61D7	6.798	1965	Tanzanie	186	Tanzanie	Afrique subsaharienne	1
#FB61D7	6.795	1966	Tanzanie	186	Tanzanie	Afrique subsaharienne	1
#FB61D7	6.791	1967	Tanzanie	186	Tanzanie	Afrique subsaharienne	1
#FB61D7	6.785	1968	Tanzanie	186	Tanzanie	Afrique subsaharienne	1
#FB61D7	6.778	1969	Tanzanie	186	Tanzanie	Afrique subsaharienne	1
#FB61D7	6.771	1970	Tanzanie	186	Tanzanie	Afrique subsaharienne	1
#FB61D7	6.765	1971	Tanzanie	186	Tanzanie	Afrique subsaharienne	1
#FB61D7	6.761	1972	Tanzanie	186	Tanzanie	Afrique subsaharienne	1
#FB61D7	6.758	1973	Tanzanie	186	Tanzanie	Afrique subsaharienne	1
#FB61D7	6.755	1974	Tanzanie	186	Tanzanie	Afrique subsaharienne	1
#FB61D7	6.751	1975	Tanzanie	186	Tanzanie	Afrique subsaharienne	1
#FB61D7	6.743	1976	Tanzanie	186	Tanzanie	Afrique subsaharienne	1
#FB61D7	6.73	1977	Tanzanie	186	Tanzanie	Afrique subsaharienne	1
#FB61D7	6.711	1978	Tanzanie	186	Tanzanie	Afrique subsaharienne	1
#FB61D7	6.685	1979	Tanzanie	186	Tanzanie	Afrique subsaharienne	1
#FB61D7	6.653	1980	Tanzanie	186	Tanzanie	Afrique subsaharienne	1
#FB61D7	6.618	1981	Tanzanie	186	Tanzanie	Afrique subsaharienne	1
#FB61D7	6.58	1982	Tanzanie	186	Tanzanie	Afrique subsaharienne	1
#FB61D7	6.542	1983	Tanzanie	186	Tanzanie	Afrique subsaharienne	1
#FB61D7	6.504	1984	Tanzanie	186	Tanzanie	Afrique subsaharienne	1
#FB61D7	6.465	1985	Tanzanie	186	Tanzanie	Afrique subsaharienne	1
#FB61D7	6.424	1986	Tanzanie	186	Tanzanie	Afrique subsaharienne	1
#FB61D7	6.379	1987	Tanzanie	186	Tanzanie	Afrique subsaharienne	1
#FB61D7	6.328	1988	Tanzanie	186	Tanzanie	Afrique subsaharienne	1
#FB61D7	6.273	1989	Tanzanie	186	Tanzanie	Afrique subsaharienne	1
#FB61D7	6.213	1990	Tanzanie	186	Tanzanie	Afrique subsaharienne	1
#FB61D7	6.148	1991	Tanzanie	186	Tanzanie	Afrique subsaharienne	1
#FB61D7	6.081	1992	Tanzanie	186	Tanzanie	Afrique subsaharienne	1
#FB61D7	6.013	1993	Tanzanie	186	Tanzanie	Afrique subsaharienne	1
#FB61D7	5.946	1994	Tanzanie	186	Tanzanie	Afrique subsaharienne	1
#FB61D7	5.883	1995	Tanzanie	186	Tanzanie	Afrique subsaharienne	1
#FB61D7	5.828	1996	Tanzanie	186	Tanzanie	Afrique subsaharienne	1
#FB61D7	5.78	1997	Tanzanie	186	Tanzanie	Afrique subsaharienne	1
#FB61D7	5.741	1998	Tanzanie	186	Tanzanie	Afrique subsaharienne	1
#FB61D7	5.711	1999	Tanzanie	186	Tanzanie	Afrique subsaharienne	1
#FB61D7	5.688	2000	Tanzanie	186	Tanzanie	Afrique subsaharienne	1
#FB61D7	5.671	2001	Tanzanie	186	Tanzanie	Afrique subsaharienne	1
#FB61D7	5.658	2002	Tanzanie	186	Tanzanie	Afrique subsaharienne	1
#FB61D7	5.645	2003	Tanzanie	186	Tanzanie	Afrique subsaharienne	1
#FB61D7	5.632	2004	Tanzanie	186	Tanzanie	Afrique subsaharienne	1
#FB61D7	5.618	2005	Tanzanie	186	Tanzanie	Afrique subsaharienne	1
#FB61D7	5.603	2006	Tanzanie	186	Tanzanie	Afrique subsaharienne	1
#FB61D7	5.589	2007	Tanzanie	186	Tanzanie	Afrique subsaharienne	1
#FB61D7	5.574	2008	Tanzanie	186	Tanzanie	Afrique subsaharienne	1
#FB61D7	5.559	2009	Tanzanie	186	Tanzanie	Afrique subsaharienne	1
#FB61D7	5.544	2010	Tanzanie	186	Tanzanie	Afrique subsaharienne	1
#FB61D7	5.529	2011	Tanzanie	186	Tanzanie	Afrique subsaharienne	1
#C49A00	2.24	1960	Ukraine	196	Ukraine	Europe et Asie centrale	1
#C49A00	2.17	1961	Ukraine	196	Ukraine	Europe et Asie centrale	1
#C49A00	2.14	1962	Ukraine	196	Ukraine	Europe et Asie centrale	1
#C49A00	2.06	1963	Ukraine	196	Ukraine	Europe et Asie centrale	1
#C49A00	1.96	1964	Ukraine	196	Ukraine	Europe et Asie centrale	1
#C49A00	1.99	1965	Ukraine	196	Ukraine	Europe et Asie centrale	1
#C49A00	2.02	1966	Ukraine	196	Ukraine	Europe et Asie centrale	1
#C49A00	2.01	1967	Ukraine	196	Ukraine	Europe et Asie centrale	1
#C49A00	1.998	1968	Ukraine	196	Ukraine	Europe et Asie centrale	1
#C49A00	2.04	1969	Ukraine	196	Ukraine	Europe et Asie centrale	1
#C49A00	2.09	1970	Ukraine	196	Ukraine	Europe et Asie centrale	1
#C49A00	2.12	1971	Ukraine	196	Ukraine	Europe et Asie centrale	1
#C49A00	2.08	1972	Ukraine	196	Ukraine	Europe et Asie centrale	1
#C49A00	2.04	1973	Ukraine	196	Ukraine	Europe et Asie centrale	1
#C49A00	2.04	1974	Ukraine	196	Ukraine	Europe et Asie centrale	1
#C49A00	2.02	1975	Ukraine	196	Ukraine	Europe et Asie centrale	1
#C49A00	1.99	1976	Ukraine	196	Ukraine	Europe et Asie centrale	1
#C49A00	1.94	1977	Ukraine	196	Ukraine	Europe et Asie centrale	1
#C49A00	1.96	1978	Ukraine	196	Ukraine	Europe et Asie centrale	1
#C49A00	1.96	1979	Ukraine	196	Ukraine	Europe et Asie centrale	1
#C49A00	1.95	1980	Ukraine	196	Ukraine	Europe et Asie centrale	1
#C49A00	1.93	1981	Ukraine	196	Ukraine	Europe et Asie centrale	1
#C49A00	1.98	1982	Ukraine	196	Ukraine	Europe et Asie centrale	1
#C49A00	2.08	1983	Ukraine	196	Ukraine	Europe et Asie centrale	1
#C49A00	2.09	1984	Ukraine	196	Ukraine	Europe et Asie centrale	1
#C49A00	2.06	1985	Ukraine	196	Ukraine	Europe et Asie centrale	1
#C49A00	2.08	1986	Ukraine	196	Ukraine	Europe et Asie centrale	1
#C49A00	2.05	1987	Ukraine	196	Ukraine	Europe et Asie centrale	1
#C49A00	2.02	1988	Ukraine	196	Ukraine	Europe et Asie centrale	1
#C49A00	1.92	1989	Ukraine	196	Ukraine	Europe et Asie centrale	1
#C49A00	1.848	1990	Ukraine	196	Ukraine	Europe et Asie centrale	1
#C49A00	1.81	1991	Ukraine	196	Ukraine	Europe et Asie centrale	1
#C49A00	1.72	1992	Ukraine	196	Ukraine	Europe et Asie centrale	1
#C49A00	1.6	1993	Ukraine	196	Ukraine	Europe et Asie centrale	1
#C49A00	1.5	1994	Ukraine	196	Ukraine	Europe et Asie centrale	1
#C49A00	1.4	1995	Ukraine	196	Ukraine	Europe et Asie centrale	1
#C49A00	1.3	1996	Ukraine	196	Ukraine	Europe et Asie centrale	1
#C49A00	1.3	1997	Ukraine	196	Ukraine	Europe et Asie centrale	1
#C49A00	1.2	1998	Ukraine	196	Ukraine	Europe et Asie centrale	1
#C49A00	1.2	1999	Ukraine	196	Ukraine	Europe et Asie centrale	1
#C49A00	1.1	2000	Ukraine	196	Ukraine	Europe et Asie centrale	1
#C49A00	1.1	2001	Ukraine	196	Ukraine	Europe et Asie centrale	1
#C49A00	1.1	2002	Ukraine	196	Ukraine	Europe et Asie centrale	1
#C49A00	1.2	2003	Ukraine	196	Ukraine	Europe et Asie centrale	1
#C49A00	1.2	2004	Ukraine	196	Ukraine	Europe et Asie centrale	1
#C49A00	1.2	2005	Ukraine	196	Ukraine	Europe et Asie centrale	1
#C49A00	1.31	2006	Ukraine	196	Ukraine	Europe et Asie centrale	1
#C49A00	1.345	2007	Ukraine	196	Ukraine	Europe et Asie centrale	1
#C49A00	1.39	2008	Ukraine	196	Ukraine	Europe et Asie centrale	1
#C49A00	1.46	2009	Ukraine	196	Ukraine	Europe et Asie centrale	1
#C49A00	1.445	2010	Ukraine	196	Ukraine	Europe et Asie centrale	1
#C49A00	1.459	2011	Ukraine	196	Ukraine	Europe et Asie centrale	1
#FB61D7	6.999	1960	Ouganda	140	Ouganda	Afrique subsaharienne	1
#FB61D7	7.019	1961	Ouganda	140	Ouganda	Afrique subsaharienne	1
#FB61D7	7.04	1962	Ouganda	140	Ouganda	Afrique subsaharienne	1
#FB61D7	7.06	1963	Ouganda	140	Ouganda	Afrique subsaharienne	1
#FB61D7	7.078	1964	Ouganda	140	Ouganda	Afrique subsaharienne	1
#FB61D7	7.094	1965	Ouganda	140	Ouganda	Afrique subsaharienne	1
#FB61D7	7.106	1966	Ouganda	140	Ouganda	Afrique subsaharienne	1
#FB61D7	7.113	1967	Ouganda	140	Ouganda	Afrique subsaharienne	1
#FB61D7	7.117	1968	Ouganda	140	Ouganda	Afrique subsaharienne	1
#FB61D7	7.118	1969	Ouganda	140	Ouganda	Afrique subsaharienne	1
#FB61D7	7.115	1970	Ouganda	140	Ouganda	Afrique subsaharienne	1
#FB61D7	7.111	1971	Ouganda	140	Ouganda	Afrique subsaharienne	1
#FB61D7	7.107	1972	Ouganda	140	Ouganda	Afrique subsaharienne	1
#FB61D7	7.103	1973	Ouganda	140	Ouganda	Afrique subsaharienne	1
#FB61D7	7.1	1974	Ouganda	140	Ouganda	Afrique subsaharienne	1
#FB61D7	7.099	1975	Ouganda	140	Ouganda	Afrique subsaharienne	1
#FB61D7	7.099	1976	Ouganda	140	Ouganda	Afrique subsaharienne	1
#FB61D7	7.099	1977	Ouganda	140	Ouganda	Afrique subsaharienne	1
#FB61D7	7.099	1978	Ouganda	140	Ouganda	Afrique subsaharienne	1
#FB61D7	7.1	1979	Ouganda	140	Ouganda	Afrique subsaharienne	1
#FB61D7	7.1	1980	Ouganda	140	Ouganda	Afrique subsaharienne	1
#FB61D7	7.101	1981	Ouganda	140	Ouganda	Afrique subsaharienne	1
#FB61D7	7.101	1982	Ouganda	140	Ouganda	Afrique subsaharienne	1
#FB61D7	7.102	1983	Ouganda	140	Ouganda	Afrique subsaharienne	1
#FB61D7	7.103	1984	Ouganda	140	Ouganda	Afrique subsaharienne	1
#FB61D7	7.103	1985	Ouganda	140	Ouganda	Afrique subsaharienne	1
#FB61D7	7.103	1986	Ouganda	140	Ouganda	Afrique subsaharienne	1
#FB61D7	7.102	1987	Ouganda	140	Ouganda	Afrique subsaharienne	1
#FB61D7	7.1	1988	Ouganda	140	Ouganda	Afrique subsaharienne	1
#FB61D7	7.097	1989	Ouganda	140	Ouganda	Afrique subsaharienne	1
#FB61D7	7.091	1990	Ouganda	140	Ouganda	Afrique subsaharienne	1
#FB61D7	7.082	1991	Ouganda	140	Ouganda	Afrique subsaharienne	1
#FB61D7	7.071	1992	Ouganda	140	Ouganda	Afrique subsaharienne	1
#FB61D7	7.057	1993	Ouganda	140	Ouganda	Afrique subsaharienne	1
#FB61D7	7.039	1994	Ouganda	140	Ouganda	Afrique subsaharienne	1
#FB61D7	7.018	1995	Ouganda	140	Ouganda	Afrique subsaharienne	1
#FB61D7	6.994	1996	Ouganda	140	Ouganda	Afrique subsaharienne	1
#FB61D7	6.967	1997	Ouganda	140	Ouganda	Afrique subsaharienne	1
#FB61D7	6.937	1998	Ouganda	140	Ouganda	Afrique subsaharienne	1
#FB61D7	6.903	1999	Ouganda	140	Ouganda	Afrique subsaharienne	1
#FB61D7	6.865	2000	Ouganda	140	Ouganda	Afrique subsaharienne	1
#FB61D7	6.822	2001	Ouganda	140	Ouganda	Afrique subsaharienne	1
#FB61D7	6.772	2002	Ouganda	140	Ouganda	Afrique subsaharienne	1
#FB61D7	6.716	2003	Ouganda	140	Ouganda	Afrique subsaharienne	1
#FB61D7	6.654	2004	Ouganda	140	Ouganda	Afrique subsaharienne	1
#FB61D7	6.584	2005	Ouganda	140	Ouganda	Afrique subsaharienne	1
#FB61D7	6.507	2006	Ouganda	140	Ouganda	Afrique subsaharienne	1
#FB61D7	6.425	2007	Ouganda	140	Ouganda	Afrique subsaharienne	1
#FB61D7	6.337	2008	Ouganda	140	Ouganda	Afrique subsaharienne	1
#FB61D7	6.244	2009	Ouganda	140	Ouganda	Afrique subsaharienne	1
#FB61D7	6.149	2010	Ouganda	140	Ouganda	Afrique subsaharienne	1
#FB61D7	6.052	2011	Ouganda	140	Ouganda	Afrique subsaharienne	1
#00B6EB	3.654	1960	États-Unis	64	États-Unis	Amérique du Nord	1
#00B6EB	3.62	1961	États-Unis	64	États-Unis	Amérique du Nord	1
#00B6EB	3.461	1962	États-Unis	64	États-Unis	Amérique du Nord	1
#00B6EB	3.319	1963	États-Unis	64	États-Unis	Amérique du Nord	1
#00B6EB	3.19	1964	États-Unis	64	États-Unis	Amérique du Nord	1
#00B6EB	2.913	1965	États-Unis	64	États-Unis	Amérique du Nord	1
#00B6EB	2.721	1966	États-Unis	64	États-Unis	Amérique du Nord	1
#00B6EB	2.558	1967	États-Unis	64	États-Unis	Amérique du Nord	1
#00B6EB	2.464	1968	États-Unis	64	États-Unis	Amérique du Nord	1
#00B6EB	2.456	1969	États-Unis	64	États-Unis	Amérique du Nord	1
#00B6EB	2.48	1970	États-Unis	64	États-Unis	Amérique du Nord	1
#00B6EB	2.266	1971	États-Unis	64	États-Unis	Amérique du Nord	1
#00B6EB	2.01	1972	États-Unis	64	États-Unis	Amérique du Nord	1
#00B6EB	1.879	1973	États-Unis	64	États-Unis	Amérique du Nord	1
#00B6EB	1.835	1974	États-Unis	64	États-Unis	Amérique du Nord	1
#00B6EB	1.774	1975	États-Unis	64	États-Unis	Amérique du Nord	1
#00B6EB	1.738	1976	États-Unis	64	États-Unis	Amérique du Nord	1
#00B6EB	1.79	1977	États-Unis	64	États-Unis	Amérique du Nord	1
#00B6EB	1.76	1978	États-Unis	64	États-Unis	Amérique du Nord	1
#00B6EB	1.808	1979	États-Unis	64	États-Unis	Amérique du Nord	1
#00B6EB	1.8395	1980	États-Unis	64	États-Unis	Amérique du Nord	1
#00B6EB	1.812	1981	États-Unis	64	États-Unis	Amérique du Nord	1
#00B6EB	1.8275	1982	États-Unis	64	États-Unis	Amérique du Nord	1
#00B6EB	1.799	1983	États-Unis	64	États-Unis	Amérique du Nord	1
#00B6EB	1.8065	1984	États-Unis	64	États-Unis	Amérique du Nord	1
#00B6EB	1.844	1985	États-Unis	64	États-Unis	Amérique du Nord	1
#00B6EB	1.8375	1986	États-Unis	64	États-Unis	Amérique du Nord	1
#00B6EB	1.872	1987	États-Unis	64	États-Unis	Amérique du Nord	1
#00B6EB	1.934	1988	États-Unis	64	États-Unis	Amérique du Nord	1
#00B6EB	2.014	1989	États-Unis	64	États-Unis	Amérique du Nord	1
#00B6EB	2.081	1990	États-Unis	64	États-Unis	Amérique du Nord	1
#00B6EB	2.0625	1991	États-Unis	64	États-Unis	Amérique du Nord	1
#00B6EB	2.046	1992	États-Unis	64	États-Unis	Amérique du Nord	1
#00B6EB	2.0195	1993	États-Unis	64	États-Unis	Amérique du Nord	1
#00B6EB	2.0015	1994	États-Unis	64	États-Unis	Amérique du Nord	1
#00B6EB	1.978	1995	États-Unis	64	États-Unis	Amérique du Nord	1
#00B6EB	1.976	1996	États-Unis	64	États-Unis	Amérique du Nord	1
#00B6EB	1.971	1997	États-Unis	64	États-Unis	Amérique du Nord	1
#00B6EB	1.999	1998	États-Unis	64	États-Unis	Amérique du Nord	1
#00B6EB	2.0075	1999	États-Unis	64	États-Unis	Amérique du Nord	1
#00B6EB	2.056	2000	États-Unis	64	États-Unis	Amérique du Nord	1
#00B6EB	2.034	2001	États-Unis	64	États-Unis	Amérique du Nord	1
#00B6EB	2.013	2002	États-Unis	64	États-Unis	Amérique du Nord	1
#00B6EB	2.042	2003	États-Unis	64	États-Unis	Amérique du Nord	1
#00B6EB	2.045	2004	États-Unis	64	États-Unis	Amérique du Nord	1
#00B6EB	2.054	2005	États-Unis	64	États-Unis	Amérique du Nord	1
#00B6EB	2.1005	2006	États-Unis	64	États-Unis	Amérique du Nord	1
#00B6EB	2.122	2007	États-Unis	64	États-Unis	Amérique du Nord	1
#00B6EB	2.0845	2008	États-Unis	64	États-Unis	Amérique du Nord	1
#00B6EB	2.0007	2009	États-Unis	64	États-Unis	Amérique du Nord	1
#00B6EB	1.931	2010	États-Unis	64	États-Unis	Amérique du Nord	1
#00B6EB	1.8945	2011	États-Unis	64	États-Unis	Amérique du Nord	1
#53B400	2.881	1960	Uruguay	197	Uruguay	Amérique latine et Caraïbes	1
#53B400	2.887	1961	Uruguay	197	Uruguay	Amérique latine et Caraïbes	1
#53B400	2.885	1962	Uruguay	197	Uruguay	Amérique latine et Caraïbes	1
#53B400	2.874	1963	Uruguay	197	Uruguay	Amérique latine et Caraïbes	1
#53B400	2.858	1964	Uruguay	197	Uruguay	Amérique latine et Caraïbes	1
#53B400	2.841	1965	Uruguay	197	Uruguay	Amérique latine et Caraïbes	1
#53B400	2.831	1966	Uruguay	197	Uruguay	Amérique latine et Caraïbes	1
#53B400	2.831	1967	Uruguay	197	Uruguay	Amérique latine et Caraïbes	1
#53B400	2.844	1968	Uruguay	197	Uruguay	Amérique latine et Caraïbes	1
#53B400	2.869	1969	Uruguay	197	Uruguay	Amérique latine et Caraïbes	1
#53B400	2.902	1970	Uruguay	197	Uruguay	Amérique latine et Caraïbes	1
#53B400	2.938	1971	Uruguay	197	Uruguay	Amérique latine et Caraïbes	1
#53B400	2.969	1972	Uruguay	197	Uruguay	Amérique latine et Caraïbes	1
#53B400	2.988	1973	Uruguay	197	Uruguay	Amérique latine et Caraïbes	1
#53B400	2.993	1974	Uruguay	197	Uruguay	Amérique latine et Caraïbes	1
#53B400	2.981	1975	Uruguay	197	Uruguay	Amérique latine et Caraïbes	1
#53B400	2.951	1976	Uruguay	197	Uruguay	Amérique latine et Caraïbes	1
#53B400	2.905	1977	Uruguay	197	Uruguay	Amérique latine et Caraïbes	1
#53B400	2.849	1978	Uruguay	197	Uruguay	Amérique latine et Caraïbes	1
#53B400	2.787	1979	Uruguay	197	Uruguay	Amérique latine et Caraïbes	1
#53B400	2.724	1980	Uruguay	197	Uruguay	Amérique latine et Caraïbes	1
#53B400	2.665	1981	Uruguay	197	Uruguay	Amérique latine et Caraïbes	1
#53B400	2.614	1982	Uruguay	197	Uruguay	Amérique latine et Caraïbes	1
#53B400	2.574	1983	Uruguay	197	Uruguay	Amérique latine et Caraïbes	1
#53B400	2.546	1984	Uruguay	197	Uruguay	Amérique latine et Caraïbes	1
#53B400	2.53	1985	Uruguay	197	Uruguay	Amérique latine et Caraïbes	1
#53B400	2.523	1986	Uruguay	197	Uruguay	Amérique latine et Caraïbes	1
#53B400	2.523	1987	Uruguay	197	Uruguay	Amérique latine et Caraïbes	1
#53B400	2.524	1988	Uruguay	197	Uruguay	Amérique latine et Caraïbes	1
#53B400	2.523	1989	Uruguay	197	Uruguay	Amérique latine et Caraïbes	1
#53B400	2.518	1990	Uruguay	197	Uruguay	Amérique latine et Caraïbes	1
#53B400	2.506	1991	Uruguay	197	Uruguay	Amérique latine et Caraïbes	1
#53B400	2.487	1992	Uruguay	197	Uruguay	Amérique latine et Caraïbes	1
#53B400	2.463	1993	Uruguay	197	Uruguay	Amérique latine et Caraïbes	1
#53B400	2.432	1994	Uruguay	197	Uruguay	Amérique latine et Caraïbes	1
#53B400	2.6	1995	Uruguay	197	Uruguay	Amérique latine et Caraïbes	1
#53B400	2.5	1996	Uruguay	197	Uruguay	Amérique latine et Caraïbes	1
#53B400	2.4	1997	Uruguay	197	Uruguay	Amérique latine et Caraïbes	1
#53B400	2.38	1998	Uruguay	197	Uruguay	Amérique latine et Caraïbes	1
#53B400	2.25	1999	Uruguay	197	Uruguay	Amérique latine et Caraïbes	1
#53B400	2.19	2000	Uruguay	197	Uruguay	Amérique latine et Caraïbes	1
#53B400	2.14	2001	Uruguay	197	Uruguay	Amérique latine et Caraïbes	1
#53B400	2.15	2002	Uruguay	197	Uruguay	Amérique latine et Caraïbes	1
#53B400	2.1	2003	Uruguay	197	Uruguay	Amérique latine et Caraïbes	1
#53B400	2.08	2004	Uruguay	197	Uruguay	Amérique latine et Caraïbes	1
#53B400	2.04	2005	Uruguay	197	Uruguay	Amérique latine et Caraïbes	1
#53B400	2.03	2006	Uruguay	197	Uruguay	Amérique latine et Caraïbes	1
#53B400	2.02	2007	Uruguay	197	Uruguay	Amérique latine et Caraïbes	1
#53B400	2.01	2008	Uruguay	197	Uruguay	Amérique latine et Caraïbes	1
#53B400	1.9966	2009	Uruguay	197	Uruguay	Amérique latine et Caraïbes	1
#53B400	1.9856	2010	Uruguay	197	Uruguay	Amérique latine et Caraïbes	1
#53B400	1.976	2011	Uruguay	197	Uruguay	Amérique latine et Caraïbes	1
#C49A00	6.707	1960	Ouzbékistan	141	Ouzbékistan	Europe et Asie centrale	1
#C49A00	6.755	1961	Ouzbékistan	141	Ouzbékistan	Europe et Asie centrale	1
#C49A00	6.783	1962	Ouzbékistan	141	Ouzbékistan	Europe et Asie centrale	1
#C49A00	6.79	1963	Ouzbékistan	141	Ouzbékistan	Europe et Asie centrale	1
#C49A00	6.777	1964	Ouzbékistan	141	Ouzbékistan	Europe et Asie centrale	1
#C49A00	6.748	1965	Ouzbékistan	141	Ouzbékistan	Europe et Asie centrale	1
#C49A00	6.707	1966	Ouzbékistan	141	Ouzbékistan	Europe et Asie centrale	1
#C49A00	6.66	1967	Ouzbékistan	141	Ouzbékistan	Europe et Asie centrale	1
#C49A00	6.608	1968	Ouzbékistan	141	Ouzbékistan	Europe et Asie centrale	1
#C49A00	6.552	1969	Ouzbékistan	141	Ouzbékistan	Europe et Asie centrale	1
#C49A00	6.492	1970	Ouzbékistan	141	Ouzbékistan	Europe et Asie centrale	1
#C49A00	6.422	1971	Ouzbékistan	141	Ouzbékistan	Europe et Asie centrale	1
#C49A00	6.338	1972	Ouzbékistan	141	Ouzbékistan	Europe et Asie centrale	1
#C49A00	6.237	1973	Ouzbékistan	141	Ouzbékistan	Europe et Asie centrale	1
#C49A00	6.119	1974	Ouzbékistan	141	Ouzbékistan	Europe et Asie centrale	1
#C49A00	5.983	1975	Ouzbékistan	141	Ouzbékistan	Europe et Asie centrale	1
#C49A00	5.829	1976	Ouzbékistan	141	Ouzbékistan	Europe et Asie centrale	1
#C49A00	5.66	1977	Ouzbékistan	141	Ouzbékistan	Europe et Asie centrale	1
#C49A00	5.482	1978	Ouzbékistan	141	Ouzbékistan	Europe et Asie centrale	1
#C49A00	5.302	1979	Ouzbékistan	141	Ouzbékistan	Europe et Asie centrale	1
#C49A00	5.127	1980	Ouzbékistan	141	Ouzbékistan	Europe et Asie centrale	1
#C49A00	4.968	1981	Ouzbékistan	141	Ouzbékistan	Europe et Asie centrale	1
#C49A00	4.829	1982	Ouzbékistan	141	Ouzbékistan	Europe et Asie centrale	1
#C49A00	4.711	1983	Ouzbékistan	141	Ouzbékistan	Europe et Asie centrale	1
#C49A00	4.616	1984	Ouzbékistan	141	Ouzbékistan	Europe et Asie centrale	1
#C49A00	4.539	1985	Ouzbékistan	141	Ouzbékistan	Europe et Asie centrale	1
#C49A00	4.474	1986	Ouzbékistan	141	Ouzbékistan	Europe et Asie centrale	1
#C49A00	4.5	1987	Ouzbékistan	141	Ouzbékistan	Europe et Asie centrale	1
#C49A00	4.28	1988	Ouzbékistan	141	Ouzbékistan	Europe et Asie centrale	1
#C49A00	4.179	1989	Ouzbékistan	141	Ouzbékistan	Europe et Asie centrale	1
#C49A00	4.072	1990	Ouzbékistan	141	Ouzbékistan	Europe et Asie centrale	1
#C49A00	4.199	1991	Ouzbékistan	141	Ouzbékistan	Europe et Asie centrale	1
#C49A00	4.004	1992	Ouzbékistan	141	Ouzbékistan	Europe et Asie centrale	1
#C49A00	3.8	1993	Ouzbékistan	141	Ouzbékistan	Europe et Asie centrale	1
#C49A00	3.537	1994	Ouzbékistan	141	Ouzbékistan	Europe et Asie centrale	1
#C49A00	3.596	1995	Ouzbékistan	141	Ouzbékistan	Europe et Asie centrale	1
#C49A00	3.32	1996	Ouzbékistan	141	Ouzbékistan	Europe et Asie centrale	1
#C49A00	3.082	1997	Ouzbékistan	141	Ouzbékistan	Europe et Asie centrale	1
#C49A00	2.815	1998	Ouzbékistan	141	Ouzbékistan	Europe et Asie centrale	1
#C49A00	2.72	1999	Ouzbékistan	141	Ouzbékistan	Europe et Asie centrale	1
#C49A00	2.58	2000	Ouzbékistan	141	Ouzbékistan	Europe et Asie centrale	1
#C49A00	2.46	2001	Ouzbékistan	141	Ouzbékistan	Europe et Asie centrale	1
#C49A00	2.52	2002	Ouzbékistan	141	Ouzbékistan	Europe et Asie centrale	1
#C49A00	2.36	2003	Ouzbékistan	141	Ouzbékistan	Europe et Asie centrale	1
#C49A00	2.46	2004	Ouzbékistan	141	Ouzbékistan	Europe et Asie centrale	1
#C49A00	2.36	2005	Ouzbékistan	141	Ouzbékistan	Europe et Asie centrale	1
#C49A00	2.39	2006	Ouzbékistan	141	Ouzbékistan	Europe et Asie centrale	1
#C49A00	2.55	2007	Ouzbékistan	141	Ouzbékistan	Europe et Asie centrale	1
#C49A00	2.64	2008	Ouzbékistan	141	Ouzbékistan	Europe et Asie centrale	1
#C49A00	2.53	2009	Ouzbékistan	141	Ouzbékistan	Europe et Asie centrale	1
#C49A00	2.499	2010	Ouzbékistan	141	Ouzbékistan	Europe et Asie centrale	1
#C49A00	2.499	2011	Ouzbékistan	141	Ouzbékistan	Europe et Asie centrale	1
#53B400	7.224	1960	Saint-Vincent-et-les Grenadines	167	Saint-Vincent-et-les Grenadines	Amérique latine et Caraïbes	1
#53B400	7.155	1961	Saint-Vincent-et-les Grenadines	167	Saint-Vincent-et-les Grenadines	Amérique latine et Caraïbes	1
#53B400	7.074	1962	Saint-Vincent-et-les Grenadines	167	Saint-Vincent-et-les Grenadines	Amérique latine et Caraïbes	1
#53B400	6.981	1963	Saint-Vincent-et-les Grenadines	167	Saint-Vincent-et-les Grenadines	Amérique latine et Caraïbes	1
#53B400	6.876	1964	Saint-Vincent-et-les Grenadines	167	Saint-Vincent-et-les Grenadines	Amérique latine et Caraïbes	1
#53B400	6.76	1965	Saint-Vincent-et-les Grenadines	167	Saint-Vincent-et-les Grenadines	Amérique latine et Caraïbes	1
#53B400	6.632	1966	Saint-Vincent-et-les Grenadines	167	Saint-Vincent-et-les Grenadines	Amérique latine et Caraïbes	1
#53B400	6.494	1967	Saint-Vincent-et-les Grenadines	167	Saint-Vincent-et-les Grenadines	Amérique latine et Caraïbes	1
#53B400	6.345	1968	Saint-Vincent-et-les Grenadines	167	Saint-Vincent-et-les Grenadines	Amérique latine et Caraïbes	1
#53B400	6.185	1969	Saint-Vincent-et-les Grenadines	167	Saint-Vincent-et-les Grenadines	Amérique latine et Caraïbes	1
#53B400	6.014	1970	Saint-Vincent-et-les Grenadines	167	Saint-Vincent-et-les Grenadines	Amérique latine et Caraïbes	1
#53B400	5.828	1971	Saint-Vincent-et-les Grenadines	167	Saint-Vincent-et-les Grenadines	Amérique latine et Caraïbes	1
#53B400	5.629	1972	Saint-Vincent-et-les Grenadines	167	Saint-Vincent-et-les Grenadines	Amérique latine et Caraïbes	1
#53B400	5.417	1973	Saint-Vincent-et-les Grenadines	167	Saint-Vincent-et-les Grenadines	Amérique latine et Caraïbes	1
#53B400	5.197	1974	Saint-Vincent-et-les Grenadines	167	Saint-Vincent-et-les Grenadines	Amérique latine et Caraïbes	1
#53B400	4.973	1975	Saint-Vincent-et-les Grenadines	167	Saint-Vincent-et-les Grenadines	Amérique latine et Caraïbes	1
#53B400	4.752	1976	Saint-Vincent-et-les Grenadines	167	Saint-Vincent-et-les Grenadines	Amérique latine et Caraïbes	1
#53B400	4.54	1977	Saint-Vincent-et-les Grenadines	167	Saint-Vincent-et-les Grenadines	Amérique latine et Caraïbes	1
#53B400	4.339	1978	Saint-Vincent-et-les Grenadines	167	Saint-Vincent-et-les Grenadines	Amérique latine et Caraïbes	1
#53B400	4.154	1979	Saint-Vincent-et-les Grenadines	167	Saint-Vincent-et-les Grenadines	Amérique latine et Caraïbes	1
#53B400	3.985	1980	Saint-Vincent-et-les Grenadines	167	Saint-Vincent-et-les Grenadines	Amérique latine et Caraïbes	1
#53B400	3.832	1981	Saint-Vincent-et-les Grenadines	167	Saint-Vincent-et-les Grenadines	Amérique latine et Caraïbes	1
#53B400	3.692	1982	Saint-Vincent-et-les Grenadines	167	Saint-Vincent-et-les Grenadines	Amérique latine et Caraïbes	1
#53B400	3.561	1983	Saint-Vincent-et-les Grenadines	167	Saint-Vincent-et-les Grenadines	Amérique latine et Caraïbes	1
#53B400	3.439	1984	Saint-Vincent-et-les Grenadines	167	Saint-Vincent-et-les Grenadines	Amérique latine et Caraïbes	1
#53B400	3.328	1985	Saint-Vincent-et-les Grenadines	167	Saint-Vincent-et-les Grenadines	Amérique latine et Caraïbes	1
#53B400	3.23	1986	Saint-Vincent-et-les Grenadines	167	Saint-Vincent-et-les Grenadines	Amérique latine et Caraïbes	1
#53B400	3.144	1987	Saint-Vincent-et-les Grenadines	167	Saint-Vincent-et-les Grenadines	Amérique latine et Caraïbes	1
#53B400	3.072	1988	Saint-Vincent-et-les Grenadines	167	Saint-Vincent-et-les Grenadines	Amérique latine et Caraïbes	1
#53B400	3.01	1989	Saint-Vincent-et-les Grenadines	167	Saint-Vincent-et-les Grenadines	Amérique latine et Caraïbes	1
#53B400	2.956	1990	Saint-Vincent-et-les Grenadines	167	Saint-Vincent-et-les Grenadines	Amérique latine et Caraïbes	1
#53B400	2.907	1991	Saint-Vincent-et-les Grenadines	167	Saint-Vincent-et-les Grenadines	Amérique latine et Caraïbes	1
#53B400	2.86	1992	Saint-Vincent-et-les Grenadines	167	Saint-Vincent-et-les Grenadines	Amérique latine et Caraïbes	1
#53B400	2.811	1993	Saint-Vincent-et-les Grenadines	167	Saint-Vincent-et-les Grenadines	Amérique latine et Caraïbes	1
#53B400	2.76	1994	Saint-Vincent-et-les Grenadines	167	Saint-Vincent-et-les Grenadines	Amérique latine et Caraïbes	1
#53B400	2.703	1995	Saint-Vincent-et-les Grenadines	167	Saint-Vincent-et-les Grenadines	Amérique latine et Caraïbes	1
#53B400	2.641	1996	Saint-Vincent-et-les Grenadines	167	Saint-Vincent-et-les Grenadines	Amérique latine et Caraïbes	1
#53B400	2.576	1997	Saint-Vincent-et-les Grenadines	167	Saint-Vincent-et-les Grenadines	Amérique latine et Caraïbes	1
#53B400	2.509	1998	Saint-Vincent-et-les Grenadines	167	Saint-Vincent-et-les Grenadines	Amérique latine et Caraïbes	1
#53B400	2.442	1999	Saint-Vincent-et-les Grenadines	167	Saint-Vincent-et-les Grenadines	Amérique latine et Caraïbes	1
#53B400	2.379	2000	Saint-Vincent-et-les Grenadines	167	Saint-Vincent-et-les Grenadines	Amérique latine et Caraïbes	1
#53B400	2.321	2001	Saint-Vincent-et-les Grenadines	167	Saint-Vincent-et-les Grenadines	Amérique latine et Caraïbes	1
#53B400	2.271	2002	Saint-Vincent-et-les Grenadines	167	Saint-Vincent-et-les Grenadines	Amérique latine et Caraïbes	1
#53B400	2.23	2003	Saint-Vincent-et-les Grenadines	167	Saint-Vincent-et-les Grenadines	Amérique latine et Caraïbes	1
#53B400	2.197	2004	Saint-Vincent-et-les Grenadines	167	Saint-Vincent-et-les Grenadines	Amérique latine et Caraïbes	1
#53B400	2.171	2005	Saint-Vincent-et-les Grenadines	167	Saint-Vincent-et-les Grenadines	Amérique latine et Caraïbes	1
#53B400	2.15	2006	Saint-Vincent-et-les Grenadines	167	Saint-Vincent-et-les Grenadines	Amérique latine et Caraïbes	1
#53B400	2.131	2007	Saint-Vincent-et-les Grenadines	167	Saint-Vincent-et-les Grenadines	Amérique latine et Caraïbes	1
#53B400	2.111	2008	Saint-Vincent-et-les Grenadines	167	Saint-Vincent-et-les Grenadines	Amérique latine et Caraïbes	1
#53B400	2.088	2009	Saint-Vincent-et-les Grenadines	167	Saint-Vincent-et-les Grenadines	Amérique latine et Caraïbes	1
#53B400	2.064	2010	Saint-Vincent-et-les Grenadines	167	Saint-Vincent-et-les Grenadines	Amérique latine et Caraïbes	1
#53B400	2.037	2011	Saint-Vincent-et-les Grenadines	167	Saint-Vincent-et-les Grenadines	Amérique latine et Caraïbes	1
#53B400	6.616	1960	Venezuela	199	Venezuela	Amérique latine et Caraïbes	1
#53B400	6.637	1961	Venezuela	199	Venezuela	Amérique latine et Caraïbes	1
#53B400	6.628	1962	Venezuela	199	Venezuela	Amérique latine et Caraïbes	1
#53B400	6.581	1963	Venezuela	199	Venezuela	Amérique latine et Caraïbes	1
#53B400	6.495	1964	Venezuela	199	Venezuela	Amérique latine et Caraïbes	1
#53B400	6.368	1965	Venezuela	199	Venezuela	Amérique latine et Caraïbes	1
#53B400	6.203	1966	Venezuela	199	Venezuela	Amérique latine et Caraïbes	1
#53B400	6.014	1967	Venezuela	199	Venezuela	Amérique latine et Caraïbes	1
#53B400	5.811	1968	Venezuela	199	Venezuela	Amérique latine et Caraïbes	1
#53B400	5.605	1969	Venezuela	199	Venezuela	Amérique latine et Caraïbes	1
#53B400	5.404	1970	Venezuela	199	Venezuela	Amérique latine et Caraïbes	1
#53B400	5.219	1971	Venezuela	199	Venezuela	Amérique latine et Caraïbes	1
#53B400	5.053	1972	Venezuela	199	Venezuela	Amérique latine et Caraïbes	1
#53B400	4.905	1973	Venezuela	199	Venezuela	Amérique latine et Caraïbes	1
#53B400	4.779	1974	Venezuela	199	Venezuela	Amérique latine et Caraïbes	1
#53B400	4.67	1975	Venezuela	199	Venezuela	Amérique latine et Caraïbes	1
#53B400	4.574	1976	Venezuela	199	Venezuela	Amérique latine et Caraïbes	1
#53B400	4.483	1977	Venezuela	199	Venezuela	Amérique latine et Caraïbes	1
#53B400	4.391	1978	Venezuela	199	Venezuela	Amérique latine et Caraïbes	1
#53B400	4.296	1979	Venezuela	199	Venezuela	Amérique latine et Caraïbes	1
#53B400	4.199	1980	Venezuela	199	Venezuela	Amérique latine et Caraïbes	1
#53B400	4.104	1981	Venezuela	199	Venezuela	Amérique latine et Caraïbes	1
#53B400	4.014	1982	Venezuela	199	Venezuela	Amérique latine et Caraïbes	1
#53B400	3.933	1983	Venezuela	199	Venezuela	Amérique latine et Caraïbes	1
#53B400	3.861	1984	Venezuela	199	Venezuela	Amérique latine et Caraïbes	1
#53B400	3.794	1985	Venezuela	199	Venezuela	Amérique latine et Caraïbes	1
#53B400	3.73	1986	Venezuela	199	Venezuela	Amérique latine et Caraïbes	1
#53B400	3.665	1987	Venezuela	199	Venezuela	Amérique latine et Caraïbes	1
#53B400	3.597	1988	Venezuela	199	Venezuela	Amérique latine et Caraïbes	1
#53B400	3.524	1989	Venezuela	199	Venezuela	Amérique latine et Caraïbes	1
#53B400	3.448	1990	Venezuela	199	Venezuela	Amérique latine et Caraïbes	1
#53B400	3.37	1991	Venezuela	199	Venezuela	Amérique latine et Caraïbes	1
#53B400	3.292	1992	Venezuela	199	Venezuela	Amérique latine et Caraïbes	1
#53B400	3.218	1993	Venezuela	199	Venezuela	Amérique latine et Caraïbes	1
#53B400	3.147	1994	Venezuela	199	Venezuela	Amérique latine et Caraïbes	1
#53B400	3.082	1995	Venezuela	199	Venezuela	Amérique latine et Caraïbes	1
#53B400	3.022	1996	Venezuela	199	Venezuela	Amérique latine et Caraïbes	1
#53B400	2.98	1997	Venezuela	199	Venezuela	Amérique latine et Caraïbes	1
#53B400	2.9	1998	Venezuela	199	Venezuela	Amérique latine et Caraïbes	1
#53B400	2.85	1999	Venezuela	199	Venezuela	Amérique latine et Caraïbes	1
#53B400	2.83	2000	Venezuela	199	Venezuela	Amérique latine et Caraïbes	1
#53B400	2.79	2001	Venezuela	199	Venezuela	Amérique latine et Caraïbes	1
#53B400	2.76	2002	Venezuela	199	Venezuela	Amérique latine et Caraïbes	1
#53B400	2.72	2003	Venezuela	199	Venezuela	Amérique latine et Caraïbes	1
#53B400	2.69	2004	Venezuela	199	Venezuela	Amérique latine et Caraïbes	1
#53B400	2.65	2005	Venezuela	199	Venezuela	Amérique latine et Caraïbes	1
#53B400	2.62	2006	Venezuela	199	Venezuela	Amérique latine et Caraïbes	1
#53B400	2.58	2007	Venezuela	199	Venezuela	Amérique latine et Caraïbes	1
#53B400	2.55	2008	Venezuela	199	Venezuela	Amérique latine et Caraïbes	1
#53B400	2.52	2009	Venezuela	199	Venezuela	Amérique latine et Caraïbes	1
#53B400	2.49	2010	Venezuela	199	Venezuela	Amérique latine et Caraïbes	1
#53B400	2.46	2011	Venezuela	199	Venezuela	Amérique latine et Caraïbes	1
#53B400	5.547	1960	Îles Vierges (EU)	90	Îles Vierges (EU)	Amérique latine et Caraïbes	1
#53B400	5.534	1961	Îles Vierges (EU)	90	Îles Vierges (EU)	Amérique latine et Caraïbes	1
#53B400	5.52	1962	Îles Vierges (EU)	90	Îles Vierges (EU)	Amérique latine et Caraïbes	1
#53B400	5.504	1963	Îles Vierges (EU)	90	Îles Vierges (EU)	Amérique latine et Caraïbes	1
#53B400	5.484	1964	Îles Vierges (EU)	90	Îles Vierges (EU)	Amérique latine et Caraïbes	1
#53B400	5.459	1965	Îles Vierges (EU)	90	Îles Vierges (EU)	Amérique latine et Caraïbes	1
#53B400	5.429	1966	Îles Vierges (EU)	90	Îles Vierges (EU)	Amérique latine et Caraïbes	1
#53B400	5.39	1967	Îles Vierges (EU)	90	Îles Vierges (EU)	Amérique latine et Caraïbes	1
#53B400	5.341	1968	Îles Vierges (EU)	90	Îles Vierges (EU)	Amérique latine et Caraïbes	1
#53B400	5.282	1969	Îles Vierges (EU)	90	Îles Vierges (EU)	Amérique latine et Caraïbes	1
#53B400	5.21	1970	Îles Vierges (EU)	90	Îles Vierges (EU)	Amérique latine et Caraïbes	1
#53B400	5.125	1971	Îles Vierges (EU)	90	Îles Vierges (EU)	Amérique latine et Caraïbes	1
#53B400	5.028	1972	Îles Vierges (EU)	90	Îles Vierges (EU)	Amérique latine et Caraïbes	1
#53B400	4.92	1973	Îles Vierges (EU)	90	Îles Vierges (EU)	Amérique latine et Caraïbes	1
#53B400	4.802	1974	Îles Vierges (EU)	90	Îles Vierges (EU)	Amérique latine et Caraïbes	1
#53B400	4.677	1975	Îles Vierges (EU)	90	Îles Vierges (EU)	Amérique latine et Caraïbes	1
#53B400	4.547	1976	Îles Vierges (EU)	90	Îles Vierges (EU)	Amérique latine et Caraïbes	1
#53B400	4.413	1977	Îles Vierges (EU)	90	Îles Vierges (EU)	Amérique latine et Caraïbes	1
#53B400	4.279	1978	Îles Vierges (EU)	90	Îles Vierges (EU)	Amérique latine et Caraïbes	1
#53B400	4.146	1979	Îles Vierges (EU)	90	Îles Vierges (EU)	Amérique latine et Caraïbes	1
#53B400	4.013	1980	Îles Vierges (EU)	90	Îles Vierges (EU)	Amérique latine et Caraïbes	1
#53B400	3.878	1981	Îles Vierges (EU)	90	Îles Vierges (EU)	Amérique latine et Caraïbes	1
#53B400	3.74	1982	Îles Vierges (EU)	90	Îles Vierges (EU)	Amérique latine et Caraïbes	1
#53B400	3.602	1983	Îles Vierges (EU)	90	Îles Vierges (EU)	Amérique latine et Caraïbes	1
#53B400	3.467	1984	Îles Vierges (EU)	90	Îles Vierges (EU)	Amérique latine et Caraïbes	1
#53B400	3.343	1985	Îles Vierges (EU)	90	Îles Vierges (EU)	Amérique latine et Caraïbes	1
#53B400	3.242	1986	Îles Vierges (EU)	90	Îles Vierges (EU)	Amérique latine et Caraïbes	1
#53B400	3.167	1987	Îles Vierges (EU)	90	Îles Vierges (EU)	Amérique latine et Caraïbes	1
#53B400	3.12	1988	Îles Vierges (EU)	90	Îles Vierges (EU)	Amérique latine et Caraïbes	1
#53B400	3.097	1989	Îles Vierges (EU)	90	Îles Vierges (EU)	Amérique latine et Caraïbes	1
#53B400	3.086	1990	Îles Vierges (EU)	90	Îles Vierges (EU)	Amérique latine et Caraïbes	1
#53B400	3.074	1991	Îles Vierges (EU)	90	Îles Vierges (EU)	Amérique latine et Caraïbes	1
#53B400	3.047	1992	Îles Vierges (EU)	90	Îles Vierges (EU)	Amérique latine et Caraïbes	1
#53B400	2.996	1993	Îles Vierges (EU)	90	Îles Vierges (EU)	Amérique latine et Caraïbes	1
#53B400	2.92	1994	Îles Vierges (EU)	90	Îles Vierges (EU)	Amérique latine et Caraïbes	1
#53B400	2.82	1995	Îles Vierges (EU)	90	Îles Vierges (EU)	Amérique latine et Caraïbes	1
#53B400	2.704	1996	Îles Vierges (EU)	90	Îles Vierges (EU)	Amérique latine et Caraïbes	1
#53B400	2.584	1997	Îles Vierges (EU)	90	Îles Vierges (EU)	Amérique latine et Caraïbes	1
#53B400	2.472	1998	Îles Vierges (EU)	90	Îles Vierges (EU)	Amérique latine et Caraïbes	1
#53B400	2.372	1999	Îles Vierges (EU)	90	Îles Vierges (EU)	Amérique latine et Caraïbes	1
#53B400	2.0553	2000	Îles Vierges (EU)	90	Îles Vierges (EU)	Amérique latine et Caraïbes	1
#53B400	1.8997	2001	Îles Vierges (EU)	90	Îles Vierges (EU)	Amérique latine et Caraïbes	1
#53B400	2.1127	2002	Îles Vierges (EU)	90	Îles Vierges (EU)	Amérique latine et Caraïbes	1
#53B400	2.0065	2003	Îles Vierges (EU)	90	Îles Vierges (EU)	Amérique latine et Caraïbes	1
#53B400	2.0683	2004	Îles Vierges (EU)	90	Îles Vierges (EU)	Amérique latine et Caraïbes	1
#53B400	2.1115	2005	Îles Vierges (EU)	90	Îles Vierges (EU)	Amérique latine et Caraïbes	1
#53B400	1.9499	2006	Îles Vierges (EU)	90	Îles Vierges (EU)	Amérique latine et Caraïbes	1
#53B400	1.9149	2007	Îles Vierges (EU)	90	Îles Vierges (EU)	Amérique latine et Caraïbes	1
#53B400	1.88	2008	Îles Vierges (EU)	90	Îles Vierges (EU)	Amérique latine et Caraïbes	1
#53B400	1.845	2009	Îles Vierges (EU)	90	Îles Vierges (EU)	Amérique latine et Caraïbes	1
#53B400	1.8	2010	Îles Vierges (EU)	90	Îles Vierges (EU)	Amérique latine et Caraïbes	1
#53B400	1.8	2011	Îles Vierges (EU)	90	Îles Vierges (EU)	Amérique latine et Caraïbes	1
#F8766D	7.085	1960	Vietnam	200	Vietnam	Asie de l'Est et Pacifique	1
#F8766D	7.189	1961	Vietnam	200	Vietnam	Asie de l'Est et Pacifique	1
#F8766D	7.277	1962	Vietnam	200	Vietnam	Asie de l'Est et Pacifique	1
#F8766D	7.345	1963	Vietnam	200	Vietnam	Asie de l'Est et Pacifique	1
#F8766D	7.391	1964	Vietnam	200	Vietnam	Asie de l'Est et Pacifique	1
#F8766D	7.417	1965	Vietnam	200	Vietnam	Asie de l'Est et Pacifique	1
#F8766D	7.428	1966	Vietnam	200	Vietnam	Asie de l'Est et Pacifique	1
#F8766D	7.43	1967	Vietnam	200	Vietnam	Asie de l'Est et Pacifique	1
#F8766D	7.423	1968	Vietnam	200	Vietnam	Asie de l'Est et Pacifique	1
#F8766D	7.404	1969	Vietnam	200	Vietnam	Asie de l'Est et Pacifique	1
#F8766D	7.362	1970	Vietnam	200	Vietnam	Asie de l'Est et Pacifique	1
#F8766D	7.287	1971	Vietnam	200	Vietnam	Asie de l'Est et Pacifique	1
#F8766D	7.17	1972	Vietnam	200	Vietnam	Asie de l'Est et Pacifique	1
#F8766D	7.008	1973	Vietnam	200	Vietnam	Asie de l'Est et Pacifique	1
#F8766D	6.807	1974	Vietnam	200	Vietnam	Asie de l'Est et Pacifique	1
#F8766D	6.574	1975	Vietnam	200	Vietnam	Asie de l'Est et Pacifique	1
#F8766D	6.324	1976	Vietnam	200	Vietnam	Asie de l'Est et Pacifique	1
#F8766D	6.071	1977	Vietnam	200	Vietnam	Asie de l'Est et Pacifique	1
#F8766D	5.828	1978	Vietnam	200	Vietnam	Asie de l'Est et Pacifique	1
#F8766D	5.6	1979	Vietnam	200	Vietnam	Asie de l'Est et Pacifique	1
#F8766D	5.39	1980	Vietnam	200	Vietnam	Asie de l'Est et Pacifique	1
#F8766D	5.194	1981	Vietnam	200	Vietnam	Asie de l'Est et Pacifique	1
#F8766D	5.004	1982	Vietnam	200	Vietnam	Asie de l'Est et Pacifique	1
#F8766D	4.813	1983	Vietnam	200	Vietnam	Asie de l'Est et Pacifique	1
#F8766D	4.622	1984	Vietnam	200	Vietnam	Asie de l'Est et Pacifique	1
#F8766D	4.432	1985	Vietnam	200	Vietnam	Asie de l'Est et Pacifique	1
#F8766D	4.247	1986	Vietnam	200	Vietnam	Asie de l'Est et Pacifique	1
#F8766D	4.073	1987	Vietnam	200	Vietnam	Asie de l'Est et Pacifique	1
#F8766D	3.908	1988	Vietnam	200	Vietnam	Asie de l'Est et Pacifique	1
#F8766D	3.752	1989	Vietnam	200	Vietnam	Asie de l'Est et Pacifique	1
#F8766D	3.598	1990	Vietnam	200	Vietnam	Asie de l'Est et Pacifique	1
#F8766D	3.436	1991	Vietnam	200	Vietnam	Asie de l'Est et Pacifique	1
#F8766D	3.261	1992	Vietnam	200	Vietnam	Asie de l'Est et Pacifique	1
#F8766D	3.071	1993	Vietnam	200	Vietnam	Asie de l'Est et Pacifique	1
#F8766D	2.87	1994	Vietnam	200	Vietnam	Asie de l'Est et Pacifique	1
#F8766D	2.666	1995	Vietnam	200	Vietnam	Asie de l'Est et Pacifique	1
#F8766D	2.473	1996	Vietnam	200	Vietnam	Asie de l'Est et Pacifique	1
#F8766D	2.302	1997	Vietnam	200	Vietnam	Asie de l'Est et Pacifique	1
#F8766D	2.162	1998	Vietnam	200	Vietnam	Asie de l'Est et Pacifique	1
#F8766D	2.055	1999	Vietnam	200	Vietnam	Asie de l'Est et Pacifique	1
#F8766D	1.983	2000	Vietnam	200	Vietnam	Asie de l'Est et Pacifique	1
#F8766D	1.94	2001	Vietnam	200	Vietnam	Asie de l'Est et Pacifique	1
#F8766D	1.918	2002	Vietnam	200	Vietnam	Asie de l'Est et Pacifique	1
#F8766D	1.907	2003	Vietnam	200	Vietnam	Asie de l'Est et Pacifique	1
#F8766D	1.902	2004	Vietnam	200	Vietnam	Asie de l'Est et Pacifique	1
#F8766D	1.897	2005	Vietnam	200	Vietnam	Asie de l'Est et Pacifique	1
#F8766D	1.889	2006	Vietnam	200	Vietnam	Asie de l'Est et Pacifique	1
#F8766D	1.878	2007	Vietnam	200	Vietnam	Asie de l'Est et Pacifique	1
#F8766D	1.864	2008	Vietnam	200	Vietnam	Asie de l'Est et Pacifique	1
#F8766D	1.845	2009	Vietnam	200	Vietnam	Asie de l'Est et Pacifique	1
#F8766D	1.822	2010	Vietnam	200	Vietnam	Asie de l'Est et Pacifique	1
#F8766D	1.795	2011	Vietnam	200	Vietnam	Asie de l'Est et Pacifique	1
#F8766D	7.197	1960	Vanuatu	198	Vanuatu	Asie de l'Est et Pacifique	1
#F8766D	7.12	1961	Vanuatu	198	Vanuatu	Asie de l'Est et Pacifique	1
#F8766D	7.033	1962	Vanuatu	198	Vanuatu	Asie de l'Est et Pacifique	1
#F8766D	6.938	1963	Vanuatu	198	Vanuatu	Asie de l'Est et Pacifique	1
#F8766D	6.836	1964	Vanuatu	198	Vanuatu	Asie de l'Est et Pacifique	1
#F8766D	6.73	1965	Vanuatu	198	Vanuatu	Asie de l'Est et Pacifique	1
#F8766D	6.626	1966	Vanuatu	198	Vanuatu	Asie de l'Est et Pacifique	1
#F8766D	6.526	1967	Vanuatu	198	Vanuatu	Asie de l'Est et Pacifique	1
#F8766D	6.433	1968	Vanuatu	198	Vanuatu	Asie de l'Est et Pacifique	1
#F8766D	6.348	1969	Vanuatu	198	Vanuatu	Asie de l'Est et Pacifique	1
#F8766D	6.272	1970	Vanuatu	198	Vanuatu	Asie de l'Est et Pacifique	1
#F8766D	6.202	1971	Vanuatu	198	Vanuatu	Asie de l'Est et Pacifique	1
#F8766D	6.134	1972	Vanuatu	198	Vanuatu	Asie de l'Est et Pacifique	1
#F8766D	6.067	1973	Vanuatu	198	Vanuatu	Asie de l'Est et Pacifique	1
#F8766D	5.999	1974	Vanuatu	198	Vanuatu	Asie de l'Est et Pacifique	1
#F8766D	5.929	1975	Vanuatu	198	Vanuatu	Asie de l'Est et Pacifique	1
#F8766D	5.858	1976	Vanuatu	198	Vanuatu	Asie de l'Est et Pacifique	1
#F8766D	5.787	1977	Vanuatu	198	Vanuatu	Asie de l'Est et Pacifique	1
#F8766D	5.716	1978	Vanuatu	198	Vanuatu	Asie de l'Est et Pacifique	1
#F8766D	5.645	1979	Vanuatu	198	Vanuatu	Asie de l'Est et Pacifique	1
#F8766D	5.575	1980	Vanuatu	198	Vanuatu	Asie de l'Est et Pacifique	1
#F8766D	5.503	1981	Vanuatu	198	Vanuatu	Asie de l'Est et Pacifique	1
#F8766D	5.43	1982	Vanuatu	198	Vanuatu	Asie de l'Est et Pacifique	1
#F8766D	5.356	1983	Vanuatu	198	Vanuatu	Asie de l'Est et Pacifique	1
#F8766D	5.282	1984	Vanuatu	198	Vanuatu	Asie de l'Est et Pacifique	1
#F8766D	5.209	1985	Vanuatu	198	Vanuatu	Asie de l'Est et Pacifique	1
#F8766D	5.141	1986	Vanuatu	198	Vanuatu	Asie de l'Est et Pacifique	1
#F8766D	5.078	1987	Vanuatu	198	Vanuatu	Asie de l'Est et Pacifique	1
#F8766D	5.022	1988	Vanuatu	198	Vanuatu	Asie de l'Est et Pacifique	1
#F8766D	4.971	1989	Vanuatu	198	Vanuatu	Asie de l'Est et Pacifique	1
#F8766D	4.926	1990	Vanuatu	198	Vanuatu	Asie de l'Est et Pacifique	1
#F8766D	4.884	1991	Vanuatu	198	Vanuatu	Asie de l'Est et Pacifique	1
#F8766D	4.844	1992	Vanuatu	198	Vanuatu	Asie de l'Est et Pacifique	1
#F8766D	4.804	1993	Vanuatu	198	Vanuatu	Asie de l'Est et Pacifique	1
#F8766D	4.761	1994	Vanuatu	198	Vanuatu	Asie de l'Est et Pacifique	1
#F8766D	4.716	1995	Vanuatu	198	Vanuatu	Asie de l'Est et Pacifique	1
#F8766D	4.667	1996	Vanuatu	198	Vanuatu	Asie de l'Est et Pacifique	1
#F8766D	4.616	1997	Vanuatu	198	Vanuatu	Asie de l'Est et Pacifique	1
#F8766D	4.562	1998	Vanuatu	198	Vanuatu	Asie de l'Est et Pacifique	1
#F8766D	4.507	1999	Vanuatu	198	Vanuatu	Asie de l'Est et Pacifique	1
#F8766D	4.45	2000	Vanuatu	198	Vanuatu	Asie de l'Est et Pacifique	1
#F8766D	4.39	2001	Vanuatu	198	Vanuatu	Asie de l'Est et Pacifique	1
#F8766D	4.33	2002	Vanuatu	198	Vanuatu	Asie de l'Est et Pacifique	1
#F8766D	4.269	2003	Vanuatu	198	Vanuatu	Asie de l'Est et Pacifique	1
#F8766D	4.208	2004	Vanuatu	198	Vanuatu	Asie de l'Est et Pacifique	1
#F8766D	4.147	2005	Vanuatu	198	Vanuatu	Asie de l'Est et Pacifique	1
#F8766D	4.088	2006	Vanuatu	198	Vanuatu	Asie de l'Est et Pacifique	1
#F8766D	4.03	2007	Vanuatu	198	Vanuatu	Asie de l'Est et Pacifique	1
#F8766D	3.974	2008	Vanuatu	198	Vanuatu	Asie de l'Est et Pacifique	1
#F8766D	3.921	2009	Vanuatu	198	Vanuatu	Asie de l'Est et Pacifique	1
#F8766D	3.869	2010	Vanuatu	198	Vanuatu	Asie de l'Est et Pacifique	1
#F8766D	3.82	2011	Vanuatu	198	Vanuatu	Asie de l'Est et Pacifique	1
#F8766D	7.362	1960	Samoa	169	Samoa	Asie de l'Est et Pacifique	1
#F8766D	7.343	1961	Samoa	169	Samoa	Asie de l'Est et Pacifique	1
#F8766D	7.296	1962	Samoa	169	Samoa	Asie de l'Est et Pacifique	1
#F8766D	7.216	1963	Samoa	169	Samoa	Asie de l'Est et Pacifique	1
#F8766D	7.103	1964	Samoa	169	Samoa	Asie de l'Est et Pacifique	1
#F8766D	6.961	1965	Samoa	169	Samoa	Asie de l'Est et Pacifique	1
#F8766D	6.798	1966	Samoa	169	Samoa	Asie de l'Est et Pacifique	1
#F8766D	6.623	1967	Samoa	169	Samoa	Asie de l'Est et Pacifique	1
#F8766D	6.446	1968	Samoa	169	Samoa	Asie de l'Est et Pacifique	1
#F8766D	6.272	1969	Samoa	169	Samoa	Asie de l'Est et Pacifique	1
#F8766D	6.101	1970	Samoa	169	Samoa	Asie de l'Est et Pacifique	1
#F8766D	5.93	1971	Samoa	169	Samoa	Asie de l'Est et Pacifique	1
#F8766D	5.755	1972	Samoa	169	Samoa	Asie de l'Est et Pacifique	1
#F8766D	5.578	1973	Samoa	169	Samoa	Asie de l'Est et Pacifique	1
#F8766D	5.402	1974	Samoa	169	Samoa	Asie de l'Est et Pacifique	1
#F8766D	5.237	1975	Samoa	169	Samoa	Asie de l'Est et Pacifique	1
#F8766D	5.092	1976	Samoa	169	Samoa	Asie de l'Est et Pacifique	1
#F8766D	4.975	1977	Samoa	169	Samoa	Asie de l'Est et Pacifique	1
#F8766D	4.89	1978	Samoa	169	Samoa	Asie de l'Est et Pacifique	1
#F8766D	4.836	1979	Samoa	169	Samoa	Asie de l'Est et Pacifique	1
#F8766D	4.81	1980	Samoa	169	Samoa	Asie de l'Est et Pacifique	1
#F8766D	4.807	1981	Samoa	169	Samoa	Asie de l'Est et Pacifique	1
#F8766D	4.816	1982	Samoa	169	Samoa	Asie de l'Est et Pacifique	1
#F8766D	4.827	1983	Samoa	169	Samoa	Asie de l'Est et Pacifique	1
#F8766D	4.836	1984	Samoa	169	Samoa	Asie de l'Est et Pacifique	1
#F8766D	4.838	1985	Samoa	169	Samoa	Asie de l'Est et Pacifique	1
#F8766D	4.832	1986	Samoa	169	Samoa	Asie de l'Est et Pacifique	1
#F8766D	4.82	1987	Samoa	169	Samoa	Asie de l'Est et Pacifique	1
#F8766D	4.803	1988	Samoa	169	Samoa	Asie de l'Est et Pacifique	1
#F8766D	4.783	1989	Samoa	169	Samoa	Asie de l'Est et Pacifique	1
#F8766D	4.762	1990	Samoa	169	Samoa	Asie de l'Est et Pacifique	1
#F8766D	4.741	1991	Samoa	169	Samoa	Asie de l'Est et Pacifique	1
#F8766D	4.724	1992	Samoa	169	Samoa	Asie de l'Est et Pacifique	1
#F8766D	4.709	1993	Samoa	169	Samoa	Asie de l'Est et Pacifique	1
#F8766D	4.698	1994	Samoa	169	Samoa	Asie de l'Est et Pacifique	1
#F8766D	4.688	1995	Samoa	169	Samoa	Asie de l'Est et Pacifique	1
#F8766D	4.677	1996	Samoa	169	Samoa	Asie de l'Est et Pacifique	1
#F8766D	4.661	1997	Samoa	169	Samoa	Asie de l'Est et Pacifique	1
#F8766D	4.638	1998	Samoa	169	Samoa	Asie de l'Est et Pacifique	1
#F8766D	4.607	1999	Samoa	169	Samoa	Asie de l'Est et Pacifique	1
#F8766D	4.564	2000	Samoa	169	Samoa	Asie de l'Est et Pacifique	1
#F8766D	4.509	2001	Samoa	169	Samoa	Asie de l'Est et Pacifique	1
#F8766D	4.443	2002	Samoa	169	Samoa	Asie de l'Est et Pacifique	1
#F8766D	4.368	2003	Samoa	169	Samoa	Asie de l'Est et Pacifique	1
#F8766D	4.287	2004	Samoa	169	Samoa	Asie de l'Est et Pacifique	1
#F8766D	4.203	2005	Samoa	169	Samoa	Asie de l'Est et Pacifique	1
#F8766D	4.12	2006	Samoa	169	Samoa	Asie de l'Est et Pacifique	1
#F8766D	4.043	2007	Samoa	169	Samoa	Asie de l'Est et Pacifique	1
#F8766D	3.973	2008	Samoa	169	Samoa	Asie de l'Est et Pacifique	1
#F8766D	3.912	2009	Samoa	169	Samoa	Asie de l'Est et Pacifique	1
#F8766D	3.86	2010	Samoa	169	Samoa	Asie de l'Est et Pacifique	1
#F8766D	3.815	2011	Samoa	169	Samoa	Asie de l'Est et Pacifique	1
#00C094	7.292	1960	Yémen, Rép. du	201	Yémen, Rép. du	Moyen-Orient et Afrique du Nord	1
#00C094	7.308	1961	Yémen, Rép. du	201	Yémen, Rép. du	Moyen-Orient et Afrique du Nord	1
#00C094	7.328	1962	Yémen, Rép. du	201	Yémen, Rép. du	Moyen-Orient et Afrique du Nord	1
#00C094	7.354	1963	Yémen, Rép. du	201	Yémen, Rép. du	Moyen-Orient et Afrique du Nord	1
#00C094	7.385	1964	Yémen, Rép. du	201	Yémen, Rép. du	Moyen-Orient et Afrique du Nord	1
#00C094	7.418	1965	Yémen, Rép. du	201	Yémen, Rép. du	Moyen-Orient et Afrique du Nord	1
#00C094	7.447	1966	Yémen, Rép. du	201	Yémen, Rép. du	Moyen-Orient et Afrique du Nord	1
#00C094	7.471	1967	Yémen, Rép. du	201	Yémen, Rép. du	Moyen-Orient et Afrique du Nord	1
#00C094	7.491	1968	Yémen, Rép. du	201	Yémen, Rép. du	Moyen-Orient et Afrique du Nord	1
#00C094	7.512	1969	Yémen, Rép. du	201	Yémen, Rép. du	Moyen-Orient et Afrique du Nord	1
#00C094	7.542	1970	Yémen, Rép. du	201	Yémen, Rép. du	Moyen-Orient et Afrique du Nord	1
#00C094	7.593	1971	Yémen, Rép. du	201	Yémen, Rép. du	Moyen-Orient et Afrique du Nord	1
#00C094	7.672	1972	Yémen, Rép. du	201	Yémen, Rép. du	Moyen-Orient et Afrique du Nord	1
#00C094	7.782	1973	Yémen, Rép. du	201	Yémen, Rép. du	Moyen-Orient et Afrique du Nord	1
#00C094	7.922	1974	Yémen, Rép. du	201	Yémen, Rép. du	Moyen-Orient et Afrique du Nord	1
#00C094	8.089	1975	Yémen, Rép. du	201	Yémen, Rép. du	Moyen-Orient et Afrique du Nord	1
#00C094	8.277	1976	Yémen, Rép. du	201	Yémen, Rép. du	Moyen-Orient et Afrique du Nord	1
#00C094	8.474	1977	Yémen, Rép. du	201	Yémen, Rép. du	Moyen-Orient et Afrique du Nord	1
#00C094	8.667	1978	Yémen, Rép. du	201	Yémen, Rép. du	Moyen-Orient et Afrique du Nord	1
#00C094	8.843	1979	Yémen, Rép. du	201	Yémen, Rép. du	Moyen-Orient et Afrique du Nord	1
#00C094	8.993	1980	Yémen, Rép. du	201	Yémen, Rép. du	Moyen-Orient et Afrique du Nord	1
#00C094	9.108	1981	Yémen, Rép. du	201	Yémen, Rép. du	Moyen-Orient et Afrique du Nord	1
#00C094	9.185	1982	Yémen, Rép. du	201	Yémen, Rép. du	Moyen-Orient et Afrique du Nord	1
#00C094	9.223	1983	Yémen, Rép. du	201	Yémen, Rép. du	Moyen-Orient et Afrique du Nord	1
#00C094	9.223	1984	Yémen, Rép. du	201	Yémen, Rép. du	Moyen-Orient et Afrique du Nord	1
#00C094	9.186	1985	Yémen, Rép. du	201	Yémen, Rép. du	Moyen-Orient et Afrique du Nord	1
#00C094	9.118	1986	Yémen, Rép. du	201	Yémen, Rép. du	Moyen-Orient et Afrique du Nord	1
#00C094	9.027	1987	Yémen, Rép. du	201	Yémen, Rép. du	Moyen-Orient et Afrique du Nord	1
#00C094	8.919	1988	Yémen, Rép. du	201	Yémen, Rép. du	Moyen-Orient et Afrique du Nord	1
#00C094	8.797	1989	Yémen, Rép. du	201	Yémen, Rép. du	Moyen-Orient et Afrique du Nord	1
#00C094	8.659	1990	Yémen, Rép. du	201	Yémen, Rép. du	Moyen-Orient et Afrique du Nord	1
#00C094	8.498	1991	Yémen, Rép. du	201	Yémen, Rép. du	Moyen-Orient et Afrique du Nord	1
#00C094	8.312	1992	Yémen, Rép. du	201	Yémen, Rép. du	Moyen-Orient et Afrique du Nord	1
#00C094	8.1	1993	Yémen, Rép. du	201	Yémen, Rép. du	Moyen-Orient et Afrique du Nord	1
#00C094	7.868	1994	Yémen, Rép. du	201	Yémen, Rép. du	Moyen-Orient et Afrique du Nord	1
#00C094	7.622	1995	Yémen, Rép. du	201	Yémen, Rép. du	Moyen-Orient et Afrique du Nord	1
#00C094	7.373	1996	Yémen, Rép. du	201	Yémen, Rép. du	Moyen-Orient et Afrique du Nord	1
#00C094	7.128	1997	Yémen, Rép. du	201	Yémen, Rép. du	Moyen-Orient et Afrique du Nord	1
#00C094	6.896	1998	Yémen, Rép. du	201	Yémen, Rép. du	Moyen-Orient et Afrique du Nord	1
#00C094	6.682	1999	Yémen, Rép. du	201	Yémen, Rép. du	Moyen-Orient et Afrique du Nord	1
#00C094	6.489	2000	Yémen, Rép. du	201	Yémen, Rép. du	Moyen-Orient et Afrique du Nord	1
#00C094	6.318	2001	Yémen, Rép. du	201	Yémen, Rép. du	Moyen-Orient et Afrique du Nord	1
#00C094	6.162	2002	Yémen, Rép. du	201	Yémen, Rép. du	Moyen-Orient et Afrique du Nord	1
#00C094	6.018	2003	Yémen, Rép. du	201	Yémen, Rép. du	Moyen-Orient et Afrique du Nord	1
#00C094	5.884	2004	Yémen, Rép. du	201	Yémen, Rép. du	Moyen-Orient et Afrique du Nord	1
#00C094	5.757	2005	Yémen, Rép. du	201	Yémen, Rép. du	Moyen-Orient et Afrique du Nord	1
#00C094	5.638	2006	Yémen, Rép. du	201	Yémen, Rép. du	Moyen-Orient et Afrique du Nord	1
#00C094	5.524	2007	Yémen, Rép. du	201	Yémen, Rép. du	Moyen-Orient et Afrique du Nord	1
#00C094	5.414	2008	Yémen, Rép. du	201	Yémen, Rép. du	Moyen-Orient et Afrique du Nord	1
#00C094	5.307	2009	Yémen, Rép. du	201	Yémen, Rép. du	Moyen-Orient et Afrique du Nord	1
#00C094	5.2	2010	Yémen, Rép. du	201	Yémen, Rép. du	Moyen-Orient et Afrique du Nord	1
#00C094	5.092	2011	Yémen, Rép. du	201	Yémen, Rép. du	Moyen-Orient et Afrique du Nord	1
#FB61D7	6.446	1960	Afrique du Sud	2	Afrique du Sud	Afrique subsaharienne	1
#FB61D7	6.391	1961	Afrique du Sud	2	Afrique du Sud	Afrique subsaharienne	1
#FB61D7	6.317	1962	Afrique du Sud	2	Afrique du Sud	Afrique subsaharienne	1
#FB61D7	6.224	1963	Afrique du Sud	2	Afrique du Sud	Afrique subsaharienne	1
#FB61D7	6.118	1964	Afrique du Sud	2	Afrique du Sud	Afrique subsaharienne	1
#FB61D7	6.004	1965	Afrique du Sud	2	Afrique du Sud	Afrique subsaharienne	1
#FB61D7	5.892	1966	Afrique du Sud	2	Afrique du Sud	Afrique subsaharienne	1
#FB61D7	5.791	1967	Afrique du Sud	2	Afrique du Sud	Afrique subsaharienne	1
#FB61D7	5.705	1968	Afrique du Sud	2	Afrique du Sud	Afrique subsaharienne	1
#FB61D7	5.634	1969	Afrique du Sud	2	Afrique du Sud	Afrique subsaharienne	1
#FB61D7	5.576	1970	Afrique du Sud	2	Afrique du Sud	Afrique subsaharienne	1
#FB61D7	5.525	1971	Afrique du Sud	2	Afrique du Sud	Afrique subsaharienne	1
#FB61D7	5.471	1972	Afrique du Sud	2	Afrique du Sud	Afrique subsaharienne	1
#FB61D7	5.408	1973	Afrique du Sud	2	Afrique du Sud	Afrique subsaharienne	1
#FB61D7	5.335	1974	Afrique du Sud	2	Afrique du Sud	Afrique subsaharienne	1
#FB61D7	5.251	1975	Afrique du Sud	2	Afrique du Sud	Afrique subsaharienne	1
#FB61D7	5.159	1976	Afrique du Sud	2	Afrique du Sud	Afrique subsaharienne	1
#FB61D7	5.064	1977	Afrique du Sud	2	Afrique du Sud	Afrique subsaharienne	1
#FB61D7	4.969	1978	Afrique du Sud	2	Afrique du Sud	Afrique subsaharienne	1
#FB61D7	4.877	1979	Afrique du Sud	2	Afrique du Sud	Afrique subsaharienne	1
#FB61D7	4.786	1980	Afrique du Sud	2	Afrique du Sud	Afrique subsaharienne	1
#FB61D7	4.695	1981	Afrique du Sud	2	Afrique du Sud	Afrique subsaharienne	1
#FB61D7	4.602	1982	Afrique du Sud	2	Afrique du Sud	Afrique subsaharienne	1
#FB61D7	4.504	1983	Afrique du Sud	2	Afrique du Sud	Afrique subsaharienne	1
#FB61D7	4.402	1984	Afrique du Sud	2	Afrique du Sud	Afrique subsaharienne	1
#FB61D7	4.293	1985	Afrique du Sud	2	Afrique du Sud	Afrique subsaharienne	1
#FB61D7	4.177	1986	Afrique du Sud	2	Afrique du Sud	Afrique subsaharienne	1
#FB61D7	4.052	1987	Afrique du Sud	2	Afrique du Sud	Afrique subsaharienne	1
#FB61D7	3.923	1988	Afrique du Sud	2	Afrique du Sud	Afrique subsaharienne	1
#FB61D7	3.791	1989	Afrique du Sud	2	Afrique du Sud	Afrique subsaharienne	1
#FB61D7	3.658	1990	Afrique du Sud	2	Afrique du Sud	Afrique subsaharienne	1
#FB61D7	3.53	1991	Afrique du Sud	2	Afrique du Sud	Afrique subsaharienne	1
#FB61D7	3.408	1992	Afrique du Sud	2	Afrique du Sud	Afrique subsaharienne	1
#FB61D7	3.296	1993	Afrique du Sud	2	Afrique du Sud	Afrique subsaharienne	1
#FB61D7	3.196	1994	Afrique du Sud	2	Afrique du Sud	Afrique subsaharienne	1
#FB61D7	3.11	1995	Afrique du Sud	2	Afrique du Sud	Afrique subsaharienne	1
#FB61D7	3.04	1996	Afrique du Sud	2	Afrique du Sud	Afrique subsaharienne	1
#FB61D7	2.983	1997	Afrique du Sud	2	Afrique du Sud	Afrique subsaharienne	1
#FB61D7	2.937	1998	Afrique du Sud	2	Afrique du Sud	Afrique subsaharienne	1
#FB61D7	2.899	1999	Afrique du Sud	2	Afrique du Sud	Afrique subsaharienne	1
#FB61D7	2.866	2000	Afrique du Sud	2	Afrique du Sud	Afrique subsaharienne	1
#FB61D7	2.835	2001	Afrique du Sud	2	Afrique du Sud	Afrique subsaharienne	1
#FB61D7	2.801	2002	Afrique du Sud	2	Afrique du Sud	Afrique subsaharienne	1
#FB61D7	2.764	2003	Afrique du Sud	2	Afrique du Sud	Afrique subsaharienne	1
#FB61D7	2.722	2004	Afrique du Sud	2	Afrique du Sud	Afrique subsaharienne	1
#FB61D7	2.676	2005	Afrique du Sud	2	Afrique du Sud	Afrique subsaharienne	1
#FB61D7	2.628	2006	Afrique du Sud	2	Afrique du Sud	Afrique subsaharienne	1
#FB61D7	2.58	2007	Afrique du Sud	2	Afrique du Sud	Afrique subsaharienne	1
#FB61D7	2.536	2008	Afrique du Sud	2	Afrique du Sud	Afrique subsaharienne	1
#FB61D7	2.495	2009	Afrique du Sud	2	Afrique du Sud	Afrique subsaharienne	1
#FB61D7	2.458	2010	Afrique du Sud	2	Afrique du Sud	Afrique subsaharienne	1
#FB61D7	2.425	2011	Afrique du Sud	2	Afrique du Sud	Afrique subsaharienne	1
#FB61D7	7.018	1960	Zambie	202	Zambie	Afrique subsaharienne	1
#FB61D7	7.071	1961	Zambie	202	Zambie	Afrique subsaharienne	1
#FB61D7	7.127	1962	Zambie	202	Zambie	Afrique subsaharienne	1
#FB61D7	7.184	1963	Zambie	202	Zambie	Afrique subsaharienne	1
#FB61D7	7.24	1964	Zambie	202	Zambie	Afrique subsaharienne	1
#FB61D7	7.292	1965	Zambie	202	Zambie	Afrique subsaharienne	1
#FB61D7	7.338	1966	Zambie	202	Zambie	Afrique subsaharienne	1
#FB61D7	7.376	1967	Zambie	202	Zambie	Afrique subsaharienne	1
#FB61D7	7.405	1968	Zambie	202	Zambie	Afrique subsaharienne	1
#FB61D7	7.425	1969	Zambie	202	Zambie	Afrique subsaharienne	1
#FB61D7	7.437	1970	Zambie	202	Zambie	Afrique subsaharienne	1
#FB61D7	7.443	1971	Zambie	202	Zambie	Afrique subsaharienne	1
#FB61D7	7.446	1972	Zambie	202	Zambie	Afrique subsaharienne	1
#FB61D7	7.447	1973	Zambie	202	Zambie	Afrique subsaharienne	1
#FB61D7	7.444	1974	Zambie	202	Zambie	Afrique subsaharienne	1
#FB61D7	7.435	1975	Zambie	202	Zambie	Afrique subsaharienne	1
#FB61D7	7.414	1976	Zambie	202	Zambie	Afrique subsaharienne	1
#FB61D7	7.378	1977	Zambie	202	Zambie	Afrique subsaharienne	1
#FB61D7	7.326	1978	Zambie	202	Zambie	Afrique subsaharienne	1
#FB61D7	7.259	1979	Zambie	202	Zambie	Afrique subsaharienne	1
#FB61D7	7.182	1980	Zambie	202	Zambie	Afrique subsaharienne	1
#FB61D7	7.098	1981	Zambie	202	Zambie	Afrique subsaharienne	1
#FB61D7	7.015	1982	Zambie	202	Zambie	Afrique subsaharienne	1
#FB61D7	6.937	1983	Zambie	202	Zambie	Afrique subsaharienne	1
#FB61D7	6.865	1984	Zambie	202	Zambie	Afrique subsaharienne	1
#FB61D7	6.799	1985	Zambie	202	Zambie	Afrique subsaharienne	1
#FB61D7	6.736	1986	Zambie	202	Zambie	Afrique subsaharienne	1
#FB61D7	6.671	1987	Zambie	202	Zambie	Afrique subsaharienne	1
#FB61D7	6.604	1988	Zambie	202	Zambie	Afrique subsaharienne	1
#FB61D7	6.534	1989	Zambie	202	Zambie	Afrique subsaharienne	1
#FB61D7	6.464	1990	Zambie	202	Zambie	Afrique subsaharienne	1
#FB61D7	6.398	1991	Zambie	202	Zambie	Afrique subsaharienne	1
#FB61D7	6.341	1992	Zambie	202	Zambie	Afrique subsaharienne	1
#FB61D7	6.294	1993	Zambie	202	Zambie	Afrique subsaharienne	1
#FB61D7	6.257	1994	Zambie	202	Zambie	Afrique subsaharienne	1
#FB61D7	6.23	1995	Zambie	202	Zambie	Afrique subsaharienne	1
#FB61D7	6.209	1996	Zambie	202	Zambie	Afrique subsaharienne	1
#FB61D7	6.19	1997	Zambie	202	Zambie	Afrique subsaharienne	1
#FB61D7	6.171	1998	Zambie	202	Zambie	Afrique subsaharienne	1
#FB61D7	6.152	1999	Zambie	202	Zambie	Afrique subsaharienne	1
#FB61D7	6.134	2000	Zambie	202	Zambie	Afrique subsaharienne	1
#FB61D7	6.119	2001	Zambie	202	Zambie	Afrique subsaharienne	1
#FB61D7	6.111	2002	Zambie	202	Zambie	Afrique subsaharienne	1
#FB61D7	6.111	2003	Zambie	202	Zambie	Afrique subsaharienne	1
#FB61D7	6.119	2004	Zambie	202	Zambie	Afrique subsaharienne	1
#FB61D7	6.135	2005	Zambie	202	Zambie	Afrique subsaharienne	1
#FB61D7	6.157	2006	Zambie	202	Zambie	Afrique subsaharienne	1
#FB61D7	6.182	2007	Zambie	202	Zambie	Afrique subsaharienne	1
#FB61D7	6.209	2008	Zambie	202	Zambie	Afrique subsaharienne	1
#FB61D7	6.234	2009	Zambie	202	Zambie	Afrique subsaharienne	1
#FB61D7	6.258	2010	Zambie	202	Zambie	Afrique subsaharienne	1
#FB61D7	6.279	2011	Zambie	202	Zambie	Afrique subsaharienne	1
#FB61D7	7.158	1960	Zimbabwe	203	Zimbabwe	Afrique subsaharienne	1
#FB61D7	7.215	1961	Zimbabwe	203	Zimbabwe	Afrique subsaharienne	1
#FB61D7	7.267	1962	Zimbabwe	203	Zimbabwe	Afrique subsaharienne	1
#FB61D7	7.311	1963	Zimbabwe	203	Zimbabwe	Afrique subsaharienne	1
#FB61D7	7.347	1964	Zimbabwe	203	Zimbabwe	Afrique subsaharienne	1
#FB61D7	7.373	1965	Zimbabwe	203	Zimbabwe	Afrique subsaharienne	1
#FB61D7	7.391	1966	Zimbabwe	203	Zimbabwe	Afrique subsaharienne	1
#FB61D7	7.403	1967	Zimbabwe	203	Zimbabwe	Afrique subsaharienne	1
#FB61D7	7.411	1968	Zimbabwe	203	Zimbabwe	Afrique subsaharienne	1
#FB61D7	7.415	1969	Zimbabwe	203	Zimbabwe	Afrique subsaharienne	1
#FB61D7	7.417	1970	Zimbabwe	203	Zimbabwe	Afrique subsaharienne	1
#FB61D7	7.419	1971	Zimbabwe	203	Zimbabwe	Afrique subsaharienne	1
#FB61D7	7.42	1972	Zimbabwe	203	Zimbabwe	Afrique subsaharienne	1
#FB61D7	7.417	1973	Zimbabwe	203	Zimbabwe	Afrique subsaharienne	1
#FB61D7	7.41	1974	Zimbabwe	203	Zimbabwe	Afrique subsaharienne	1
#FB61D7	7.395	1975	Zimbabwe	203	Zimbabwe	Afrique subsaharienne	1
#FB61D7	7.369	1976	Zimbabwe	203	Zimbabwe	Afrique subsaharienne	1
#FB61D7	7.33	1977	Zimbabwe	203	Zimbabwe	Afrique subsaharienne	1
#FB61D7	7.273	1978	Zimbabwe	203	Zimbabwe	Afrique subsaharienne	1
#FB61D7	7.196	1979	Zimbabwe	203	Zimbabwe	Afrique subsaharienne	1
#FB61D7	7.095	1980	Zimbabwe	203	Zimbabwe	Afrique subsaharienne	1
#FB61D7	6.967	1981	Zimbabwe	203	Zimbabwe	Afrique subsaharienne	1
#FB61D7	6.811	1982	Zimbabwe	203	Zimbabwe	Afrique subsaharienne	1
#FB61D7	6.633	1983	Zimbabwe	203	Zimbabwe	Afrique subsaharienne	1
#FB61D7	6.435	1984	Zimbabwe	203	Zimbabwe	Afrique subsaharienne	1
#FB61D7	6.224	1985	Zimbabwe	203	Zimbabwe	Afrique subsaharienne	1
#FB61D7	6.006	1986	Zimbabwe	203	Zimbabwe	Afrique subsaharienne	1
#FB61D7	5.788	1987	Zimbabwe	203	Zimbabwe	Afrique subsaharienne	1
#FB61D7	5.577	1988	Zimbabwe	203	Zimbabwe	Afrique subsaharienne	1
#FB61D7	5.376	1989	Zimbabwe	203	Zimbabwe	Afrique subsaharienne	1
#FB61D7	5.187	1990	Zimbabwe	203	Zimbabwe	Afrique subsaharienne	1
#FB61D7	5.009	1991	Zimbabwe	203	Zimbabwe	Afrique subsaharienne	1
#FB61D7	4.839	1992	Zimbabwe	203	Zimbabwe	Afrique subsaharienne	1
#FB61D7	4.674	1993	Zimbabwe	203	Zimbabwe	Afrique subsaharienne	1
#FB61D7	4.516	1994	Zimbabwe	203	Zimbabwe	Afrique subsaharienne	1
#FB61D7	4.369	1995	Zimbabwe	203	Zimbabwe	Afrique subsaharienne	1
#FB61D7	4.235	1996	Zimbabwe	203	Zimbabwe	Afrique subsaharienne	1
#FB61D7	4.118	1997	Zimbabwe	203	Zimbabwe	Afrique subsaharienne	1
#FB61D7	4.017	1998	Zimbabwe	203	Zimbabwe	Afrique subsaharienne	1
#FB61D7	3.932	1999	Zimbabwe	203	Zimbabwe	Afrique subsaharienne	1
#FB61D7	3.862	2000	Zimbabwe	203	Zimbabwe	Afrique subsaharienne	1
#FB61D7	3.803	2001	Zimbabwe	203	Zimbabwe	Afrique subsaharienne	1
#FB61D7	3.752	2002	Zimbabwe	203	Zimbabwe	Afrique subsaharienne	1
#FB61D7	3.704	2003	Zimbabwe	203	Zimbabwe	Afrique subsaharienne	1
#FB61D7	3.657	2004	Zimbabwe	203	Zimbabwe	Afrique subsaharienne	1
#FB61D7	3.606	2005	Zimbabwe	203	Zimbabwe	Afrique subsaharienne	1
#FB61D7	3.551	2006	Zimbabwe	203	Zimbabwe	Afrique subsaharienne	1
#FB61D7	3.491	2007	Zimbabwe	203	Zimbabwe	Afrique subsaharienne	1
#FB61D7	3.428	2008	Zimbabwe	203	Zimbabwe	Afrique subsaharienne	1
#FB61D7	3.36	2009	Zimbabwe	203	Zimbabwe	Afrique subsaharienne	1
#FB61D7	3.29	2010	Zimbabwe	203	Zimbabwe	Afrique subsaharienne	1
#FB61D7	3.219	2011	Zimbabwe	203	Zimbabwe	Afrique subsaharienne	1
