xmin	xmax	key	clickSelects.variable	clickSelects.value	showSelected.variable	showSelected.value	PANEL	group
1959.5	1960.5	1	année	1960	année	1960	4	1
1960.5	1961.5	1961 1960	année	1961	année	1960	4	53
1961.5	1962.5	1962 1960	année	1962	année	1960	4	104
1962.5	1963.5	1963 1960	année	1963	année	1960	4	155
1963.5	1964.5	1964 1960	année	1964	année	1960	4	206
1964.5	1965.5	1965 1960	année	1965	année	1960	4	257
1965.5	1966.5	1966 1960	année	1966	année	1960	4	308
1966.5	1967.5	1967 1960	année	1967	année	1960	4	359
1967.5	1968.5	1968 1960	année	1968	année	1960	4	410
1968.5	1969.5	1969 1960	année	1969	année	1960	4	461
1969.5	1970.5	1970 1960	année	1970	année	1960	4	512
1970.5	1971.5	1971 1960	année	1971	année	1960	4	563
1971.5	1972.5	1972 1960	année	1972	année	1960	4	614
1972.5	1973.5	1973 1960	année	1973	année	1960	4	665
1973.5	1974.5	1974 1960	année	1974	année	1960	4	716
1974.5	1975.5	1975 1960	année	1975	année	1960	4	767
1975.5	1976.5	1976 1960	année	1976	année	1960	4	818
1976.5	1977.5	1977 1960	année	1977	année	1960	4	869
1977.5	1978.5	1978 1960	année	1978	année	1960	4	920
1978.5	1979.5	1979 1960	année	1979	année	1960	4	971
1979.5	1980.5	1980 1960	année	1980	année	1960	4	1022
1980.5	1981.5	1981 1960	année	1981	année	1960	4	1073
1981.5	1982.5	1982 1960	année	1982	année	1960	4	1124
1982.5	1983.5	1983 1960	année	1983	année	1960	4	1175
1983.5	1984.5	1984 1960	année	1984	année	1960	4	1226
1984.5	1985.5	1985 1960	année	1985	année	1960	4	1277
1985.5	1986.5	1986 1960	année	1986	année	1960	4	1328
1986.5	1987.5	1987 1960	année	1987	année	1960	4	1379
1987.5	1988.5	1988 1960	année	1988	année	1960	4	1430
1988.5	1989.5	1989 1960	année	1989	année	1960	4	1481
1989.5	1990.5	1990 1960	année	1990	année	1960	4	1532
1990.5	1991.5	1991 1960	année	1991	année	1960	4	1583
1991.5	1992.5	1992 1960	année	1992	année	1960	4	1634
1992.5	1993.5	1993 1960	année	1993	année	1960	4	1685
1993.5	1994.5	1994 1960	année	1994	année	1960	4	1736
1994.5	1995.5	1995 1960	année	1995	année	1960	4	1787
1995.5	1996.5	1996 1960	année	1996	année	1960	4	1838
1996.5	1997.5	1997 1960	année	1997	année	1960	4	1889
1997.5	1998.5	1998 1960	année	1998	année	1960	4	1940
1998.5	1999.5	1999 1960	année	1999	année	1960	4	1991
1999.5	2000.5	2000 1960	année	2000	année	1960	4	2042
2000.5	2001.5	2001 1960	année	2001	année	1960	4	2093
2001.5	2002.5	2002 1960	année	2002	année	1960	4	2144
2002.5	2003.5	2003 1960	année	2003	année	1960	4	2195
2003.5	2004.5	2004 1960	année	2004	année	1960	4	2246
2004.5	2005.5	2005 1960	année	2005	année	1960	4	2297
2005.5	2006.5	2006 1960	année	2006	année	1960	4	2348
2006.5	2007.5	2007 1960	année	2007	année	1960	4	2399
2007.5	2008.5	2008 1960	année	2008	année	1960	4	2450
2008.5	2009.5	2009 1960	année	2009	année	1960	4	2501
2009.5	2010.5	2010 1960	année	2010	année	1960	4	2552
2010.5	2011.5	2011 1960	année	2011	année	1960	4	2603
1959.5	1960.5	1960 1961	année	1960	année	1961	4	2
1960.5	1961.5	1	année	1961	année	1961	4	1
1961.5	1962.5	1962 1961	année	1962	année	1961	4	105
1962.5	1963.5	1963 1961	année	1963	année	1961	4	156
1963.5	1964.5	1964 1961	année	1964	année	1961	4	207
1964.5	1965.5	1965 1961	année	1965	année	1961	4	258
1965.5	1966.5	1966 1961	année	1966	année	1961	4	309
1966.5	1967.5	1967 1961	année	1967	année	1961	4	360
1967.5	1968.5	1968 1961	année	1968	année	1961	4	411
1968.5	1969.5	1969 1961	année	1969	année	1961	4	462
1969.5	1970.5	1970 1961	année	1970	année	1961	4	513
1970.5	1971.5	1971 1961	année	1971	année	1961	4	564
1971.5	1972.5	1972 1961	année	1972	année	1961	4	615
1972.5	1973.5	1973 1961	année	1973	année	1961	4	666
1973.5	1974.5	1974 1961	année	1974	année	1961	4	717
1974.5	1975.5	1975 1961	année	1975	année	1961	4	768
1975.5	1976.5	1976 1961	année	1976	année	1961	4	819
1976.5	1977.5	1977 1961	année	1977	année	1961	4	870
1977.5	1978.5	1978 1961	année	1978	année	1961	4	921
1978.5	1979.5	1979 1961	année	1979	année	1961	4	972
1979.5	1980.5	1980 1961	année	1980	année	1961	4	1023
1980.5	1981.5	1981 1961	année	1981	année	1961	4	1074
1981.5	1982.5	1982 1961	année	1982	année	1961	4	1125
1982.5	1983.5	1983 1961	année	1983	année	1961	4	1176
1983.5	1984.5	1984 1961	année	1984	année	1961	4	1227
1984.5	1985.5	1985 1961	année	1985	année	1961	4	1278
1985.5	1986.5	1986 1961	année	1986	année	1961	4	1329
1986.5	1987.5	1987 1961	année	1987	année	1961	4	1380
1987.5	1988.5	1988 1961	année	1988	année	1961	4	1431
1988.5	1989.5	1989 1961	année	1989	année	1961	4	1482
1989.5	1990.5	1990 1961	année	1990	année	1961	4	1533
1990.5	1991.5	1991 1961	année	1991	année	1961	4	1584
1991.5	1992.5	1992 1961	année	1992	année	1961	4	1635
1992.5	1993.5	1993 1961	année	1993	année	1961	4	1686
1993.5	1994.5	1994 1961	année	1994	année	1961	4	1737
1994.5	1995.5	1995 1961	année	1995	année	1961	4	1788
1995.5	1996.5	1996 1961	année	1996	année	1961	4	1839
1996.5	1997.5	1997 1961	année	1997	année	1961	4	1890
1997.5	1998.5	1998 1961	année	1998	année	1961	4	1941
1998.5	1999.5	1999 1961	année	1999	année	1961	4	1992
1999.5	2000.5	2000 1961	année	2000	année	1961	4	2043
2000.5	2001.5	2001 1961	année	2001	année	1961	4	2094
2001.5	2002.5	2002 1961	année	2002	année	1961	4	2145
2002.5	2003.5	2003 1961	année	2003	année	1961	4	2196
2003.5	2004.5	2004 1961	année	2004	année	1961	4	2247
2004.5	2005.5	2005 1961	année	2005	année	1961	4	2298
2005.5	2006.5	2006 1961	année	2006	année	1961	4	2349
2006.5	2007.5	2007 1961	année	2007	année	1961	4	2400
2007.5	2008.5	2008 1961	année	2008	année	1961	4	2451
2008.5	2009.5	2009 1961	année	2009	année	1961	4	2502
2009.5	2010.5	2010 1961	année	2010	année	1961	4	2553
2010.5	2011.5	2011 1961	année	2011	année	1961	4	2604
1959.5	1960.5	1960 1962	année	1960	année	1962	4	3
1960.5	1961.5	1961 1962	année	1961	année	1962	4	54
1961.5	1962.5	1	année	1962	année	1962	4	1
1962.5	1963.5	1963 1962	année	1963	année	1962	4	157
1963.5	1964.5	1964 1962	année	1964	année	1962	4	208
1964.5	1965.5	1965 1962	année	1965	année	1962	4	259
1965.5	1966.5	1966 1962	année	1966	année	1962	4	310
1966.5	1967.5	1967 1962	année	1967	année	1962	4	361
1967.5	1968.5	1968 1962	année	1968	année	1962	4	412
1968.5	1969.5	1969 1962	année	1969	année	1962	4	463
1969.5	1970.5	1970 1962	année	1970	année	1962	4	514
1970.5	1971.5	1971 1962	année	1971	année	1962	4	565
1971.5	1972.5	1972 1962	année	1972	année	1962	4	616
1972.5	1973.5	1973 1962	année	1973	année	1962	4	667
1973.5	1974.5	1974 1962	année	1974	année	1962	4	718
1974.5	1975.5	1975 1962	année	1975	année	1962	4	769
1975.5	1976.5	1976 1962	année	1976	année	1962	4	820
1976.5	1977.5	1977 1962	année	1977	année	1962	4	871
1977.5	1978.5	1978 1962	année	1978	année	1962	4	922
1978.5	1979.5	1979 1962	année	1979	année	1962	4	973
1979.5	1980.5	1980 1962	année	1980	année	1962	4	1024
1980.5	1981.5	1981 1962	année	1981	année	1962	4	1075
1981.5	1982.5	1982 1962	année	1982	année	1962	4	1126
1982.5	1983.5	1983 1962	année	1983	année	1962	4	1177
1983.5	1984.5	1984 1962	année	1984	année	1962	4	1228
1984.5	1985.5	1985 1962	année	1985	année	1962	4	1279
1985.5	1986.5	1986 1962	année	1986	année	1962	4	1330
1986.5	1987.5	1987 1962	année	1987	année	1962	4	1381
1987.5	1988.5	1988 1962	année	1988	année	1962	4	1432
1988.5	1989.5	1989 1962	année	1989	année	1962	4	1483
1989.5	1990.5	1990 1962	année	1990	année	1962	4	1534
1990.5	1991.5	1991 1962	année	1991	année	1962	4	1585
1991.5	1992.5	1992 1962	année	1992	année	1962	4	1636
1992.5	1993.5	1993 1962	année	1993	année	1962	4	1687
1993.5	1994.5	1994 1962	année	1994	année	1962	4	1738
1994.5	1995.5	1995 1962	année	1995	année	1962	4	1789
1995.5	1996.5	1996 1962	année	1996	année	1962	4	1840
1996.5	1997.5	1997 1962	année	1997	année	1962	4	1891
1997.5	1998.5	1998 1962	année	1998	année	1962	4	1942
1998.5	1999.5	1999 1962	année	1999	année	1962	4	1993
1999.5	2000.5	2000 1962	année	2000	année	1962	4	2044
2000.5	2001.5	2001 1962	année	2001	année	1962	4	2095
2001.5	2002.5	2002 1962	année	2002	année	1962	4	2146
2002.5	2003.5	2003 1962	année	2003	année	1962	4	2197
2003.5	2004.5	2004 1962	année	2004	année	1962	4	2248
2004.5	2005.5	2005 1962	année	2005	année	1962	4	2299
2005.5	2006.5	2006 1962	année	2006	année	1962	4	2350
2006.5	2007.5	2007 1962	année	2007	année	1962	4	2401
2007.5	2008.5	2008 1962	année	2008	année	1962	4	2452
2008.5	2009.5	2009 1962	année	2009	année	1962	4	2503
2009.5	2010.5	2010 1962	année	2010	année	1962	4	2554
2010.5	2011.5	2011 1962	année	2011	année	1962	4	2605
1959.5	1960.5	1960 1963	année	1960	année	1963	4	4
1960.5	1961.5	1961 1963	année	1961	année	1963	4	55
1961.5	1962.5	1962 1963	année	1962	année	1963	4	106
1962.5	1963.5	1	année	1963	année	1963	4	1
1963.5	1964.5	1964 1963	année	1964	année	1963	4	209
1964.5	1965.5	1965 1963	année	1965	année	1963	4	260
1965.5	1966.5	1966 1963	année	1966	année	1963	4	311
1966.5	1967.5	1967 1963	année	1967	année	1963	4	362
1967.5	1968.5	1968 1963	année	1968	année	1963	4	413
1968.5	1969.5	1969 1963	année	1969	année	1963	4	464
1969.5	1970.5	1970 1963	année	1970	année	1963	4	515
1970.5	1971.5	1971 1963	année	1971	année	1963	4	566
1971.5	1972.5	1972 1963	année	1972	année	1963	4	617
1972.5	1973.5	1973 1963	année	1973	année	1963	4	668
1973.5	1974.5	1974 1963	année	1974	année	1963	4	719
1974.5	1975.5	1975 1963	année	1975	année	1963	4	770
1975.5	1976.5	1976 1963	année	1976	année	1963	4	821
1976.5	1977.5	1977 1963	année	1977	année	1963	4	872
1977.5	1978.5	1978 1963	année	1978	année	1963	4	923
1978.5	1979.5	1979 1963	année	1979	année	1963	4	974
1979.5	1980.5	1980 1963	année	1980	année	1963	4	1025
1980.5	1981.5	1981 1963	année	1981	année	1963	4	1076
1981.5	1982.5	1982 1963	année	1982	année	1963	4	1127
1982.5	1983.5	1983 1963	année	1983	année	1963	4	1178
1983.5	1984.5	1984 1963	année	1984	année	1963	4	1229
1984.5	1985.5	1985 1963	année	1985	année	1963	4	1280
1985.5	1986.5	1986 1963	année	1986	année	1963	4	1331
1986.5	1987.5	1987 1963	année	1987	année	1963	4	1382
1987.5	1988.5	1988 1963	année	1988	année	1963	4	1433
1988.5	1989.5	1989 1963	année	1989	année	1963	4	1484
1989.5	1990.5	1990 1963	année	1990	année	1963	4	1535
1990.5	1991.5	1991 1963	année	1991	année	1963	4	1586
1991.5	1992.5	1992 1963	année	1992	année	1963	4	1637
1992.5	1993.5	1993 1963	année	1993	année	1963	4	1688
1993.5	1994.5	1994 1963	année	1994	année	1963	4	1739
1994.5	1995.5	1995 1963	année	1995	année	1963	4	1790
1995.5	1996.5	1996 1963	année	1996	année	1963	4	1841
1996.5	1997.5	1997 1963	année	1997	année	1963	4	1892
1997.5	1998.5	1998 1963	année	1998	année	1963	4	1943
1998.5	1999.5	1999 1963	année	1999	année	1963	4	1994
1999.5	2000.5	2000 1963	année	2000	année	1963	4	2045
2000.5	2001.5	2001 1963	année	2001	année	1963	4	2096
2001.5	2002.5	2002 1963	année	2002	année	1963	4	2147
2002.5	2003.5	2003 1963	année	2003	année	1963	4	2198
2003.5	2004.5	2004 1963	année	2004	année	1963	4	2249
2004.5	2005.5	2005 1963	année	2005	année	1963	4	2300
2005.5	2006.5	2006 1963	année	2006	année	1963	4	2351
2006.5	2007.5	2007 1963	année	2007	année	1963	4	2402
2007.5	2008.5	2008 1963	année	2008	année	1963	4	2453
2008.5	2009.5	2009 1963	année	2009	année	1963	4	2504
2009.5	2010.5	2010 1963	année	2010	année	1963	4	2555
2010.5	2011.5	2011 1963	année	2011	année	1963	4	2606
1959.5	1960.5	1960 1964	année	1960	année	1964	4	5
1960.5	1961.5	1961 1964	année	1961	année	1964	4	56
1961.5	1962.5	1962 1964	année	1962	année	1964	4	107
1962.5	1963.5	1963 1964	année	1963	année	1964	4	158
1963.5	1964.5	1	année	1964	année	1964	4	1
1964.5	1965.5	1965 1964	année	1965	année	1964	4	261
1965.5	1966.5	1966 1964	année	1966	année	1964	4	312
1966.5	1967.5	1967 1964	année	1967	année	1964	4	363
1967.5	1968.5	1968 1964	année	1968	année	1964	4	414
1968.5	1969.5	1969 1964	année	1969	année	1964	4	465
1969.5	1970.5	1970 1964	année	1970	année	1964	4	516
1970.5	1971.5	1971 1964	année	1971	année	1964	4	567
1971.5	1972.5	1972 1964	année	1972	année	1964	4	618
1972.5	1973.5	1973 1964	année	1973	année	1964	4	669
1973.5	1974.5	1974 1964	année	1974	année	1964	4	720
1974.5	1975.5	1975 1964	année	1975	année	1964	4	771
1975.5	1976.5	1976 1964	année	1976	année	1964	4	822
1976.5	1977.5	1977 1964	année	1977	année	1964	4	873
1977.5	1978.5	1978 1964	année	1978	année	1964	4	924
1978.5	1979.5	1979 1964	année	1979	année	1964	4	975
1979.5	1980.5	1980 1964	année	1980	année	1964	4	1026
1980.5	1981.5	1981 1964	année	1981	année	1964	4	1077
1981.5	1982.5	1982 1964	année	1982	année	1964	4	1128
1982.5	1983.5	1983 1964	année	1983	année	1964	4	1179
1983.5	1984.5	1984 1964	année	1984	année	1964	4	1230
1984.5	1985.5	1985 1964	année	1985	année	1964	4	1281
1985.5	1986.5	1986 1964	année	1986	année	1964	4	1332
1986.5	1987.5	1987 1964	année	1987	année	1964	4	1383
1987.5	1988.5	1988 1964	année	1988	année	1964	4	1434
1988.5	1989.5	1989 1964	année	1989	année	1964	4	1485
1989.5	1990.5	1990 1964	année	1990	année	1964	4	1536
1990.5	1991.5	1991 1964	année	1991	année	1964	4	1587
1991.5	1992.5	1992 1964	année	1992	année	1964	4	1638
1992.5	1993.5	1993 1964	année	1993	année	1964	4	1689
1993.5	1994.5	1994 1964	année	1994	année	1964	4	1740
1994.5	1995.5	1995 1964	année	1995	année	1964	4	1791
1995.5	1996.5	1996 1964	année	1996	année	1964	4	1842
1996.5	1997.5	1997 1964	année	1997	année	1964	4	1893
1997.5	1998.5	1998 1964	année	1998	année	1964	4	1944
1998.5	1999.5	1999 1964	année	1999	année	1964	4	1995
1999.5	2000.5	2000 1964	année	2000	année	1964	4	2046
2000.5	2001.5	2001 1964	année	2001	année	1964	4	2097
2001.5	2002.5	2002 1964	année	2002	année	1964	4	2148
2002.5	2003.5	2003 1964	année	2003	année	1964	4	2199
2003.5	2004.5	2004 1964	année	2004	année	1964	4	2250
2004.5	2005.5	2005 1964	année	2005	année	1964	4	2301
2005.5	2006.5	2006 1964	année	2006	année	1964	4	2352
2006.5	2007.5	2007 1964	année	2007	année	1964	4	2403
2007.5	2008.5	2008 1964	année	2008	année	1964	4	2454
2008.5	2009.5	2009 1964	année	2009	année	1964	4	2505
2009.5	2010.5	2010 1964	année	2010	année	1964	4	2556
2010.5	2011.5	2011 1964	année	2011	année	1964	4	2607
1959.5	1960.5	1960 1965	année	1960	année	1965	4	6
1960.5	1961.5	1961 1965	année	1961	année	1965	4	57
1961.5	1962.5	1962 1965	année	1962	année	1965	4	108
1962.5	1963.5	1963 1965	année	1963	année	1965	4	159
1963.5	1964.5	1964 1965	année	1964	année	1965	4	210
1964.5	1965.5	1	année	1965	année	1965	4	1
1965.5	1966.5	1966 1965	année	1966	année	1965	4	313
1966.5	1967.5	1967 1965	année	1967	année	1965	4	364
1967.5	1968.5	1968 1965	année	1968	année	1965	4	415
1968.5	1969.5	1969 1965	année	1969	année	1965	4	466
1969.5	1970.5	1970 1965	année	1970	année	1965	4	517
1970.5	1971.5	1971 1965	année	1971	année	1965	4	568
1971.5	1972.5	1972 1965	année	1972	année	1965	4	619
1972.5	1973.5	1973 1965	année	1973	année	1965	4	670
1973.5	1974.5	1974 1965	année	1974	année	1965	4	721
1974.5	1975.5	1975 1965	année	1975	année	1965	4	772
1975.5	1976.5	1976 1965	année	1976	année	1965	4	823
1976.5	1977.5	1977 1965	année	1977	année	1965	4	874
1977.5	1978.5	1978 1965	année	1978	année	1965	4	925
1978.5	1979.5	1979 1965	année	1979	année	1965	4	976
1979.5	1980.5	1980 1965	année	1980	année	1965	4	1027
1980.5	1981.5	1981 1965	année	1981	année	1965	4	1078
1981.5	1982.5	1982 1965	année	1982	année	1965	4	1129
1982.5	1983.5	1983 1965	année	1983	année	1965	4	1180
1983.5	1984.5	1984 1965	année	1984	année	1965	4	1231
1984.5	1985.5	1985 1965	année	1985	année	1965	4	1282
1985.5	1986.5	1986 1965	année	1986	année	1965	4	1333
1986.5	1987.5	1987 1965	année	1987	année	1965	4	1384
1987.5	1988.5	1988 1965	année	1988	année	1965	4	1435
1988.5	1989.5	1989 1965	année	1989	année	1965	4	1486
1989.5	1990.5	1990 1965	année	1990	année	1965	4	1537
1990.5	1991.5	1991 1965	année	1991	année	1965	4	1588
1991.5	1992.5	1992 1965	année	1992	année	1965	4	1639
1992.5	1993.5	1993 1965	année	1993	année	1965	4	1690
1993.5	1994.5	1994 1965	année	1994	année	1965	4	1741
1994.5	1995.5	1995 1965	année	1995	année	1965	4	1792
1995.5	1996.5	1996 1965	année	1996	année	1965	4	1843
1996.5	1997.5	1997 1965	année	1997	année	1965	4	1894
1997.5	1998.5	1998 1965	année	1998	année	1965	4	1945
1998.5	1999.5	1999 1965	année	1999	année	1965	4	1996
1999.5	2000.5	2000 1965	année	2000	année	1965	4	2047
2000.5	2001.5	2001 1965	année	2001	année	1965	4	2098
2001.5	2002.5	2002 1965	année	2002	année	1965	4	2149
2002.5	2003.5	2003 1965	année	2003	année	1965	4	2200
2003.5	2004.5	2004 1965	année	2004	année	1965	4	2251
2004.5	2005.5	2005 1965	année	2005	année	1965	4	2302
2005.5	2006.5	2006 1965	année	2006	année	1965	4	2353
2006.5	2007.5	2007 1965	année	2007	année	1965	4	2404
2007.5	2008.5	2008 1965	année	2008	année	1965	4	2455
2008.5	2009.5	2009 1965	année	2009	année	1965	4	2506
2009.5	2010.5	2010 1965	année	2010	année	1965	4	2557
2010.5	2011.5	2011 1965	année	2011	année	1965	4	2608
1959.5	1960.5	1960 1966	année	1960	année	1966	4	7
1960.5	1961.5	1961 1966	année	1961	année	1966	4	58
1961.5	1962.5	1962 1966	année	1962	année	1966	4	109
1962.5	1963.5	1963 1966	année	1963	année	1966	4	160
1963.5	1964.5	1964 1966	année	1964	année	1966	4	211
1964.5	1965.5	1965 1966	année	1965	année	1966	4	262
1965.5	1966.5	1	année	1966	année	1966	4	1
1966.5	1967.5	1967 1966	année	1967	année	1966	4	365
1967.5	1968.5	1968 1966	année	1968	année	1966	4	416
1968.5	1969.5	1969 1966	année	1969	année	1966	4	467
1969.5	1970.5	1970 1966	année	1970	année	1966	4	518
1970.5	1971.5	1971 1966	année	1971	année	1966	4	569
1971.5	1972.5	1972 1966	année	1972	année	1966	4	620
1972.5	1973.5	1973 1966	année	1973	année	1966	4	671
1973.5	1974.5	1974 1966	année	1974	année	1966	4	722
1974.5	1975.5	1975 1966	année	1975	année	1966	4	773
1975.5	1976.5	1976 1966	année	1976	année	1966	4	824
1976.5	1977.5	1977 1966	année	1977	année	1966	4	875
1977.5	1978.5	1978 1966	année	1978	année	1966	4	926
1978.5	1979.5	1979 1966	année	1979	année	1966	4	977
1979.5	1980.5	1980 1966	année	1980	année	1966	4	1028
1980.5	1981.5	1981 1966	année	1981	année	1966	4	1079
1981.5	1982.5	1982 1966	année	1982	année	1966	4	1130
1982.5	1983.5	1983 1966	année	1983	année	1966	4	1181
1983.5	1984.5	1984 1966	année	1984	année	1966	4	1232
1984.5	1985.5	1985 1966	année	1985	année	1966	4	1283
1985.5	1986.5	1986 1966	année	1986	année	1966	4	1334
1986.5	1987.5	1987 1966	année	1987	année	1966	4	1385
1987.5	1988.5	1988 1966	année	1988	année	1966	4	1436
1988.5	1989.5	1989 1966	année	1989	année	1966	4	1487
1989.5	1990.5	1990 1966	année	1990	année	1966	4	1538
1990.5	1991.5	1991 1966	année	1991	année	1966	4	1589
1991.5	1992.5	1992 1966	année	1992	année	1966	4	1640
1992.5	1993.5	1993 1966	année	1993	année	1966	4	1691
1993.5	1994.5	1994 1966	année	1994	année	1966	4	1742
1994.5	1995.5	1995 1966	année	1995	année	1966	4	1793
1995.5	1996.5	1996 1966	année	1996	année	1966	4	1844
1996.5	1997.5	1997 1966	année	1997	année	1966	4	1895
1997.5	1998.5	1998 1966	année	1998	année	1966	4	1946
1998.5	1999.5	1999 1966	année	1999	année	1966	4	1997
1999.5	2000.5	2000 1966	année	2000	année	1966	4	2048
2000.5	2001.5	2001 1966	année	2001	année	1966	4	2099
2001.5	2002.5	2002 1966	année	2002	année	1966	4	2150
2002.5	2003.5	2003 1966	année	2003	année	1966	4	2201
2003.5	2004.5	2004 1966	année	2004	année	1966	4	2252
2004.5	2005.5	2005 1966	année	2005	année	1966	4	2303
2005.5	2006.5	2006 1966	année	2006	année	1966	4	2354
2006.5	2007.5	2007 1966	année	2007	année	1966	4	2405
2007.5	2008.5	2008 1966	année	2008	année	1966	4	2456
2008.5	2009.5	2009 1966	année	2009	année	1966	4	2507
2009.5	2010.5	2010 1966	année	2010	année	1966	4	2558
2010.5	2011.5	2011 1966	année	2011	année	1966	4	2609
1959.5	1960.5	1960 1967	année	1960	année	1967	4	8
1960.5	1961.5	1961 1967	année	1961	année	1967	4	59
1961.5	1962.5	1962 1967	année	1962	année	1967	4	110
1962.5	1963.5	1963 1967	année	1963	année	1967	4	161
1963.5	1964.5	1964 1967	année	1964	année	1967	4	212
1964.5	1965.5	1965 1967	année	1965	année	1967	4	263
1965.5	1966.5	1966 1967	année	1966	année	1967	4	314
1966.5	1967.5	1	année	1967	année	1967	4	1
1967.5	1968.5	1968 1967	année	1968	année	1967	4	417
1968.5	1969.5	1969 1967	année	1969	année	1967	4	468
1969.5	1970.5	1970 1967	année	1970	année	1967	4	519
1970.5	1971.5	1971 1967	année	1971	année	1967	4	570
1971.5	1972.5	1972 1967	année	1972	année	1967	4	621
1972.5	1973.5	1973 1967	année	1973	année	1967	4	672
1973.5	1974.5	1974 1967	année	1974	année	1967	4	723
1974.5	1975.5	1975 1967	année	1975	année	1967	4	774
1975.5	1976.5	1976 1967	année	1976	année	1967	4	825
1976.5	1977.5	1977 1967	année	1977	année	1967	4	876
1977.5	1978.5	1978 1967	année	1978	année	1967	4	927
1978.5	1979.5	1979 1967	année	1979	année	1967	4	978
1979.5	1980.5	1980 1967	année	1980	année	1967	4	1029
1980.5	1981.5	1981 1967	année	1981	année	1967	4	1080
1981.5	1982.5	1982 1967	année	1982	année	1967	4	1131
1982.5	1983.5	1983 1967	année	1983	année	1967	4	1182
1983.5	1984.5	1984 1967	année	1984	année	1967	4	1233
1984.5	1985.5	1985 1967	année	1985	année	1967	4	1284
1985.5	1986.5	1986 1967	année	1986	année	1967	4	1335
1986.5	1987.5	1987 1967	année	1987	année	1967	4	1386
1987.5	1988.5	1988 1967	année	1988	année	1967	4	1437
1988.5	1989.5	1989 1967	année	1989	année	1967	4	1488
1989.5	1990.5	1990 1967	année	1990	année	1967	4	1539
1990.5	1991.5	1991 1967	année	1991	année	1967	4	1590
1991.5	1992.5	1992 1967	année	1992	année	1967	4	1641
1992.5	1993.5	1993 1967	année	1993	année	1967	4	1692
1993.5	1994.5	1994 1967	année	1994	année	1967	4	1743
1994.5	1995.5	1995 1967	année	1995	année	1967	4	1794
1995.5	1996.5	1996 1967	année	1996	année	1967	4	1845
1996.5	1997.5	1997 1967	année	1997	année	1967	4	1896
1997.5	1998.5	1998 1967	année	1998	année	1967	4	1947
1998.5	1999.5	1999 1967	année	1999	année	1967	4	1998
1999.5	2000.5	2000 1967	année	2000	année	1967	4	2049
2000.5	2001.5	2001 1967	année	2001	année	1967	4	2100
2001.5	2002.5	2002 1967	année	2002	année	1967	4	2151
2002.5	2003.5	2003 1967	année	2003	année	1967	4	2202
2003.5	2004.5	2004 1967	année	2004	année	1967	4	2253
2004.5	2005.5	2005 1967	année	2005	année	1967	4	2304
2005.5	2006.5	2006 1967	année	2006	année	1967	4	2355
2006.5	2007.5	2007 1967	année	2007	année	1967	4	2406
2007.5	2008.5	2008 1967	année	2008	année	1967	4	2457
2008.5	2009.5	2009 1967	année	2009	année	1967	4	2508
2009.5	2010.5	2010 1967	année	2010	année	1967	4	2559
2010.5	2011.5	2011 1967	année	2011	année	1967	4	2610
1959.5	1960.5	1960 1968	année	1960	année	1968	4	9
1960.5	1961.5	1961 1968	année	1961	année	1968	4	60
1961.5	1962.5	1962 1968	année	1962	année	1968	4	111
1962.5	1963.5	1963 1968	année	1963	année	1968	4	162
1963.5	1964.5	1964 1968	année	1964	année	1968	4	213
1964.5	1965.5	1965 1968	année	1965	année	1968	4	264
1965.5	1966.5	1966 1968	année	1966	année	1968	4	315
1966.5	1967.5	1967 1968	année	1967	année	1968	4	366
1967.5	1968.5	1	année	1968	année	1968	4	1
1968.5	1969.5	1969 1968	année	1969	année	1968	4	469
1969.5	1970.5	1970 1968	année	1970	année	1968	4	520
1970.5	1971.5	1971 1968	année	1971	année	1968	4	571
1971.5	1972.5	1972 1968	année	1972	année	1968	4	622
1972.5	1973.5	1973 1968	année	1973	année	1968	4	673
1973.5	1974.5	1974 1968	année	1974	année	1968	4	724
1974.5	1975.5	1975 1968	année	1975	année	1968	4	775
1975.5	1976.5	1976 1968	année	1976	année	1968	4	826
1976.5	1977.5	1977 1968	année	1977	année	1968	4	877
1977.5	1978.5	1978 1968	année	1978	année	1968	4	928
1978.5	1979.5	1979 1968	année	1979	année	1968	4	979
1979.5	1980.5	1980 1968	année	1980	année	1968	4	1030
1980.5	1981.5	1981 1968	année	1981	année	1968	4	1081
1981.5	1982.5	1982 1968	année	1982	année	1968	4	1132
1982.5	1983.5	1983 1968	année	1983	année	1968	4	1183
1983.5	1984.5	1984 1968	année	1984	année	1968	4	1234
1984.5	1985.5	1985 1968	année	1985	année	1968	4	1285
1985.5	1986.5	1986 1968	année	1986	année	1968	4	1336
1986.5	1987.5	1987 1968	année	1987	année	1968	4	1387
1987.5	1988.5	1988 1968	année	1988	année	1968	4	1438
1988.5	1989.5	1989 1968	année	1989	année	1968	4	1489
1989.5	1990.5	1990 1968	année	1990	année	1968	4	1540
1990.5	1991.5	1991 1968	année	1991	année	1968	4	1591
1991.5	1992.5	1992 1968	année	1992	année	1968	4	1642
1992.5	1993.5	1993 1968	année	1993	année	1968	4	1693
1993.5	1994.5	1994 1968	année	1994	année	1968	4	1744
1994.5	1995.5	1995 1968	année	1995	année	1968	4	1795
1995.5	1996.5	1996 1968	année	1996	année	1968	4	1846
1996.5	1997.5	1997 1968	année	1997	année	1968	4	1897
1997.5	1998.5	1998 1968	année	1998	année	1968	4	1948
1998.5	1999.5	1999 1968	année	1999	année	1968	4	1999
1999.5	2000.5	2000 1968	année	2000	année	1968	4	2050
2000.5	2001.5	2001 1968	année	2001	année	1968	4	2101
2001.5	2002.5	2002 1968	année	2002	année	1968	4	2152
2002.5	2003.5	2003 1968	année	2003	année	1968	4	2203
2003.5	2004.5	2004 1968	année	2004	année	1968	4	2254
2004.5	2005.5	2005 1968	année	2005	année	1968	4	2305
2005.5	2006.5	2006 1968	année	2006	année	1968	4	2356
2006.5	2007.5	2007 1968	année	2007	année	1968	4	2407
2007.5	2008.5	2008 1968	année	2008	année	1968	4	2458
2008.5	2009.5	2009 1968	année	2009	année	1968	4	2509
2009.5	2010.5	2010 1968	année	2010	année	1968	4	2560
2010.5	2011.5	2011 1968	année	2011	année	1968	4	2611
1959.5	1960.5	1960 1969	année	1960	année	1969	4	10
1960.5	1961.5	1961 1969	année	1961	année	1969	4	61
1961.5	1962.5	1962 1969	année	1962	année	1969	4	112
1962.5	1963.5	1963 1969	année	1963	année	1969	4	163
1963.5	1964.5	1964 1969	année	1964	année	1969	4	214
1964.5	1965.5	1965 1969	année	1965	année	1969	4	265
1965.5	1966.5	1966 1969	année	1966	année	1969	4	316
1966.5	1967.5	1967 1969	année	1967	année	1969	4	367
1967.5	1968.5	1968 1969	année	1968	année	1969	4	418
1968.5	1969.5	1	année	1969	année	1969	4	1
1969.5	1970.5	1970 1969	année	1970	année	1969	4	521
1970.5	1971.5	1971 1969	année	1971	année	1969	4	572
1971.5	1972.5	1972 1969	année	1972	année	1969	4	623
1972.5	1973.5	1973 1969	année	1973	année	1969	4	674
1973.5	1974.5	1974 1969	année	1974	année	1969	4	725
1974.5	1975.5	1975 1969	année	1975	année	1969	4	776
1975.5	1976.5	1976 1969	année	1976	année	1969	4	827
1976.5	1977.5	1977 1969	année	1977	année	1969	4	878
1977.5	1978.5	1978 1969	année	1978	année	1969	4	929
1978.5	1979.5	1979 1969	année	1979	année	1969	4	980
1979.5	1980.5	1980 1969	année	1980	année	1969	4	1031
1980.5	1981.5	1981 1969	année	1981	année	1969	4	1082
1981.5	1982.5	1982 1969	année	1982	année	1969	4	1133
1982.5	1983.5	1983 1969	année	1983	année	1969	4	1184
1983.5	1984.5	1984 1969	année	1984	année	1969	4	1235
1984.5	1985.5	1985 1969	année	1985	année	1969	4	1286
1985.5	1986.5	1986 1969	année	1986	année	1969	4	1337
1986.5	1987.5	1987 1969	année	1987	année	1969	4	1388
1987.5	1988.5	1988 1969	année	1988	année	1969	4	1439
1988.5	1989.5	1989 1969	année	1989	année	1969	4	1490
1989.5	1990.5	1990 1969	année	1990	année	1969	4	1541
1990.5	1991.5	1991 1969	année	1991	année	1969	4	1592
1991.5	1992.5	1992 1969	année	1992	année	1969	4	1643
1992.5	1993.5	1993 1969	année	1993	année	1969	4	1694
1993.5	1994.5	1994 1969	année	1994	année	1969	4	1745
1994.5	1995.5	1995 1969	année	1995	année	1969	4	1796
1995.5	1996.5	1996 1969	année	1996	année	1969	4	1847
1996.5	1997.5	1997 1969	année	1997	année	1969	4	1898
1997.5	1998.5	1998 1969	année	1998	année	1969	4	1949
1998.5	1999.5	1999 1969	année	1999	année	1969	4	2000
1999.5	2000.5	2000 1969	année	2000	année	1969	4	2051
2000.5	2001.5	2001 1969	année	2001	année	1969	4	2102
2001.5	2002.5	2002 1969	année	2002	année	1969	4	2153
2002.5	2003.5	2003 1969	année	2003	année	1969	4	2204
2003.5	2004.5	2004 1969	année	2004	année	1969	4	2255
2004.5	2005.5	2005 1969	année	2005	année	1969	4	2306
2005.5	2006.5	2006 1969	année	2006	année	1969	4	2357
2006.5	2007.5	2007 1969	année	2007	année	1969	4	2408
2007.5	2008.5	2008 1969	année	2008	année	1969	4	2459
2008.5	2009.5	2009 1969	année	2009	année	1969	4	2510
2009.5	2010.5	2010 1969	année	2010	année	1969	4	2561
2010.5	2011.5	2011 1969	année	2011	année	1969	4	2612
1959.5	1960.5	1960 1970	année	1960	année	1970	4	11
1960.5	1961.5	1961 1970	année	1961	année	1970	4	62
1961.5	1962.5	1962 1970	année	1962	année	1970	4	113
1962.5	1963.5	1963 1970	année	1963	année	1970	4	164
1963.5	1964.5	1964 1970	année	1964	année	1970	4	215
1964.5	1965.5	1965 1970	année	1965	année	1970	4	266
1965.5	1966.5	1966 1970	année	1966	année	1970	4	317
1966.5	1967.5	1967 1970	année	1967	année	1970	4	368
1967.5	1968.5	1968 1970	année	1968	année	1970	4	419
1968.5	1969.5	1969 1970	année	1969	année	1970	4	470
1969.5	1970.5	1	année	1970	année	1970	4	1
1970.5	1971.5	1971 1970	année	1971	année	1970	4	573
1971.5	1972.5	1972 1970	année	1972	année	1970	4	624
1972.5	1973.5	1973 1970	année	1973	année	1970	4	675
1973.5	1974.5	1974 1970	année	1974	année	1970	4	726
1974.5	1975.5	1975 1970	année	1975	année	1970	4	777
1975.5	1976.5	1976 1970	année	1976	année	1970	4	828
1976.5	1977.5	1977 1970	année	1977	année	1970	4	879
1977.5	1978.5	1978 1970	année	1978	année	1970	4	930
1978.5	1979.5	1979 1970	année	1979	année	1970	4	981
1979.5	1980.5	1980 1970	année	1980	année	1970	4	1032
1980.5	1981.5	1981 1970	année	1981	année	1970	4	1083
1981.5	1982.5	1982 1970	année	1982	année	1970	4	1134
1982.5	1983.5	1983 1970	année	1983	année	1970	4	1185
1983.5	1984.5	1984 1970	année	1984	année	1970	4	1236
1984.5	1985.5	1985 1970	année	1985	année	1970	4	1287
1985.5	1986.5	1986 1970	année	1986	année	1970	4	1338
1986.5	1987.5	1987 1970	année	1987	année	1970	4	1389
1987.5	1988.5	1988 1970	année	1988	année	1970	4	1440
1988.5	1989.5	1989 1970	année	1989	année	1970	4	1491
1989.5	1990.5	1990 1970	année	1990	année	1970	4	1542
1990.5	1991.5	1991 1970	année	1991	année	1970	4	1593
1991.5	1992.5	1992 1970	année	1992	année	1970	4	1644
1992.5	1993.5	1993 1970	année	1993	année	1970	4	1695
1993.5	1994.5	1994 1970	année	1994	année	1970	4	1746
1994.5	1995.5	1995 1970	année	1995	année	1970	4	1797
1995.5	1996.5	1996 1970	année	1996	année	1970	4	1848
1996.5	1997.5	1997 1970	année	1997	année	1970	4	1899
1997.5	1998.5	1998 1970	année	1998	année	1970	4	1950
1998.5	1999.5	1999 1970	année	1999	année	1970	4	2001
1999.5	2000.5	2000 1970	année	2000	année	1970	4	2052
2000.5	2001.5	2001 1970	année	2001	année	1970	4	2103
2001.5	2002.5	2002 1970	année	2002	année	1970	4	2154
2002.5	2003.5	2003 1970	année	2003	année	1970	4	2205
2003.5	2004.5	2004 1970	année	2004	année	1970	4	2256
2004.5	2005.5	2005 1970	année	2005	année	1970	4	2307
2005.5	2006.5	2006 1970	année	2006	année	1970	4	2358
2006.5	2007.5	2007 1970	année	2007	année	1970	4	2409
2007.5	2008.5	2008 1970	année	2008	année	1970	4	2460
2008.5	2009.5	2009 1970	année	2009	année	1970	4	2511
2009.5	2010.5	2010 1970	année	2010	année	1970	4	2562
2010.5	2011.5	2011 1970	année	2011	année	1970	4	2613
1959.5	1960.5	1960 1971	année	1960	année	1971	4	12
1960.5	1961.5	1961 1971	année	1961	année	1971	4	63
1961.5	1962.5	1962 1971	année	1962	année	1971	4	114
1962.5	1963.5	1963 1971	année	1963	année	1971	4	165
1963.5	1964.5	1964 1971	année	1964	année	1971	4	216
1964.5	1965.5	1965 1971	année	1965	année	1971	4	267
1965.5	1966.5	1966 1971	année	1966	année	1971	4	318
1966.5	1967.5	1967 1971	année	1967	année	1971	4	369
1967.5	1968.5	1968 1971	année	1968	année	1971	4	420
1968.5	1969.5	1969 1971	année	1969	année	1971	4	471
1969.5	1970.5	1970 1971	année	1970	année	1971	4	522
1970.5	1971.5	1	année	1971	année	1971	4	1
1971.5	1972.5	1972 1971	année	1972	année	1971	4	625
1972.5	1973.5	1973 1971	année	1973	année	1971	4	676
1973.5	1974.5	1974 1971	année	1974	année	1971	4	727
1974.5	1975.5	1975 1971	année	1975	année	1971	4	778
1975.5	1976.5	1976 1971	année	1976	année	1971	4	829
1976.5	1977.5	1977 1971	année	1977	année	1971	4	880
1977.5	1978.5	1978 1971	année	1978	année	1971	4	931
1978.5	1979.5	1979 1971	année	1979	année	1971	4	982
1979.5	1980.5	1980 1971	année	1980	année	1971	4	1033
1980.5	1981.5	1981 1971	année	1981	année	1971	4	1084
1981.5	1982.5	1982 1971	année	1982	année	1971	4	1135
1982.5	1983.5	1983 1971	année	1983	année	1971	4	1186
1983.5	1984.5	1984 1971	année	1984	année	1971	4	1237
1984.5	1985.5	1985 1971	année	1985	année	1971	4	1288
1985.5	1986.5	1986 1971	année	1986	année	1971	4	1339
1986.5	1987.5	1987 1971	année	1987	année	1971	4	1390
1987.5	1988.5	1988 1971	année	1988	année	1971	4	1441
1988.5	1989.5	1989 1971	année	1989	année	1971	4	1492
1989.5	1990.5	1990 1971	année	1990	année	1971	4	1543
1990.5	1991.5	1991 1971	année	1991	année	1971	4	1594
1991.5	1992.5	1992 1971	année	1992	année	1971	4	1645
1992.5	1993.5	1993 1971	année	1993	année	1971	4	1696
1993.5	1994.5	1994 1971	année	1994	année	1971	4	1747
1994.5	1995.5	1995 1971	année	1995	année	1971	4	1798
1995.5	1996.5	1996 1971	année	1996	année	1971	4	1849
1996.5	1997.5	1997 1971	année	1997	année	1971	4	1900
1997.5	1998.5	1998 1971	année	1998	année	1971	4	1951
1998.5	1999.5	1999 1971	année	1999	année	1971	4	2002
1999.5	2000.5	2000 1971	année	2000	année	1971	4	2053
2000.5	2001.5	2001 1971	année	2001	année	1971	4	2104
2001.5	2002.5	2002 1971	année	2002	année	1971	4	2155
2002.5	2003.5	2003 1971	année	2003	année	1971	4	2206
2003.5	2004.5	2004 1971	année	2004	année	1971	4	2257
2004.5	2005.5	2005 1971	année	2005	année	1971	4	2308
2005.5	2006.5	2006 1971	année	2006	année	1971	4	2359
2006.5	2007.5	2007 1971	année	2007	année	1971	4	2410
2007.5	2008.5	2008 1971	année	2008	année	1971	4	2461
2008.5	2009.5	2009 1971	année	2009	année	1971	4	2512
2009.5	2010.5	2010 1971	année	2010	année	1971	4	2563
2010.5	2011.5	2011 1971	année	2011	année	1971	4	2614
1959.5	1960.5	1960 1972	année	1960	année	1972	4	13
1960.5	1961.5	1961 1972	année	1961	année	1972	4	64
1961.5	1962.5	1962 1972	année	1962	année	1972	4	115
1962.5	1963.5	1963 1972	année	1963	année	1972	4	166
1963.5	1964.5	1964 1972	année	1964	année	1972	4	217
1964.5	1965.5	1965 1972	année	1965	année	1972	4	268
1965.5	1966.5	1966 1972	année	1966	année	1972	4	319
1966.5	1967.5	1967 1972	année	1967	année	1972	4	370
1967.5	1968.5	1968 1972	année	1968	année	1972	4	421
1968.5	1969.5	1969 1972	année	1969	année	1972	4	472
1969.5	1970.5	1970 1972	année	1970	année	1972	4	523
1970.5	1971.5	1971 1972	année	1971	année	1972	4	574
1971.5	1972.5	1	année	1972	année	1972	4	1
1972.5	1973.5	1973 1972	année	1973	année	1972	4	677
1973.5	1974.5	1974 1972	année	1974	année	1972	4	728
1974.5	1975.5	1975 1972	année	1975	année	1972	4	779
1975.5	1976.5	1976 1972	année	1976	année	1972	4	830
1976.5	1977.5	1977 1972	année	1977	année	1972	4	881
1977.5	1978.5	1978 1972	année	1978	année	1972	4	932
1978.5	1979.5	1979 1972	année	1979	année	1972	4	983
1979.5	1980.5	1980 1972	année	1980	année	1972	4	1034
1980.5	1981.5	1981 1972	année	1981	année	1972	4	1085
1981.5	1982.5	1982 1972	année	1982	année	1972	4	1136
1982.5	1983.5	1983 1972	année	1983	année	1972	4	1187
1983.5	1984.5	1984 1972	année	1984	année	1972	4	1238
1984.5	1985.5	1985 1972	année	1985	année	1972	4	1289
1985.5	1986.5	1986 1972	année	1986	année	1972	4	1340
1986.5	1987.5	1987 1972	année	1987	année	1972	4	1391
1987.5	1988.5	1988 1972	année	1988	année	1972	4	1442
1988.5	1989.5	1989 1972	année	1989	année	1972	4	1493
1989.5	1990.5	1990 1972	année	1990	année	1972	4	1544
1990.5	1991.5	1991 1972	année	1991	année	1972	4	1595
1991.5	1992.5	1992 1972	année	1992	année	1972	4	1646
1992.5	1993.5	1993 1972	année	1993	année	1972	4	1697
1993.5	1994.5	1994 1972	année	1994	année	1972	4	1748
1994.5	1995.5	1995 1972	année	1995	année	1972	4	1799
1995.5	1996.5	1996 1972	année	1996	année	1972	4	1850
1996.5	1997.5	1997 1972	année	1997	année	1972	4	1901
1997.5	1998.5	1998 1972	année	1998	année	1972	4	1952
1998.5	1999.5	1999 1972	année	1999	année	1972	4	2003
1999.5	2000.5	2000 1972	année	2000	année	1972	4	2054
2000.5	2001.5	2001 1972	année	2001	année	1972	4	2105
2001.5	2002.5	2002 1972	année	2002	année	1972	4	2156
2002.5	2003.5	2003 1972	année	2003	année	1972	4	2207
2003.5	2004.5	2004 1972	année	2004	année	1972	4	2258
2004.5	2005.5	2005 1972	année	2005	année	1972	4	2309
2005.5	2006.5	2006 1972	année	2006	année	1972	4	2360
2006.5	2007.5	2007 1972	année	2007	année	1972	4	2411
2007.5	2008.5	2008 1972	année	2008	année	1972	4	2462
2008.5	2009.5	2009 1972	année	2009	année	1972	4	2513
2009.5	2010.5	2010 1972	année	2010	année	1972	4	2564
2010.5	2011.5	2011 1972	année	2011	année	1972	4	2615
1959.5	1960.5	1960 1973	année	1960	année	1973	4	14
1960.5	1961.5	1961 1973	année	1961	année	1973	4	65
1961.5	1962.5	1962 1973	année	1962	année	1973	4	116
1962.5	1963.5	1963 1973	année	1963	année	1973	4	167
1963.5	1964.5	1964 1973	année	1964	année	1973	4	218
1964.5	1965.5	1965 1973	année	1965	année	1973	4	269
1965.5	1966.5	1966 1973	année	1966	année	1973	4	320
1966.5	1967.5	1967 1973	année	1967	année	1973	4	371
1967.5	1968.5	1968 1973	année	1968	année	1973	4	422
1968.5	1969.5	1969 1973	année	1969	année	1973	4	473
1969.5	1970.5	1970 1973	année	1970	année	1973	4	524
1970.5	1971.5	1971 1973	année	1971	année	1973	4	575
1971.5	1972.5	1972 1973	année	1972	année	1973	4	626
1972.5	1973.5	1	année	1973	année	1973	4	1
1973.5	1974.5	1974 1973	année	1974	année	1973	4	729
1974.5	1975.5	1975 1973	année	1975	année	1973	4	780
1975.5	1976.5	1976 1973	année	1976	année	1973	4	831
1976.5	1977.5	1977 1973	année	1977	année	1973	4	882
1977.5	1978.5	1978 1973	année	1978	année	1973	4	933
1978.5	1979.5	1979 1973	année	1979	année	1973	4	984
1979.5	1980.5	1980 1973	année	1980	année	1973	4	1035
1980.5	1981.5	1981 1973	année	1981	année	1973	4	1086
1981.5	1982.5	1982 1973	année	1982	année	1973	4	1137
1982.5	1983.5	1983 1973	année	1983	année	1973	4	1188
1983.5	1984.5	1984 1973	année	1984	année	1973	4	1239
1984.5	1985.5	1985 1973	année	1985	année	1973	4	1290
1985.5	1986.5	1986 1973	année	1986	année	1973	4	1341
1986.5	1987.5	1987 1973	année	1987	année	1973	4	1392
1987.5	1988.5	1988 1973	année	1988	année	1973	4	1443
1988.5	1989.5	1989 1973	année	1989	année	1973	4	1494
1989.5	1990.5	1990 1973	année	1990	année	1973	4	1545
1990.5	1991.5	1991 1973	année	1991	année	1973	4	1596
1991.5	1992.5	1992 1973	année	1992	année	1973	4	1647
1992.5	1993.5	1993 1973	année	1993	année	1973	4	1698
1993.5	1994.5	1994 1973	année	1994	année	1973	4	1749
1994.5	1995.5	1995 1973	année	1995	année	1973	4	1800
1995.5	1996.5	1996 1973	année	1996	année	1973	4	1851
1996.5	1997.5	1997 1973	année	1997	année	1973	4	1902
1997.5	1998.5	1998 1973	année	1998	année	1973	4	1953
1998.5	1999.5	1999 1973	année	1999	année	1973	4	2004
1999.5	2000.5	2000 1973	année	2000	année	1973	4	2055
2000.5	2001.5	2001 1973	année	2001	année	1973	4	2106
2001.5	2002.5	2002 1973	année	2002	année	1973	4	2157
2002.5	2003.5	2003 1973	année	2003	année	1973	4	2208
2003.5	2004.5	2004 1973	année	2004	année	1973	4	2259
2004.5	2005.5	2005 1973	année	2005	année	1973	4	2310
2005.5	2006.5	2006 1973	année	2006	année	1973	4	2361
2006.5	2007.5	2007 1973	année	2007	année	1973	4	2412
2007.5	2008.5	2008 1973	année	2008	année	1973	4	2463
2008.5	2009.5	2009 1973	année	2009	année	1973	4	2514
2009.5	2010.5	2010 1973	année	2010	année	1973	4	2565
2010.5	2011.5	2011 1973	année	2011	année	1973	4	2616
1959.5	1960.5	1960 1974	année	1960	année	1974	4	15
1960.5	1961.5	1961 1974	année	1961	année	1974	4	66
1961.5	1962.5	1962 1974	année	1962	année	1974	4	117
1962.5	1963.5	1963 1974	année	1963	année	1974	4	168
1963.5	1964.5	1964 1974	année	1964	année	1974	4	219
1964.5	1965.5	1965 1974	année	1965	année	1974	4	270
1965.5	1966.5	1966 1974	année	1966	année	1974	4	321
1966.5	1967.5	1967 1974	année	1967	année	1974	4	372
1967.5	1968.5	1968 1974	année	1968	année	1974	4	423
1968.5	1969.5	1969 1974	année	1969	année	1974	4	474
1969.5	1970.5	1970 1974	année	1970	année	1974	4	525
1970.5	1971.5	1971 1974	année	1971	année	1974	4	576
1971.5	1972.5	1972 1974	année	1972	année	1974	4	627
1972.5	1973.5	1973 1974	année	1973	année	1974	4	678
1973.5	1974.5	1	année	1974	année	1974	4	1
1974.5	1975.5	1975 1974	année	1975	année	1974	4	781
1975.5	1976.5	1976 1974	année	1976	année	1974	4	832
1976.5	1977.5	1977 1974	année	1977	année	1974	4	883
1977.5	1978.5	1978 1974	année	1978	année	1974	4	934
1978.5	1979.5	1979 1974	année	1979	année	1974	4	985
1979.5	1980.5	1980 1974	année	1980	année	1974	4	1036
1980.5	1981.5	1981 1974	année	1981	année	1974	4	1087
1981.5	1982.5	1982 1974	année	1982	année	1974	4	1138
1982.5	1983.5	1983 1974	année	1983	année	1974	4	1189
1983.5	1984.5	1984 1974	année	1984	année	1974	4	1240
1984.5	1985.5	1985 1974	année	1985	année	1974	4	1291
1985.5	1986.5	1986 1974	année	1986	année	1974	4	1342
1986.5	1987.5	1987 1974	année	1987	année	1974	4	1393
1987.5	1988.5	1988 1974	année	1988	année	1974	4	1444
1988.5	1989.5	1989 1974	année	1989	année	1974	4	1495
1989.5	1990.5	1990 1974	année	1990	année	1974	4	1546
1990.5	1991.5	1991 1974	année	1991	année	1974	4	1597
1991.5	1992.5	1992 1974	année	1992	année	1974	4	1648
1992.5	1993.5	1993 1974	année	1993	année	1974	4	1699
1993.5	1994.5	1994 1974	année	1994	année	1974	4	1750
1994.5	1995.5	1995 1974	année	1995	année	1974	4	1801
1995.5	1996.5	1996 1974	année	1996	année	1974	4	1852
1996.5	1997.5	1997 1974	année	1997	année	1974	4	1903
1997.5	1998.5	1998 1974	année	1998	année	1974	4	1954
1998.5	1999.5	1999 1974	année	1999	année	1974	4	2005
1999.5	2000.5	2000 1974	année	2000	année	1974	4	2056
2000.5	2001.5	2001 1974	année	2001	année	1974	4	2107
2001.5	2002.5	2002 1974	année	2002	année	1974	4	2158
2002.5	2003.5	2003 1974	année	2003	année	1974	4	2209
2003.5	2004.5	2004 1974	année	2004	année	1974	4	2260
2004.5	2005.5	2005 1974	année	2005	année	1974	4	2311
2005.5	2006.5	2006 1974	année	2006	année	1974	4	2362
2006.5	2007.5	2007 1974	année	2007	année	1974	4	2413
2007.5	2008.5	2008 1974	année	2008	année	1974	4	2464
2008.5	2009.5	2009 1974	année	2009	année	1974	4	2515
2009.5	2010.5	2010 1974	année	2010	année	1974	4	2566
2010.5	2011.5	2011 1974	année	2011	année	1974	4	2617
1959.5	1960.5	1960 1975	année	1960	année	1975	4	16
1960.5	1961.5	1961 1975	année	1961	année	1975	4	67
1961.5	1962.5	1962 1975	année	1962	année	1975	4	118
1962.5	1963.5	1963 1975	année	1963	année	1975	4	169
1963.5	1964.5	1964 1975	année	1964	année	1975	4	220
1964.5	1965.5	1965 1975	année	1965	année	1975	4	271
1965.5	1966.5	1966 1975	année	1966	année	1975	4	322
1966.5	1967.5	1967 1975	année	1967	année	1975	4	373
1967.5	1968.5	1968 1975	année	1968	année	1975	4	424
1968.5	1969.5	1969 1975	année	1969	année	1975	4	475
1969.5	1970.5	1970 1975	année	1970	année	1975	4	526
1970.5	1971.5	1971 1975	année	1971	année	1975	4	577
1971.5	1972.5	1972 1975	année	1972	année	1975	4	628
1972.5	1973.5	1973 1975	année	1973	année	1975	4	679
1973.5	1974.5	1974 1975	année	1974	année	1975	4	730
1974.5	1975.5	1	année	1975	année	1975	4	1
1975.5	1976.5	1976 1975	année	1976	année	1975	4	833
1976.5	1977.5	1977 1975	année	1977	année	1975	4	884
1977.5	1978.5	1978 1975	année	1978	année	1975	4	935
1978.5	1979.5	1979 1975	année	1979	année	1975	4	986
1979.5	1980.5	1980 1975	année	1980	année	1975	4	1037
1980.5	1981.5	1981 1975	année	1981	année	1975	4	1088
1981.5	1982.5	1982 1975	année	1982	année	1975	4	1139
1982.5	1983.5	1983 1975	année	1983	année	1975	4	1190
1983.5	1984.5	1984 1975	année	1984	année	1975	4	1241
1984.5	1985.5	1985 1975	année	1985	année	1975	4	1292
1985.5	1986.5	1986 1975	année	1986	année	1975	4	1343
1986.5	1987.5	1987 1975	année	1987	année	1975	4	1394
1987.5	1988.5	1988 1975	année	1988	année	1975	4	1445
1988.5	1989.5	1989 1975	année	1989	année	1975	4	1496
1989.5	1990.5	1990 1975	année	1990	année	1975	4	1547
1990.5	1991.5	1991 1975	année	1991	année	1975	4	1598
1991.5	1992.5	1992 1975	année	1992	année	1975	4	1649
1992.5	1993.5	1993 1975	année	1993	année	1975	4	1700
1993.5	1994.5	1994 1975	année	1994	année	1975	4	1751
1994.5	1995.5	1995 1975	année	1995	année	1975	4	1802
1995.5	1996.5	1996 1975	année	1996	année	1975	4	1853
1996.5	1997.5	1997 1975	année	1997	année	1975	4	1904
1997.5	1998.5	1998 1975	année	1998	année	1975	4	1955
1998.5	1999.5	1999 1975	année	1999	année	1975	4	2006
1999.5	2000.5	2000 1975	année	2000	année	1975	4	2057
2000.5	2001.5	2001 1975	année	2001	année	1975	4	2108
2001.5	2002.5	2002 1975	année	2002	année	1975	4	2159
2002.5	2003.5	2003 1975	année	2003	année	1975	4	2210
2003.5	2004.5	2004 1975	année	2004	année	1975	4	2261
2004.5	2005.5	2005 1975	année	2005	année	1975	4	2312
2005.5	2006.5	2006 1975	année	2006	année	1975	4	2363
2006.5	2007.5	2007 1975	année	2007	année	1975	4	2414
2007.5	2008.5	2008 1975	année	2008	année	1975	4	2465
2008.5	2009.5	2009 1975	année	2009	année	1975	4	2516
2009.5	2010.5	2010 1975	année	2010	année	1975	4	2567
2010.5	2011.5	2011 1975	année	2011	année	1975	4	2618
1959.5	1960.5	1960 1976	année	1960	année	1976	4	17
1960.5	1961.5	1961 1976	année	1961	année	1976	4	68
1961.5	1962.5	1962 1976	année	1962	année	1976	4	119
1962.5	1963.5	1963 1976	année	1963	année	1976	4	170
1963.5	1964.5	1964 1976	année	1964	année	1976	4	221
1964.5	1965.5	1965 1976	année	1965	année	1976	4	272
1965.5	1966.5	1966 1976	année	1966	année	1976	4	323
1966.5	1967.5	1967 1976	année	1967	année	1976	4	374
1967.5	1968.5	1968 1976	année	1968	année	1976	4	425
1968.5	1969.5	1969 1976	année	1969	année	1976	4	476
1969.5	1970.5	1970 1976	année	1970	année	1976	4	527
1970.5	1971.5	1971 1976	année	1971	année	1976	4	578
1971.5	1972.5	1972 1976	année	1972	année	1976	4	629
1972.5	1973.5	1973 1976	année	1973	année	1976	4	680
1973.5	1974.5	1974 1976	année	1974	année	1976	4	731
1974.5	1975.5	1975 1976	année	1975	année	1976	4	782
1975.5	1976.5	1	année	1976	année	1976	4	1
1976.5	1977.5	1977 1976	année	1977	année	1976	4	885
1977.5	1978.5	1978 1976	année	1978	année	1976	4	936
1978.5	1979.5	1979 1976	année	1979	année	1976	4	987
1979.5	1980.5	1980 1976	année	1980	année	1976	4	1038
1980.5	1981.5	1981 1976	année	1981	année	1976	4	1089
1981.5	1982.5	1982 1976	année	1982	année	1976	4	1140
1982.5	1983.5	1983 1976	année	1983	année	1976	4	1191
1983.5	1984.5	1984 1976	année	1984	année	1976	4	1242
1984.5	1985.5	1985 1976	année	1985	année	1976	4	1293
1985.5	1986.5	1986 1976	année	1986	année	1976	4	1344
1986.5	1987.5	1987 1976	année	1987	année	1976	4	1395
1987.5	1988.5	1988 1976	année	1988	année	1976	4	1446
1988.5	1989.5	1989 1976	année	1989	année	1976	4	1497
1989.5	1990.5	1990 1976	année	1990	année	1976	4	1548
1990.5	1991.5	1991 1976	année	1991	année	1976	4	1599
1991.5	1992.5	1992 1976	année	1992	année	1976	4	1650
1992.5	1993.5	1993 1976	année	1993	année	1976	4	1701
1993.5	1994.5	1994 1976	année	1994	année	1976	4	1752
1994.5	1995.5	1995 1976	année	1995	année	1976	4	1803
1995.5	1996.5	1996 1976	année	1996	année	1976	4	1854
1996.5	1997.5	1997 1976	année	1997	année	1976	4	1905
1997.5	1998.5	1998 1976	année	1998	année	1976	4	1956
1998.5	1999.5	1999 1976	année	1999	année	1976	4	2007
1999.5	2000.5	2000 1976	année	2000	année	1976	4	2058
2000.5	2001.5	2001 1976	année	2001	année	1976	4	2109
2001.5	2002.5	2002 1976	année	2002	année	1976	4	2160
2002.5	2003.5	2003 1976	année	2003	année	1976	4	2211
2003.5	2004.5	2004 1976	année	2004	année	1976	4	2262
2004.5	2005.5	2005 1976	année	2005	année	1976	4	2313
2005.5	2006.5	2006 1976	année	2006	année	1976	4	2364
2006.5	2007.5	2007 1976	année	2007	année	1976	4	2415
2007.5	2008.5	2008 1976	année	2008	année	1976	4	2466
2008.5	2009.5	2009 1976	année	2009	année	1976	4	2517
2009.5	2010.5	2010 1976	année	2010	année	1976	4	2568
2010.5	2011.5	2011 1976	année	2011	année	1976	4	2619
1959.5	1960.5	1960 1977	année	1960	année	1977	4	18
1960.5	1961.5	1961 1977	année	1961	année	1977	4	69
1961.5	1962.5	1962 1977	année	1962	année	1977	4	120
1962.5	1963.5	1963 1977	année	1963	année	1977	4	171
1963.5	1964.5	1964 1977	année	1964	année	1977	4	222
1964.5	1965.5	1965 1977	année	1965	année	1977	4	273
1965.5	1966.5	1966 1977	année	1966	année	1977	4	324
1966.5	1967.5	1967 1977	année	1967	année	1977	4	375
1967.5	1968.5	1968 1977	année	1968	année	1977	4	426
1968.5	1969.5	1969 1977	année	1969	année	1977	4	477
1969.5	1970.5	1970 1977	année	1970	année	1977	4	528
1970.5	1971.5	1971 1977	année	1971	année	1977	4	579
1971.5	1972.5	1972 1977	année	1972	année	1977	4	630
1972.5	1973.5	1973 1977	année	1973	année	1977	4	681
1973.5	1974.5	1974 1977	année	1974	année	1977	4	732
1974.5	1975.5	1975 1977	année	1975	année	1977	4	783
1975.5	1976.5	1976 1977	année	1976	année	1977	4	834
1976.5	1977.5	1	année	1977	année	1977	4	1
1977.5	1978.5	1978 1977	année	1978	année	1977	4	937
1978.5	1979.5	1979 1977	année	1979	année	1977	4	988
1979.5	1980.5	1980 1977	année	1980	année	1977	4	1039
1980.5	1981.5	1981 1977	année	1981	année	1977	4	1090
1981.5	1982.5	1982 1977	année	1982	année	1977	4	1141
1982.5	1983.5	1983 1977	année	1983	année	1977	4	1192
1983.5	1984.5	1984 1977	année	1984	année	1977	4	1243
1984.5	1985.5	1985 1977	année	1985	année	1977	4	1294
1985.5	1986.5	1986 1977	année	1986	année	1977	4	1345
1986.5	1987.5	1987 1977	année	1987	année	1977	4	1396
1987.5	1988.5	1988 1977	année	1988	année	1977	4	1447
1988.5	1989.5	1989 1977	année	1989	année	1977	4	1498
1989.5	1990.5	1990 1977	année	1990	année	1977	4	1549
1990.5	1991.5	1991 1977	année	1991	année	1977	4	1600
1991.5	1992.5	1992 1977	année	1992	année	1977	4	1651
1992.5	1993.5	1993 1977	année	1993	année	1977	4	1702
1993.5	1994.5	1994 1977	année	1994	année	1977	4	1753
1994.5	1995.5	1995 1977	année	1995	année	1977	4	1804
1995.5	1996.5	1996 1977	année	1996	année	1977	4	1855
1996.5	1997.5	1997 1977	année	1997	année	1977	4	1906
1997.5	1998.5	1998 1977	année	1998	année	1977	4	1957
1998.5	1999.5	1999 1977	année	1999	année	1977	4	2008
1999.5	2000.5	2000 1977	année	2000	année	1977	4	2059
2000.5	2001.5	2001 1977	année	2001	année	1977	4	2110
2001.5	2002.5	2002 1977	année	2002	année	1977	4	2161
2002.5	2003.5	2003 1977	année	2003	année	1977	4	2212
2003.5	2004.5	2004 1977	année	2004	année	1977	4	2263
2004.5	2005.5	2005 1977	année	2005	année	1977	4	2314
2005.5	2006.5	2006 1977	année	2006	année	1977	4	2365
2006.5	2007.5	2007 1977	année	2007	année	1977	4	2416
2007.5	2008.5	2008 1977	année	2008	année	1977	4	2467
2008.5	2009.5	2009 1977	année	2009	année	1977	4	2518
2009.5	2010.5	2010 1977	année	2010	année	1977	4	2569
2010.5	2011.5	2011 1977	année	2011	année	1977	4	2620
1959.5	1960.5	1960 1978	année	1960	année	1978	4	19
1960.5	1961.5	1961 1978	année	1961	année	1978	4	70
1961.5	1962.5	1962 1978	année	1962	année	1978	4	121
1962.5	1963.5	1963 1978	année	1963	année	1978	4	172
1963.5	1964.5	1964 1978	année	1964	année	1978	4	223
1964.5	1965.5	1965 1978	année	1965	année	1978	4	274
1965.5	1966.5	1966 1978	année	1966	année	1978	4	325
1966.5	1967.5	1967 1978	année	1967	année	1978	4	376
1967.5	1968.5	1968 1978	année	1968	année	1978	4	427
1968.5	1969.5	1969 1978	année	1969	année	1978	4	478
1969.5	1970.5	1970 1978	année	1970	année	1978	4	529
1970.5	1971.5	1971 1978	année	1971	année	1978	4	580
1971.5	1972.5	1972 1978	année	1972	année	1978	4	631
1972.5	1973.5	1973 1978	année	1973	année	1978	4	682
1973.5	1974.5	1974 1978	année	1974	année	1978	4	733
1974.5	1975.5	1975 1978	année	1975	année	1978	4	784
1975.5	1976.5	1976 1978	année	1976	année	1978	4	835
1976.5	1977.5	1977 1978	année	1977	année	1978	4	886
1977.5	1978.5	1	année	1978	année	1978	4	1
1978.5	1979.5	1979 1978	année	1979	année	1978	4	989
1979.5	1980.5	1980 1978	année	1980	année	1978	4	1040
1980.5	1981.5	1981 1978	année	1981	année	1978	4	1091
1981.5	1982.5	1982 1978	année	1982	année	1978	4	1142
1982.5	1983.5	1983 1978	année	1983	année	1978	4	1193
1983.5	1984.5	1984 1978	année	1984	année	1978	4	1244
1984.5	1985.5	1985 1978	année	1985	année	1978	4	1295
1985.5	1986.5	1986 1978	année	1986	année	1978	4	1346
1986.5	1987.5	1987 1978	année	1987	année	1978	4	1397
1987.5	1988.5	1988 1978	année	1988	année	1978	4	1448
1988.5	1989.5	1989 1978	année	1989	année	1978	4	1499
1989.5	1990.5	1990 1978	année	1990	année	1978	4	1550
1990.5	1991.5	1991 1978	année	1991	année	1978	4	1601
1991.5	1992.5	1992 1978	année	1992	année	1978	4	1652
1992.5	1993.5	1993 1978	année	1993	année	1978	4	1703
1993.5	1994.5	1994 1978	année	1994	année	1978	4	1754
1994.5	1995.5	1995 1978	année	1995	année	1978	4	1805
1995.5	1996.5	1996 1978	année	1996	année	1978	4	1856
1996.5	1997.5	1997 1978	année	1997	année	1978	4	1907
1997.5	1998.5	1998 1978	année	1998	année	1978	4	1958
1998.5	1999.5	1999 1978	année	1999	année	1978	4	2009
1999.5	2000.5	2000 1978	année	2000	année	1978	4	2060
2000.5	2001.5	2001 1978	année	2001	année	1978	4	2111
2001.5	2002.5	2002 1978	année	2002	année	1978	4	2162
2002.5	2003.5	2003 1978	année	2003	année	1978	4	2213
2003.5	2004.5	2004 1978	année	2004	année	1978	4	2264
2004.5	2005.5	2005 1978	année	2005	année	1978	4	2315
2005.5	2006.5	2006 1978	année	2006	année	1978	4	2366
2006.5	2007.5	2007 1978	année	2007	année	1978	4	2417
2007.5	2008.5	2008 1978	année	2008	année	1978	4	2468
2008.5	2009.5	2009 1978	année	2009	année	1978	4	2519
2009.5	2010.5	2010 1978	année	2010	année	1978	4	2570
2010.5	2011.5	2011 1978	année	2011	année	1978	4	2621
1959.5	1960.5	1960 1979	année	1960	année	1979	4	20
1960.5	1961.5	1961 1979	année	1961	année	1979	4	71
1961.5	1962.5	1962 1979	année	1962	année	1979	4	122
1962.5	1963.5	1963 1979	année	1963	année	1979	4	173
1963.5	1964.5	1964 1979	année	1964	année	1979	4	224
1964.5	1965.5	1965 1979	année	1965	année	1979	4	275
1965.5	1966.5	1966 1979	année	1966	année	1979	4	326
1966.5	1967.5	1967 1979	année	1967	année	1979	4	377
1967.5	1968.5	1968 1979	année	1968	année	1979	4	428
1968.5	1969.5	1969 1979	année	1969	année	1979	4	479
1969.5	1970.5	1970 1979	année	1970	année	1979	4	530
1970.5	1971.5	1971 1979	année	1971	année	1979	4	581
1971.5	1972.5	1972 1979	année	1972	année	1979	4	632
1972.5	1973.5	1973 1979	année	1973	année	1979	4	683
1973.5	1974.5	1974 1979	année	1974	année	1979	4	734
1974.5	1975.5	1975 1979	année	1975	année	1979	4	785
1975.5	1976.5	1976 1979	année	1976	année	1979	4	836
1976.5	1977.5	1977 1979	année	1977	année	1979	4	887
1977.5	1978.5	1978 1979	année	1978	année	1979	4	938
1978.5	1979.5	1	année	1979	année	1979	4	1
1979.5	1980.5	1980 1979	année	1980	année	1979	4	1041
1980.5	1981.5	1981 1979	année	1981	année	1979	4	1092
1981.5	1982.5	1982 1979	année	1982	année	1979	4	1143
1982.5	1983.5	1983 1979	année	1983	année	1979	4	1194
1983.5	1984.5	1984 1979	année	1984	année	1979	4	1245
1984.5	1985.5	1985 1979	année	1985	année	1979	4	1296
1985.5	1986.5	1986 1979	année	1986	année	1979	4	1347
1986.5	1987.5	1987 1979	année	1987	année	1979	4	1398
1987.5	1988.5	1988 1979	année	1988	année	1979	4	1449
1988.5	1989.5	1989 1979	année	1989	année	1979	4	1500
1989.5	1990.5	1990 1979	année	1990	année	1979	4	1551
1990.5	1991.5	1991 1979	année	1991	année	1979	4	1602
1991.5	1992.5	1992 1979	année	1992	année	1979	4	1653
1992.5	1993.5	1993 1979	année	1993	année	1979	4	1704
1993.5	1994.5	1994 1979	année	1994	année	1979	4	1755
1994.5	1995.5	1995 1979	année	1995	année	1979	4	1806
1995.5	1996.5	1996 1979	année	1996	année	1979	4	1857
1996.5	1997.5	1997 1979	année	1997	année	1979	4	1908
1997.5	1998.5	1998 1979	année	1998	année	1979	4	1959
1998.5	1999.5	1999 1979	année	1999	année	1979	4	2010
1999.5	2000.5	2000 1979	année	2000	année	1979	4	2061
2000.5	2001.5	2001 1979	année	2001	année	1979	4	2112
2001.5	2002.5	2002 1979	année	2002	année	1979	4	2163
2002.5	2003.5	2003 1979	année	2003	année	1979	4	2214
2003.5	2004.5	2004 1979	année	2004	année	1979	4	2265
2004.5	2005.5	2005 1979	année	2005	année	1979	4	2316
2005.5	2006.5	2006 1979	année	2006	année	1979	4	2367
2006.5	2007.5	2007 1979	année	2007	année	1979	4	2418
2007.5	2008.5	2008 1979	année	2008	année	1979	4	2469
2008.5	2009.5	2009 1979	année	2009	année	1979	4	2520
2009.5	2010.5	2010 1979	année	2010	année	1979	4	2571
2010.5	2011.5	2011 1979	année	2011	année	1979	4	2622
1959.5	1960.5	1960 1980	année	1960	année	1980	4	21
1960.5	1961.5	1961 1980	année	1961	année	1980	4	72
1961.5	1962.5	1962 1980	année	1962	année	1980	4	123
1962.5	1963.5	1963 1980	année	1963	année	1980	4	174
1963.5	1964.5	1964 1980	année	1964	année	1980	4	225
1964.5	1965.5	1965 1980	année	1965	année	1980	4	276
1965.5	1966.5	1966 1980	année	1966	année	1980	4	327
1966.5	1967.5	1967 1980	année	1967	année	1980	4	378
1967.5	1968.5	1968 1980	année	1968	année	1980	4	429
1968.5	1969.5	1969 1980	année	1969	année	1980	4	480
1969.5	1970.5	1970 1980	année	1970	année	1980	4	531
1970.5	1971.5	1971 1980	année	1971	année	1980	4	582
1971.5	1972.5	1972 1980	année	1972	année	1980	4	633
1972.5	1973.5	1973 1980	année	1973	année	1980	4	684
1973.5	1974.5	1974 1980	année	1974	année	1980	4	735
1974.5	1975.5	1975 1980	année	1975	année	1980	4	786
1975.5	1976.5	1976 1980	année	1976	année	1980	4	837
1976.5	1977.5	1977 1980	année	1977	année	1980	4	888
1977.5	1978.5	1978 1980	année	1978	année	1980	4	939
1978.5	1979.5	1979 1980	année	1979	année	1980	4	990
1979.5	1980.5	1	année	1980	année	1980	4	1
1980.5	1981.5	1981 1980	année	1981	année	1980	4	1093
1981.5	1982.5	1982 1980	année	1982	année	1980	4	1144
1982.5	1983.5	1983 1980	année	1983	année	1980	4	1195
1983.5	1984.5	1984 1980	année	1984	année	1980	4	1246
1984.5	1985.5	1985 1980	année	1985	année	1980	4	1297
1985.5	1986.5	1986 1980	année	1986	année	1980	4	1348
1986.5	1987.5	1987 1980	année	1987	année	1980	4	1399
1987.5	1988.5	1988 1980	année	1988	année	1980	4	1450
1988.5	1989.5	1989 1980	année	1989	année	1980	4	1501
1989.5	1990.5	1990 1980	année	1990	année	1980	4	1552
1990.5	1991.5	1991 1980	année	1991	année	1980	4	1603
1991.5	1992.5	1992 1980	année	1992	année	1980	4	1654
1992.5	1993.5	1993 1980	année	1993	année	1980	4	1705
1993.5	1994.5	1994 1980	année	1994	année	1980	4	1756
1994.5	1995.5	1995 1980	année	1995	année	1980	4	1807
1995.5	1996.5	1996 1980	année	1996	année	1980	4	1858
1996.5	1997.5	1997 1980	année	1997	année	1980	4	1909
1997.5	1998.5	1998 1980	année	1998	année	1980	4	1960
1998.5	1999.5	1999 1980	année	1999	année	1980	4	2011
1999.5	2000.5	2000 1980	année	2000	année	1980	4	2062
2000.5	2001.5	2001 1980	année	2001	année	1980	4	2113
2001.5	2002.5	2002 1980	année	2002	année	1980	4	2164
2002.5	2003.5	2003 1980	année	2003	année	1980	4	2215
2003.5	2004.5	2004 1980	année	2004	année	1980	4	2266
2004.5	2005.5	2005 1980	année	2005	année	1980	4	2317
2005.5	2006.5	2006 1980	année	2006	année	1980	4	2368
2006.5	2007.5	2007 1980	année	2007	année	1980	4	2419
2007.5	2008.5	2008 1980	année	2008	année	1980	4	2470
2008.5	2009.5	2009 1980	année	2009	année	1980	4	2521
2009.5	2010.5	2010 1980	année	2010	année	1980	4	2572
2010.5	2011.5	2011 1980	année	2011	année	1980	4	2623
1959.5	1960.5	1960 1981	année	1960	année	1981	4	22
1960.5	1961.5	1961 1981	année	1961	année	1981	4	73
1961.5	1962.5	1962 1981	année	1962	année	1981	4	124
1962.5	1963.5	1963 1981	année	1963	année	1981	4	175
1963.5	1964.5	1964 1981	année	1964	année	1981	4	226
1964.5	1965.5	1965 1981	année	1965	année	1981	4	277
1965.5	1966.5	1966 1981	année	1966	année	1981	4	328
1966.5	1967.5	1967 1981	année	1967	année	1981	4	379
1967.5	1968.5	1968 1981	année	1968	année	1981	4	430
1968.5	1969.5	1969 1981	année	1969	année	1981	4	481
1969.5	1970.5	1970 1981	année	1970	année	1981	4	532
1970.5	1971.5	1971 1981	année	1971	année	1981	4	583
1971.5	1972.5	1972 1981	année	1972	année	1981	4	634
1972.5	1973.5	1973 1981	année	1973	année	1981	4	685
1973.5	1974.5	1974 1981	année	1974	année	1981	4	736
1974.5	1975.5	1975 1981	année	1975	année	1981	4	787
1975.5	1976.5	1976 1981	année	1976	année	1981	4	838
1976.5	1977.5	1977 1981	année	1977	année	1981	4	889
1977.5	1978.5	1978 1981	année	1978	année	1981	4	940
1978.5	1979.5	1979 1981	année	1979	année	1981	4	991
1979.5	1980.5	1980 1981	année	1980	année	1981	4	1042
1980.5	1981.5	1	année	1981	année	1981	4	1
1981.5	1982.5	1982 1981	année	1982	année	1981	4	1145
1982.5	1983.5	1983 1981	année	1983	année	1981	4	1196
1983.5	1984.5	1984 1981	année	1984	année	1981	4	1247
1984.5	1985.5	1985 1981	année	1985	année	1981	4	1298
1985.5	1986.5	1986 1981	année	1986	année	1981	4	1349
1986.5	1987.5	1987 1981	année	1987	année	1981	4	1400
1987.5	1988.5	1988 1981	année	1988	année	1981	4	1451
1988.5	1989.5	1989 1981	année	1989	année	1981	4	1502
1989.5	1990.5	1990 1981	année	1990	année	1981	4	1553
1990.5	1991.5	1991 1981	année	1991	année	1981	4	1604
1991.5	1992.5	1992 1981	année	1992	année	1981	4	1655
1992.5	1993.5	1993 1981	année	1993	année	1981	4	1706
1993.5	1994.5	1994 1981	année	1994	année	1981	4	1757
1994.5	1995.5	1995 1981	année	1995	année	1981	4	1808
1995.5	1996.5	1996 1981	année	1996	année	1981	4	1859
1996.5	1997.5	1997 1981	année	1997	année	1981	4	1910
1997.5	1998.5	1998 1981	année	1998	année	1981	4	1961
1998.5	1999.5	1999 1981	année	1999	année	1981	4	2012
1999.5	2000.5	2000 1981	année	2000	année	1981	4	2063
2000.5	2001.5	2001 1981	année	2001	année	1981	4	2114
2001.5	2002.5	2002 1981	année	2002	année	1981	4	2165
2002.5	2003.5	2003 1981	année	2003	année	1981	4	2216
2003.5	2004.5	2004 1981	année	2004	année	1981	4	2267
2004.5	2005.5	2005 1981	année	2005	année	1981	4	2318
2005.5	2006.5	2006 1981	année	2006	année	1981	4	2369
2006.5	2007.5	2007 1981	année	2007	année	1981	4	2420
2007.5	2008.5	2008 1981	année	2008	année	1981	4	2471
2008.5	2009.5	2009 1981	année	2009	année	1981	4	2522
2009.5	2010.5	2010 1981	année	2010	année	1981	4	2573
2010.5	2011.5	2011 1981	année	2011	année	1981	4	2624
1959.5	1960.5	1960 1982	année	1960	année	1982	4	23
1960.5	1961.5	1961 1982	année	1961	année	1982	4	74
1961.5	1962.5	1962 1982	année	1962	année	1982	4	125
1962.5	1963.5	1963 1982	année	1963	année	1982	4	176
1963.5	1964.5	1964 1982	année	1964	année	1982	4	227
1964.5	1965.5	1965 1982	année	1965	année	1982	4	278
1965.5	1966.5	1966 1982	année	1966	année	1982	4	329
1966.5	1967.5	1967 1982	année	1967	année	1982	4	380
1967.5	1968.5	1968 1982	année	1968	année	1982	4	431
1968.5	1969.5	1969 1982	année	1969	année	1982	4	482
1969.5	1970.5	1970 1982	année	1970	année	1982	4	533
1970.5	1971.5	1971 1982	année	1971	année	1982	4	584
1971.5	1972.5	1972 1982	année	1972	année	1982	4	635
1972.5	1973.5	1973 1982	année	1973	année	1982	4	686
1973.5	1974.5	1974 1982	année	1974	année	1982	4	737
1974.5	1975.5	1975 1982	année	1975	année	1982	4	788
1975.5	1976.5	1976 1982	année	1976	année	1982	4	839
1976.5	1977.5	1977 1982	année	1977	année	1982	4	890
1977.5	1978.5	1978 1982	année	1978	année	1982	4	941
1978.5	1979.5	1979 1982	année	1979	année	1982	4	992
1979.5	1980.5	1980 1982	année	1980	année	1982	4	1043
1980.5	1981.5	1981 1982	année	1981	année	1982	4	1094
1981.5	1982.5	1	année	1982	année	1982	4	1
1982.5	1983.5	1983 1982	année	1983	année	1982	4	1197
1983.5	1984.5	1984 1982	année	1984	année	1982	4	1248
1984.5	1985.5	1985 1982	année	1985	année	1982	4	1299
1985.5	1986.5	1986 1982	année	1986	année	1982	4	1350
1986.5	1987.5	1987 1982	année	1987	année	1982	4	1401
1987.5	1988.5	1988 1982	année	1988	année	1982	4	1452
1988.5	1989.5	1989 1982	année	1989	année	1982	4	1503
1989.5	1990.5	1990 1982	année	1990	année	1982	4	1554
1990.5	1991.5	1991 1982	année	1991	année	1982	4	1605
1991.5	1992.5	1992 1982	année	1992	année	1982	4	1656
1992.5	1993.5	1993 1982	année	1993	année	1982	4	1707
1993.5	1994.5	1994 1982	année	1994	année	1982	4	1758
1994.5	1995.5	1995 1982	année	1995	année	1982	4	1809
1995.5	1996.5	1996 1982	année	1996	année	1982	4	1860
1996.5	1997.5	1997 1982	année	1997	année	1982	4	1911
1997.5	1998.5	1998 1982	année	1998	année	1982	4	1962
1998.5	1999.5	1999 1982	année	1999	année	1982	4	2013
1999.5	2000.5	2000 1982	année	2000	année	1982	4	2064
2000.5	2001.5	2001 1982	année	2001	année	1982	4	2115
2001.5	2002.5	2002 1982	année	2002	année	1982	4	2166
2002.5	2003.5	2003 1982	année	2003	année	1982	4	2217
2003.5	2004.5	2004 1982	année	2004	année	1982	4	2268
2004.5	2005.5	2005 1982	année	2005	année	1982	4	2319
2005.5	2006.5	2006 1982	année	2006	année	1982	4	2370
2006.5	2007.5	2007 1982	année	2007	année	1982	4	2421
2007.5	2008.5	2008 1982	année	2008	année	1982	4	2472
2008.5	2009.5	2009 1982	année	2009	année	1982	4	2523
2009.5	2010.5	2010 1982	année	2010	année	1982	4	2574
2010.5	2011.5	2011 1982	année	2011	année	1982	4	2625
1959.5	1960.5	1960 1983	année	1960	année	1983	4	24
1960.5	1961.5	1961 1983	année	1961	année	1983	4	75
1961.5	1962.5	1962 1983	année	1962	année	1983	4	126
1962.5	1963.5	1963 1983	année	1963	année	1983	4	177
1963.5	1964.5	1964 1983	année	1964	année	1983	4	228
1964.5	1965.5	1965 1983	année	1965	année	1983	4	279
1965.5	1966.5	1966 1983	année	1966	année	1983	4	330
1966.5	1967.5	1967 1983	année	1967	année	1983	4	381
1967.5	1968.5	1968 1983	année	1968	année	1983	4	432
1968.5	1969.5	1969 1983	année	1969	année	1983	4	483
1969.5	1970.5	1970 1983	année	1970	année	1983	4	534
1970.5	1971.5	1971 1983	année	1971	année	1983	4	585
1971.5	1972.5	1972 1983	année	1972	année	1983	4	636
1972.5	1973.5	1973 1983	année	1973	année	1983	4	687
1973.5	1974.5	1974 1983	année	1974	année	1983	4	738
1974.5	1975.5	1975 1983	année	1975	année	1983	4	789
1975.5	1976.5	1976 1983	année	1976	année	1983	4	840
1976.5	1977.5	1977 1983	année	1977	année	1983	4	891
1977.5	1978.5	1978 1983	année	1978	année	1983	4	942
1978.5	1979.5	1979 1983	année	1979	année	1983	4	993
1979.5	1980.5	1980 1983	année	1980	année	1983	4	1044
1980.5	1981.5	1981 1983	année	1981	année	1983	4	1095
1981.5	1982.5	1982 1983	année	1982	année	1983	4	1146
1982.5	1983.5	1	année	1983	année	1983	4	1
1983.5	1984.5	1984 1983	année	1984	année	1983	4	1249
1984.5	1985.5	1985 1983	année	1985	année	1983	4	1300
1985.5	1986.5	1986 1983	année	1986	année	1983	4	1351
1986.5	1987.5	1987 1983	année	1987	année	1983	4	1402
1987.5	1988.5	1988 1983	année	1988	année	1983	4	1453
1988.5	1989.5	1989 1983	année	1989	année	1983	4	1504
1989.5	1990.5	1990 1983	année	1990	année	1983	4	1555
1990.5	1991.5	1991 1983	année	1991	année	1983	4	1606
1991.5	1992.5	1992 1983	année	1992	année	1983	4	1657
1992.5	1993.5	1993 1983	année	1993	année	1983	4	1708
1993.5	1994.5	1994 1983	année	1994	année	1983	4	1759
1994.5	1995.5	1995 1983	année	1995	année	1983	4	1810
1995.5	1996.5	1996 1983	année	1996	année	1983	4	1861
1996.5	1997.5	1997 1983	année	1997	année	1983	4	1912
1997.5	1998.5	1998 1983	année	1998	année	1983	4	1963
1998.5	1999.5	1999 1983	année	1999	année	1983	4	2014
1999.5	2000.5	2000 1983	année	2000	année	1983	4	2065
2000.5	2001.5	2001 1983	année	2001	année	1983	4	2116
2001.5	2002.5	2002 1983	année	2002	année	1983	4	2167
2002.5	2003.5	2003 1983	année	2003	année	1983	4	2218
2003.5	2004.5	2004 1983	année	2004	année	1983	4	2269
2004.5	2005.5	2005 1983	année	2005	année	1983	4	2320
2005.5	2006.5	2006 1983	année	2006	année	1983	4	2371
2006.5	2007.5	2007 1983	année	2007	année	1983	4	2422
2007.5	2008.5	2008 1983	année	2008	année	1983	4	2473
2008.5	2009.5	2009 1983	année	2009	année	1983	4	2524
2009.5	2010.5	2010 1983	année	2010	année	1983	4	2575
2010.5	2011.5	2011 1983	année	2011	année	1983	4	2626
1959.5	1960.5	1960 1984	année	1960	année	1984	4	25
1960.5	1961.5	1961 1984	année	1961	année	1984	4	76
1961.5	1962.5	1962 1984	année	1962	année	1984	4	127
1962.5	1963.5	1963 1984	année	1963	année	1984	4	178
1963.5	1964.5	1964 1984	année	1964	année	1984	4	229
1964.5	1965.5	1965 1984	année	1965	année	1984	4	280
1965.5	1966.5	1966 1984	année	1966	année	1984	4	331
1966.5	1967.5	1967 1984	année	1967	année	1984	4	382
1967.5	1968.5	1968 1984	année	1968	année	1984	4	433
1968.5	1969.5	1969 1984	année	1969	année	1984	4	484
1969.5	1970.5	1970 1984	année	1970	année	1984	4	535
1970.5	1971.5	1971 1984	année	1971	année	1984	4	586
1971.5	1972.5	1972 1984	année	1972	année	1984	4	637
1972.5	1973.5	1973 1984	année	1973	année	1984	4	688
1973.5	1974.5	1974 1984	année	1974	année	1984	4	739
1974.5	1975.5	1975 1984	année	1975	année	1984	4	790
1975.5	1976.5	1976 1984	année	1976	année	1984	4	841
1976.5	1977.5	1977 1984	année	1977	année	1984	4	892
1977.5	1978.5	1978 1984	année	1978	année	1984	4	943
1978.5	1979.5	1979 1984	année	1979	année	1984	4	994
1979.5	1980.5	1980 1984	année	1980	année	1984	4	1045
1980.5	1981.5	1981 1984	année	1981	année	1984	4	1096
1981.5	1982.5	1982 1984	année	1982	année	1984	4	1147
1982.5	1983.5	1983 1984	année	1983	année	1984	4	1198
1983.5	1984.5	1	année	1984	année	1984	4	1
1984.5	1985.5	1985 1984	année	1985	année	1984	4	1301
1985.5	1986.5	1986 1984	année	1986	année	1984	4	1352
1986.5	1987.5	1987 1984	année	1987	année	1984	4	1403
1987.5	1988.5	1988 1984	année	1988	année	1984	4	1454
1988.5	1989.5	1989 1984	année	1989	année	1984	4	1505
1989.5	1990.5	1990 1984	année	1990	année	1984	4	1556
1990.5	1991.5	1991 1984	année	1991	année	1984	4	1607
1991.5	1992.5	1992 1984	année	1992	année	1984	4	1658
1992.5	1993.5	1993 1984	année	1993	année	1984	4	1709
1993.5	1994.5	1994 1984	année	1994	année	1984	4	1760
1994.5	1995.5	1995 1984	année	1995	année	1984	4	1811
1995.5	1996.5	1996 1984	année	1996	année	1984	4	1862
1996.5	1997.5	1997 1984	année	1997	année	1984	4	1913
1997.5	1998.5	1998 1984	année	1998	année	1984	4	1964
1998.5	1999.5	1999 1984	année	1999	année	1984	4	2015
1999.5	2000.5	2000 1984	année	2000	année	1984	4	2066
2000.5	2001.5	2001 1984	année	2001	année	1984	4	2117
2001.5	2002.5	2002 1984	année	2002	année	1984	4	2168
2002.5	2003.5	2003 1984	année	2003	année	1984	4	2219
2003.5	2004.5	2004 1984	année	2004	année	1984	4	2270
2004.5	2005.5	2005 1984	année	2005	année	1984	4	2321
2005.5	2006.5	2006 1984	année	2006	année	1984	4	2372
2006.5	2007.5	2007 1984	année	2007	année	1984	4	2423
2007.5	2008.5	2008 1984	année	2008	année	1984	4	2474
2008.5	2009.5	2009 1984	année	2009	année	1984	4	2525
2009.5	2010.5	2010 1984	année	2010	année	1984	4	2576
2010.5	2011.5	2011 1984	année	2011	année	1984	4	2627
1959.5	1960.5	1960 1985	année	1960	année	1985	4	26
1960.5	1961.5	1961 1985	année	1961	année	1985	4	77
1961.5	1962.5	1962 1985	année	1962	année	1985	4	128
1962.5	1963.5	1963 1985	année	1963	année	1985	4	179
1963.5	1964.5	1964 1985	année	1964	année	1985	4	230
1964.5	1965.5	1965 1985	année	1965	année	1985	4	281
1965.5	1966.5	1966 1985	année	1966	année	1985	4	332
1966.5	1967.5	1967 1985	année	1967	année	1985	4	383
1967.5	1968.5	1968 1985	année	1968	année	1985	4	434
1968.5	1969.5	1969 1985	année	1969	année	1985	4	485
1969.5	1970.5	1970 1985	année	1970	année	1985	4	536
1970.5	1971.5	1971 1985	année	1971	année	1985	4	587
1971.5	1972.5	1972 1985	année	1972	année	1985	4	638
1972.5	1973.5	1973 1985	année	1973	année	1985	4	689
1973.5	1974.5	1974 1985	année	1974	année	1985	4	740
1974.5	1975.5	1975 1985	année	1975	année	1985	4	791
1975.5	1976.5	1976 1985	année	1976	année	1985	4	842
1976.5	1977.5	1977 1985	année	1977	année	1985	4	893
1977.5	1978.5	1978 1985	année	1978	année	1985	4	944
1978.5	1979.5	1979 1985	année	1979	année	1985	4	995
1979.5	1980.5	1980 1985	année	1980	année	1985	4	1046
1980.5	1981.5	1981 1985	année	1981	année	1985	4	1097
1981.5	1982.5	1982 1985	année	1982	année	1985	4	1148
1982.5	1983.5	1983 1985	année	1983	année	1985	4	1199
1983.5	1984.5	1984 1985	année	1984	année	1985	4	1250
1984.5	1985.5	1	année	1985	année	1985	4	1
1985.5	1986.5	1986 1985	année	1986	année	1985	4	1353
1986.5	1987.5	1987 1985	année	1987	année	1985	4	1404
1987.5	1988.5	1988 1985	année	1988	année	1985	4	1455
1988.5	1989.5	1989 1985	année	1989	année	1985	4	1506
1989.5	1990.5	1990 1985	année	1990	année	1985	4	1557
1990.5	1991.5	1991 1985	année	1991	année	1985	4	1608
1991.5	1992.5	1992 1985	année	1992	année	1985	4	1659
1992.5	1993.5	1993 1985	année	1993	année	1985	4	1710
1993.5	1994.5	1994 1985	année	1994	année	1985	4	1761
1994.5	1995.5	1995 1985	année	1995	année	1985	4	1812
1995.5	1996.5	1996 1985	année	1996	année	1985	4	1863
1996.5	1997.5	1997 1985	année	1997	année	1985	4	1914
1997.5	1998.5	1998 1985	année	1998	année	1985	4	1965
1998.5	1999.5	1999 1985	année	1999	année	1985	4	2016
1999.5	2000.5	2000 1985	année	2000	année	1985	4	2067
2000.5	2001.5	2001 1985	année	2001	année	1985	4	2118
2001.5	2002.5	2002 1985	année	2002	année	1985	4	2169
2002.5	2003.5	2003 1985	année	2003	année	1985	4	2220
2003.5	2004.5	2004 1985	année	2004	année	1985	4	2271
2004.5	2005.5	2005 1985	année	2005	année	1985	4	2322
2005.5	2006.5	2006 1985	année	2006	année	1985	4	2373
2006.5	2007.5	2007 1985	année	2007	année	1985	4	2424
2007.5	2008.5	2008 1985	année	2008	année	1985	4	2475
2008.5	2009.5	2009 1985	année	2009	année	1985	4	2526
2009.5	2010.5	2010 1985	année	2010	année	1985	4	2577
2010.5	2011.5	2011 1985	année	2011	année	1985	4	2628
1959.5	1960.5	1960 1986	année	1960	année	1986	4	27
1960.5	1961.5	1961 1986	année	1961	année	1986	4	78
1961.5	1962.5	1962 1986	année	1962	année	1986	4	129
1962.5	1963.5	1963 1986	année	1963	année	1986	4	180
1963.5	1964.5	1964 1986	année	1964	année	1986	4	231
1964.5	1965.5	1965 1986	année	1965	année	1986	4	282
1965.5	1966.5	1966 1986	année	1966	année	1986	4	333
1966.5	1967.5	1967 1986	année	1967	année	1986	4	384
1967.5	1968.5	1968 1986	année	1968	année	1986	4	435
1968.5	1969.5	1969 1986	année	1969	année	1986	4	486
1969.5	1970.5	1970 1986	année	1970	année	1986	4	537
1970.5	1971.5	1971 1986	année	1971	année	1986	4	588
1971.5	1972.5	1972 1986	année	1972	année	1986	4	639
1972.5	1973.5	1973 1986	année	1973	année	1986	4	690
1973.5	1974.5	1974 1986	année	1974	année	1986	4	741
1974.5	1975.5	1975 1986	année	1975	année	1986	4	792
1975.5	1976.5	1976 1986	année	1976	année	1986	4	843
1976.5	1977.5	1977 1986	année	1977	année	1986	4	894
1977.5	1978.5	1978 1986	année	1978	année	1986	4	945
1978.5	1979.5	1979 1986	année	1979	année	1986	4	996
1979.5	1980.5	1980 1986	année	1980	année	1986	4	1047
1980.5	1981.5	1981 1986	année	1981	année	1986	4	1098
1981.5	1982.5	1982 1986	année	1982	année	1986	4	1149
1982.5	1983.5	1983 1986	année	1983	année	1986	4	1200
1983.5	1984.5	1984 1986	année	1984	année	1986	4	1251
1984.5	1985.5	1985 1986	année	1985	année	1986	4	1302
1985.5	1986.5	1	année	1986	année	1986	4	1
1986.5	1987.5	1987 1986	année	1987	année	1986	4	1405
1987.5	1988.5	1988 1986	année	1988	année	1986	4	1456
1988.5	1989.5	1989 1986	année	1989	année	1986	4	1507
1989.5	1990.5	1990 1986	année	1990	année	1986	4	1558
1990.5	1991.5	1991 1986	année	1991	année	1986	4	1609
1991.5	1992.5	1992 1986	année	1992	année	1986	4	1660
1992.5	1993.5	1993 1986	année	1993	année	1986	4	1711
1993.5	1994.5	1994 1986	année	1994	année	1986	4	1762
1994.5	1995.5	1995 1986	année	1995	année	1986	4	1813
1995.5	1996.5	1996 1986	année	1996	année	1986	4	1864
1996.5	1997.5	1997 1986	année	1997	année	1986	4	1915
1997.5	1998.5	1998 1986	année	1998	année	1986	4	1966
1998.5	1999.5	1999 1986	année	1999	année	1986	4	2017
1999.5	2000.5	2000 1986	année	2000	année	1986	4	2068
2000.5	2001.5	2001 1986	année	2001	année	1986	4	2119
2001.5	2002.5	2002 1986	année	2002	année	1986	4	2170
2002.5	2003.5	2003 1986	année	2003	année	1986	4	2221
2003.5	2004.5	2004 1986	année	2004	année	1986	4	2272
2004.5	2005.5	2005 1986	année	2005	année	1986	4	2323
2005.5	2006.5	2006 1986	année	2006	année	1986	4	2374
2006.5	2007.5	2007 1986	année	2007	année	1986	4	2425
2007.5	2008.5	2008 1986	année	2008	année	1986	4	2476
2008.5	2009.5	2009 1986	année	2009	année	1986	4	2527
2009.5	2010.5	2010 1986	année	2010	année	1986	4	2578
2010.5	2011.5	2011 1986	année	2011	année	1986	4	2629
1959.5	1960.5	1960 1987	année	1960	année	1987	4	28
1960.5	1961.5	1961 1987	année	1961	année	1987	4	79
1961.5	1962.5	1962 1987	année	1962	année	1987	4	130
1962.5	1963.5	1963 1987	année	1963	année	1987	4	181
1963.5	1964.5	1964 1987	année	1964	année	1987	4	232
1964.5	1965.5	1965 1987	année	1965	année	1987	4	283
1965.5	1966.5	1966 1987	année	1966	année	1987	4	334
1966.5	1967.5	1967 1987	année	1967	année	1987	4	385
1967.5	1968.5	1968 1987	année	1968	année	1987	4	436
1968.5	1969.5	1969 1987	année	1969	année	1987	4	487
1969.5	1970.5	1970 1987	année	1970	année	1987	4	538
1970.5	1971.5	1971 1987	année	1971	année	1987	4	589
1971.5	1972.5	1972 1987	année	1972	année	1987	4	640
1972.5	1973.5	1973 1987	année	1973	année	1987	4	691
1973.5	1974.5	1974 1987	année	1974	année	1987	4	742
1974.5	1975.5	1975 1987	année	1975	année	1987	4	793
1975.5	1976.5	1976 1987	année	1976	année	1987	4	844
1976.5	1977.5	1977 1987	année	1977	année	1987	4	895
1977.5	1978.5	1978 1987	année	1978	année	1987	4	946
1978.5	1979.5	1979 1987	année	1979	année	1987	4	997
1979.5	1980.5	1980 1987	année	1980	année	1987	4	1048
1980.5	1981.5	1981 1987	année	1981	année	1987	4	1099
1981.5	1982.5	1982 1987	année	1982	année	1987	4	1150
1982.5	1983.5	1983 1987	année	1983	année	1987	4	1201
1983.5	1984.5	1984 1987	année	1984	année	1987	4	1252
1984.5	1985.5	1985 1987	année	1985	année	1987	4	1303
1985.5	1986.5	1986 1987	année	1986	année	1987	4	1354
1986.5	1987.5	1	année	1987	année	1987	4	1
1987.5	1988.5	1988 1987	année	1988	année	1987	4	1457
1988.5	1989.5	1989 1987	année	1989	année	1987	4	1508
1989.5	1990.5	1990 1987	année	1990	année	1987	4	1559
1990.5	1991.5	1991 1987	année	1991	année	1987	4	1610
1991.5	1992.5	1992 1987	année	1992	année	1987	4	1661
1992.5	1993.5	1993 1987	année	1993	année	1987	4	1712
1993.5	1994.5	1994 1987	année	1994	année	1987	4	1763
1994.5	1995.5	1995 1987	année	1995	année	1987	4	1814
1995.5	1996.5	1996 1987	année	1996	année	1987	4	1865
1996.5	1997.5	1997 1987	année	1997	année	1987	4	1916
1997.5	1998.5	1998 1987	année	1998	année	1987	4	1967
1998.5	1999.5	1999 1987	année	1999	année	1987	4	2018
1999.5	2000.5	2000 1987	année	2000	année	1987	4	2069
2000.5	2001.5	2001 1987	année	2001	année	1987	4	2120
2001.5	2002.5	2002 1987	année	2002	année	1987	4	2171
2002.5	2003.5	2003 1987	année	2003	année	1987	4	2222
2003.5	2004.5	2004 1987	année	2004	année	1987	4	2273
2004.5	2005.5	2005 1987	année	2005	année	1987	4	2324
2005.5	2006.5	2006 1987	année	2006	année	1987	4	2375
2006.5	2007.5	2007 1987	année	2007	année	1987	4	2426
2007.5	2008.5	2008 1987	année	2008	année	1987	4	2477
2008.5	2009.5	2009 1987	année	2009	année	1987	4	2528
2009.5	2010.5	2010 1987	année	2010	année	1987	4	2579
2010.5	2011.5	2011 1987	année	2011	année	1987	4	2630
1959.5	1960.5	1960 1988	année	1960	année	1988	4	29
1960.5	1961.5	1961 1988	année	1961	année	1988	4	80
1961.5	1962.5	1962 1988	année	1962	année	1988	4	131
1962.5	1963.5	1963 1988	année	1963	année	1988	4	182
1963.5	1964.5	1964 1988	année	1964	année	1988	4	233
1964.5	1965.5	1965 1988	année	1965	année	1988	4	284
1965.5	1966.5	1966 1988	année	1966	année	1988	4	335
1966.5	1967.5	1967 1988	année	1967	année	1988	4	386
1967.5	1968.5	1968 1988	année	1968	année	1988	4	437
1968.5	1969.5	1969 1988	année	1969	année	1988	4	488
1969.5	1970.5	1970 1988	année	1970	année	1988	4	539
1970.5	1971.5	1971 1988	année	1971	année	1988	4	590
1971.5	1972.5	1972 1988	année	1972	année	1988	4	641
1972.5	1973.5	1973 1988	année	1973	année	1988	4	692
1973.5	1974.5	1974 1988	année	1974	année	1988	4	743
1974.5	1975.5	1975 1988	année	1975	année	1988	4	794
1975.5	1976.5	1976 1988	année	1976	année	1988	4	845
1976.5	1977.5	1977 1988	année	1977	année	1988	4	896
1977.5	1978.5	1978 1988	année	1978	année	1988	4	947
1978.5	1979.5	1979 1988	année	1979	année	1988	4	998
1979.5	1980.5	1980 1988	année	1980	année	1988	4	1049
1980.5	1981.5	1981 1988	année	1981	année	1988	4	1100
1981.5	1982.5	1982 1988	année	1982	année	1988	4	1151
1982.5	1983.5	1983 1988	année	1983	année	1988	4	1202
1983.5	1984.5	1984 1988	année	1984	année	1988	4	1253
1984.5	1985.5	1985 1988	année	1985	année	1988	4	1304
1985.5	1986.5	1986 1988	année	1986	année	1988	4	1355
1986.5	1987.5	1987 1988	année	1987	année	1988	4	1406
1987.5	1988.5	1	année	1988	année	1988	4	1
1988.5	1989.5	1989 1988	année	1989	année	1988	4	1509
1989.5	1990.5	1990 1988	année	1990	année	1988	4	1560
1990.5	1991.5	1991 1988	année	1991	année	1988	4	1611
1991.5	1992.5	1992 1988	année	1992	année	1988	4	1662
1992.5	1993.5	1993 1988	année	1993	année	1988	4	1713
1993.5	1994.5	1994 1988	année	1994	année	1988	4	1764
1994.5	1995.5	1995 1988	année	1995	année	1988	4	1815
1995.5	1996.5	1996 1988	année	1996	année	1988	4	1866
1996.5	1997.5	1997 1988	année	1997	année	1988	4	1917
1997.5	1998.5	1998 1988	année	1998	année	1988	4	1968
1998.5	1999.5	1999 1988	année	1999	année	1988	4	2019
1999.5	2000.5	2000 1988	année	2000	année	1988	4	2070
2000.5	2001.5	2001 1988	année	2001	année	1988	4	2121
2001.5	2002.5	2002 1988	année	2002	année	1988	4	2172
2002.5	2003.5	2003 1988	année	2003	année	1988	4	2223
2003.5	2004.5	2004 1988	année	2004	année	1988	4	2274
2004.5	2005.5	2005 1988	année	2005	année	1988	4	2325
2005.5	2006.5	2006 1988	année	2006	année	1988	4	2376
2006.5	2007.5	2007 1988	année	2007	année	1988	4	2427
2007.5	2008.5	2008 1988	année	2008	année	1988	4	2478
2008.5	2009.5	2009 1988	année	2009	année	1988	4	2529
2009.5	2010.5	2010 1988	année	2010	année	1988	4	2580
2010.5	2011.5	2011 1988	année	2011	année	1988	4	2631
1959.5	1960.5	1960 1989	année	1960	année	1989	4	30
1960.5	1961.5	1961 1989	année	1961	année	1989	4	81
1961.5	1962.5	1962 1989	année	1962	année	1989	4	132
1962.5	1963.5	1963 1989	année	1963	année	1989	4	183
1963.5	1964.5	1964 1989	année	1964	année	1989	4	234
1964.5	1965.5	1965 1989	année	1965	année	1989	4	285
1965.5	1966.5	1966 1989	année	1966	année	1989	4	336
1966.5	1967.5	1967 1989	année	1967	année	1989	4	387
1967.5	1968.5	1968 1989	année	1968	année	1989	4	438
1968.5	1969.5	1969 1989	année	1969	année	1989	4	489
1969.5	1970.5	1970 1989	année	1970	année	1989	4	540
1970.5	1971.5	1971 1989	année	1971	année	1989	4	591
1971.5	1972.5	1972 1989	année	1972	année	1989	4	642
1972.5	1973.5	1973 1989	année	1973	année	1989	4	693
1973.5	1974.5	1974 1989	année	1974	année	1989	4	744
1974.5	1975.5	1975 1989	année	1975	année	1989	4	795
1975.5	1976.5	1976 1989	année	1976	année	1989	4	846
1976.5	1977.5	1977 1989	année	1977	année	1989	4	897
1977.5	1978.5	1978 1989	année	1978	année	1989	4	948
1978.5	1979.5	1979 1989	année	1979	année	1989	4	999
1979.5	1980.5	1980 1989	année	1980	année	1989	4	1050
1980.5	1981.5	1981 1989	année	1981	année	1989	4	1101
1981.5	1982.5	1982 1989	année	1982	année	1989	4	1152
1982.5	1983.5	1983 1989	année	1983	année	1989	4	1203
1983.5	1984.5	1984 1989	année	1984	année	1989	4	1254
1984.5	1985.5	1985 1989	année	1985	année	1989	4	1305
1985.5	1986.5	1986 1989	année	1986	année	1989	4	1356
1986.5	1987.5	1987 1989	année	1987	année	1989	4	1407
1987.5	1988.5	1988 1989	année	1988	année	1989	4	1458
1988.5	1989.5	1	année	1989	année	1989	4	1
1989.5	1990.5	1990 1989	année	1990	année	1989	4	1561
1990.5	1991.5	1991 1989	année	1991	année	1989	4	1612
1991.5	1992.5	1992 1989	année	1992	année	1989	4	1663
1992.5	1993.5	1993 1989	année	1993	année	1989	4	1714
1993.5	1994.5	1994 1989	année	1994	année	1989	4	1765
1994.5	1995.5	1995 1989	année	1995	année	1989	4	1816
1995.5	1996.5	1996 1989	année	1996	année	1989	4	1867
1996.5	1997.5	1997 1989	année	1997	année	1989	4	1918
1997.5	1998.5	1998 1989	année	1998	année	1989	4	1969
1998.5	1999.5	1999 1989	année	1999	année	1989	4	2020
1999.5	2000.5	2000 1989	année	2000	année	1989	4	2071
2000.5	2001.5	2001 1989	année	2001	année	1989	4	2122
2001.5	2002.5	2002 1989	année	2002	année	1989	4	2173
2002.5	2003.5	2003 1989	année	2003	année	1989	4	2224
2003.5	2004.5	2004 1989	année	2004	année	1989	4	2275
2004.5	2005.5	2005 1989	année	2005	année	1989	4	2326
2005.5	2006.5	2006 1989	année	2006	année	1989	4	2377
2006.5	2007.5	2007 1989	année	2007	année	1989	4	2428
2007.5	2008.5	2008 1989	année	2008	année	1989	4	2479
2008.5	2009.5	2009 1989	année	2009	année	1989	4	2530
2009.5	2010.5	2010 1989	année	2010	année	1989	4	2581
2010.5	2011.5	2011 1989	année	2011	année	1989	4	2632
1959.5	1960.5	1960 1990	année	1960	année	1990	4	31
1960.5	1961.5	1961 1990	année	1961	année	1990	4	82
1961.5	1962.5	1962 1990	année	1962	année	1990	4	133
1962.5	1963.5	1963 1990	année	1963	année	1990	4	184
1963.5	1964.5	1964 1990	année	1964	année	1990	4	235
1964.5	1965.5	1965 1990	année	1965	année	1990	4	286
1965.5	1966.5	1966 1990	année	1966	année	1990	4	337
1966.5	1967.5	1967 1990	année	1967	année	1990	4	388
1967.5	1968.5	1968 1990	année	1968	année	1990	4	439
1968.5	1969.5	1969 1990	année	1969	année	1990	4	490
1969.5	1970.5	1970 1990	année	1970	année	1990	4	541
1970.5	1971.5	1971 1990	année	1971	année	1990	4	592
1971.5	1972.5	1972 1990	année	1972	année	1990	4	643
1972.5	1973.5	1973 1990	année	1973	année	1990	4	694
1973.5	1974.5	1974 1990	année	1974	année	1990	4	745
1974.5	1975.5	1975 1990	année	1975	année	1990	4	796
1975.5	1976.5	1976 1990	année	1976	année	1990	4	847
1976.5	1977.5	1977 1990	année	1977	année	1990	4	898
1977.5	1978.5	1978 1990	année	1978	année	1990	4	949
1978.5	1979.5	1979 1990	année	1979	année	1990	4	1000
1979.5	1980.5	1980 1990	année	1980	année	1990	4	1051
1980.5	1981.5	1981 1990	année	1981	année	1990	4	1102
1981.5	1982.5	1982 1990	année	1982	année	1990	4	1153
1982.5	1983.5	1983 1990	année	1983	année	1990	4	1204
1983.5	1984.5	1984 1990	année	1984	année	1990	4	1255
1984.5	1985.5	1985 1990	année	1985	année	1990	4	1306
1985.5	1986.5	1986 1990	année	1986	année	1990	4	1357
1986.5	1987.5	1987 1990	année	1987	année	1990	4	1408
1987.5	1988.5	1988 1990	année	1988	année	1990	4	1459
1988.5	1989.5	1989 1990	année	1989	année	1990	4	1510
1989.5	1990.5	1	année	1990	année	1990	4	1
1990.5	1991.5	1991 1990	année	1991	année	1990	4	1613
1991.5	1992.5	1992 1990	année	1992	année	1990	4	1664
1992.5	1993.5	1993 1990	année	1993	année	1990	4	1715
1993.5	1994.5	1994 1990	année	1994	année	1990	4	1766
1994.5	1995.5	1995 1990	année	1995	année	1990	4	1817
1995.5	1996.5	1996 1990	année	1996	année	1990	4	1868
1996.5	1997.5	1997 1990	année	1997	année	1990	4	1919
1997.5	1998.5	1998 1990	année	1998	année	1990	4	1970
1998.5	1999.5	1999 1990	année	1999	année	1990	4	2021
1999.5	2000.5	2000 1990	année	2000	année	1990	4	2072
2000.5	2001.5	2001 1990	année	2001	année	1990	4	2123
2001.5	2002.5	2002 1990	année	2002	année	1990	4	2174
2002.5	2003.5	2003 1990	année	2003	année	1990	4	2225
2003.5	2004.5	2004 1990	année	2004	année	1990	4	2276
2004.5	2005.5	2005 1990	année	2005	année	1990	4	2327
2005.5	2006.5	2006 1990	année	2006	année	1990	4	2378
2006.5	2007.5	2007 1990	année	2007	année	1990	4	2429
2007.5	2008.5	2008 1990	année	2008	année	1990	4	2480
2008.5	2009.5	2009 1990	année	2009	année	1990	4	2531
2009.5	2010.5	2010 1990	année	2010	année	1990	4	2582
2010.5	2011.5	2011 1990	année	2011	année	1990	4	2633
1959.5	1960.5	1960 1991	année	1960	année	1991	4	32
1960.5	1961.5	1961 1991	année	1961	année	1991	4	83
1961.5	1962.5	1962 1991	année	1962	année	1991	4	134
1962.5	1963.5	1963 1991	année	1963	année	1991	4	185
1963.5	1964.5	1964 1991	année	1964	année	1991	4	236
1964.5	1965.5	1965 1991	année	1965	année	1991	4	287
1965.5	1966.5	1966 1991	année	1966	année	1991	4	338
1966.5	1967.5	1967 1991	année	1967	année	1991	4	389
1967.5	1968.5	1968 1991	année	1968	année	1991	4	440
1968.5	1969.5	1969 1991	année	1969	année	1991	4	491
1969.5	1970.5	1970 1991	année	1970	année	1991	4	542
1970.5	1971.5	1971 1991	année	1971	année	1991	4	593
1971.5	1972.5	1972 1991	année	1972	année	1991	4	644
1972.5	1973.5	1973 1991	année	1973	année	1991	4	695
1973.5	1974.5	1974 1991	année	1974	année	1991	4	746
1974.5	1975.5	1975 1991	année	1975	année	1991	4	797
1975.5	1976.5	1976 1991	année	1976	année	1991	4	848
1976.5	1977.5	1977 1991	année	1977	année	1991	4	899
1977.5	1978.5	1978 1991	année	1978	année	1991	4	950
1978.5	1979.5	1979 1991	année	1979	année	1991	4	1001
1979.5	1980.5	1980 1991	année	1980	année	1991	4	1052
1980.5	1981.5	1981 1991	année	1981	année	1991	4	1103
1981.5	1982.5	1982 1991	année	1982	année	1991	4	1154
1982.5	1983.5	1983 1991	année	1983	année	1991	4	1205
1983.5	1984.5	1984 1991	année	1984	année	1991	4	1256
1984.5	1985.5	1985 1991	année	1985	année	1991	4	1307
1985.5	1986.5	1986 1991	année	1986	année	1991	4	1358
1986.5	1987.5	1987 1991	année	1987	année	1991	4	1409
1987.5	1988.5	1988 1991	année	1988	année	1991	4	1460
1988.5	1989.5	1989 1991	année	1989	année	1991	4	1511
1989.5	1990.5	1990 1991	année	1990	année	1991	4	1562
1990.5	1991.5	1	année	1991	année	1991	4	1
1991.5	1992.5	1992 1991	année	1992	année	1991	4	1665
1992.5	1993.5	1993 1991	année	1993	année	1991	4	1716
1993.5	1994.5	1994 1991	année	1994	année	1991	4	1767
1994.5	1995.5	1995 1991	année	1995	année	1991	4	1818
1995.5	1996.5	1996 1991	année	1996	année	1991	4	1869
1996.5	1997.5	1997 1991	année	1997	année	1991	4	1920
1997.5	1998.5	1998 1991	année	1998	année	1991	4	1971
1998.5	1999.5	1999 1991	année	1999	année	1991	4	2022
1999.5	2000.5	2000 1991	année	2000	année	1991	4	2073
2000.5	2001.5	2001 1991	année	2001	année	1991	4	2124
2001.5	2002.5	2002 1991	année	2002	année	1991	4	2175
2002.5	2003.5	2003 1991	année	2003	année	1991	4	2226
2003.5	2004.5	2004 1991	année	2004	année	1991	4	2277
2004.5	2005.5	2005 1991	année	2005	année	1991	4	2328
2005.5	2006.5	2006 1991	année	2006	année	1991	4	2379
2006.5	2007.5	2007 1991	année	2007	année	1991	4	2430
2007.5	2008.5	2008 1991	année	2008	année	1991	4	2481
2008.5	2009.5	2009 1991	année	2009	année	1991	4	2532
2009.5	2010.5	2010 1991	année	2010	année	1991	4	2583
2010.5	2011.5	2011 1991	année	2011	année	1991	4	2634
1959.5	1960.5	1960 1992	année	1960	année	1992	4	33
1960.5	1961.5	1961 1992	année	1961	année	1992	4	84
1961.5	1962.5	1962 1992	année	1962	année	1992	4	135
1962.5	1963.5	1963 1992	année	1963	année	1992	4	186
1963.5	1964.5	1964 1992	année	1964	année	1992	4	237
1964.5	1965.5	1965 1992	année	1965	année	1992	4	288
1965.5	1966.5	1966 1992	année	1966	année	1992	4	339
1966.5	1967.5	1967 1992	année	1967	année	1992	4	390
1967.5	1968.5	1968 1992	année	1968	année	1992	4	441
1968.5	1969.5	1969 1992	année	1969	année	1992	4	492
1969.5	1970.5	1970 1992	année	1970	année	1992	4	543
1970.5	1971.5	1971 1992	année	1971	année	1992	4	594
1971.5	1972.5	1972 1992	année	1972	année	1992	4	645
1972.5	1973.5	1973 1992	année	1973	année	1992	4	696
1973.5	1974.5	1974 1992	année	1974	année	1992	4	747
1974.5	1975.5	1975 1992	année	1975	année	1992	4	798
1975.5	1976.5	1976 1992	année	1976	année	1992	4	849
1976.5	1977.5	1977 1992	année	1977	année	1992	4	900
1977.5	1978.5	1978 1992	année	1978	année	1992	4	951
1978.5	1979.5	1979 1992	année	1979	année	1992	4	1002
1979.5	1980.5	1980 1992	année	1980	année	1992	4	1053
1980.5	1981.5	1981 1992	année	1981	année	1992	4	1104
1981.5	1982.5	1982 1992	année	1982	année	1992	4	1155
1982.5	1983.5	1983 1992	année	1983	année	1992	4	1206
1983.5	1984.5	1984 1992	année	1984	année	1992	4	1257
1984.5	1985.5	1985 1992	année	1985	année	1992	4	1308
1985.5	1986.5	1986 1992	année	1986	année	1992	4	1359
1986.5	1987.5	1987 1992	année	1987	année	1992	4	1410
1987.5	1988.5	1988 1992	année	1988	année	1992	4	1461
1988.5	1989.5	1989 1992	année	1989	année	1992	4	1512
1989.5	1990.5	1990 1992	année	1990	année	1992	4	1563
1990.5	1991.5	1991 1992	année	1991	année	1992	4	1614
1991.5	1992.5	1	année	1992	année	1992	4	1
1992.5	1993.5	1993 1992	année	1993	année	1992	4	1717
1993.5	1994.5	1994 1992	année	1994	année	1992	4	1768
1994.5	1995.5	1995 1992	année	1995	année	1992	4	1819
1995.5	1996.5	1996 1992	année	1996	année	1992	4	1870
1996.5	1997.5	1997 1992	année	1997	année	1992	4	1921
1997.5	1998.5	1998 1992	année	1998	année	1992	4	1972
1998.5	1999.5	1999 1992	année	1999	année	1992	4	2023
1999.5	2000.5	2000 1992	année	2000	année	1992	4	2074
2000.5	2001.5	2001 1992	année	2001	année	1992	4	2125
2001.5	2002.5	2002 1992	année	2002	année	1992	4	2176
2002.5	2003.5	2003 1992	année	2003	année	1992	4	2227
2003.5	2004.5	2004 1992	année	2004	année	1992	4	2278
2004.5	2005.5	2005 1992	année	2005	année	1992	4	2329
2005.5	2006.5	2006 1992	année	2006	année	1992	4	2380
2006.5	2007.5	2007 1992	année	2007	année	1992	4	2431
2007.5	2008.5	2008 1992	année	2008	année	1992	4	2482
2008.5	2009.5	2009 1992	année	2009	année	1992	4	2533
2009.5	2010.5	2010 1992	année	2010	année	1992	4	2584
2010.5	2011.5	2011 1992	année	2011	année	1992	4	2635
1959.5	1960.5	1960 1993	année	1960	année	1993	4	34
1960.5	1961.5	1961 1993	année	1961	année	1993	4	85
1961.5	1962.5	1962 1993	année	1962	année	1993	4	136
1962.5	1963.5	1963 1993	année	1963	année	1993	4	187
1963.5	1964.5	1964 1993	année	1964	année	1993	4	238
1964.5	1965.5	1965 1993	année	1965	année	1993	4	289
1965.5	1966.5	1966 1993	année	1966	année	1993	4	340
1966.5	1967.5	1967 1993	année	1967	année	1993	4	391
1967.5	1968.5	1968 1993	année	1968	année	1993	4	442
1968.5	1969.5	1969 1993	année	1969	année	1993	4	493
1969.5	1970.5	1970 1993	année	1970	année	1993	4	544
1970.5	1971.5	1971 1993	année	1971	année	1993	4	595
1971.5	1972.5	1972 1993	année	1972	année	1993	4	646
1972.5	1973.5	1973 1993	année	1973	année	1993	4	697
1973.5	1974.5	1974 1993	année	1974	année	1993	4	748
1974.5	1975.5	1975 1993	année	1975	année	1993	4	799
1975.5	1976.5	1976 1993	année	1976	année	1993	4	850
1976.5	1977.5	1977 1993	année	1977	année	1993	4	901
1977.5	1978.5	1978 1993	année	1978	année	1993	4	952
1978.5	1979.5	1979 1993	année	1979	année	1993	4	1003
1979.5	1980.5	1980 1993	année	1980	année	1993	4	1054
1980.5	1981.5	1981 1993	année	1981	année	1993	4	1105
1981.5	1982.5	1982 1993	année	1982	année	1993	4	1156
1982.5	1983.5	1983 1993	année	1983	année	1993	4	1207
1983.5	1984.5	1984 1993	année	1984	année	1993	4	1258
1984.5	1985.5	1985 1993	année	1985	année	1993	4	1309
1985.5	1986.5	1986 1993	année	1986	année	1993	4	1360
1986.5	1987.5	1987 1993	année	1987	année	1993	4	1411
1987.5	1988.5	1988 1993	année	1988	année	1993	4	1462
1988.5	1989.5	1989 1993	année	1989	année	1993	4	1513
1989.5	1990.5	1990 1993	année	1990	année	1993	4	1564
1990.5	1991.5	1991 1993	année	1991	année	1993	4	1615
1991.5	1992.5	1992 1993	année	1992	année	1993	4	1666
1992.5	1993.5	1	année	1993	année	1993	4	1
1993.5	1994.5	1994 1993	année	1994	année	1993	4	1769
1994.5	1995.5	1995 1993	année	1995	année	1993	4	1820
1995.5	1996.5	1996 1993	année	1996	année	1993	4	1871
1996.5	1997.5	1997 1993	année	1997	année	1993	4	1922
1997.5	1998.5	1998 1993	année	1998	année	1993	4	1973
1998.5	1999.5	1999 1993	année	1999	année	1993	4	2024
1999.5	2000.5	2000 1993	année	2000	année	1993	4	2075
2000.5	2001.5	2001 1993	année	2001	année	1993	4	2126
2001.5	2002.5	2002 1993	année	2002	année	1993	4	2177
2002.5	2003.5	2003 1993	année	2003	année	1993	4	2228
2003.5	2004.5	2004 1993	année	2004	année	1993	4	2279
2004.5	2005.5	2005 1993	année	2005	année	1993	4	2330
2005.5	2006.5	2006 1993	année	2006	année	1993	4	2381
2006.5	2007.5	2007 1993	année	2007	année	1993	4	2432
2007.5	2008.5	2008 1993	année	2008	année	1993	4	2483
2008.5	2009.5	2009 1993	année	2009	année	1993	4	2534
2009.5	2010.5	2010 1993	année	2010	année	1993	4	2585
2010.5	2011.5	2011 1993	année	2011	année	1993	4	2636
1959.5	1960.5	1960 1994	année	1960	année	1994	4	35
1960.5	1961.5	1961 1994	année	1961	année	1994	4	86
1961.5	1962.5	1962 1994	année	1962	année	1994	4	137
1962.5	1963.5	1963 1994	année	1963	année	1994	4	188
1963.5	1964.5	1964 1994	année	1964	année	1994	4	239
1964.5	1965.5	1965 1994	année	1965	année	1994	4	290
1965.5	1966.5	1966 1994	année	1966	année	1994	4	341
1966.5	1967.5	1967 1994	année	1967	année	1994	4	392
1967.5	1968.5	1968 1994	année	1968	année	1994	4	443
1968.5	1969.5	1969 1994	année	1969	année	1994	4	494
1969.5	1970.5	1970 1994	année	1970	année	1994	4	545
1970.5	1971.5	1971 1994	année	1971	année	1994	4	596
1971.5	1972.5	1972 1994	année	1972	année	1994	4	647
1972.5	1973.5	1973 1994	année	1973	année	1994	4	698
1973.5	1974.5	1974 1994	année	1974	année	1994	4	749
1974.5	1975.5	1975 1994	année	1975	année	1994	4	800
1975.5	1976.5	1976 1994	année	1976	année	1994	4	851
1976.5	1977.5	1977 1994	année	1977	année	1994	4	902
1977.5	1978.5	1978 1994	année	1978	année	1994	4	953
1978.5	1979.5	1979 1994	année	1979	année	1994	4	1004
1979.5	1980.5	1980 1994	année	1980	année	1994	4	1055
1980.5	1981.5	1981 1994	année	1981	année	1994	4	1106
1981.5	1982.5	1982 1994	année	1982	année	1994	4	1157
1982.5	1983.5	1983 1994	année	1983	année	1994	4	1208
1983.5	1984.5	1984 1994	année	1984	année	1994	4	1259
1984.5	1985.5	1985 1994	année	1985	année	1994	4	1310
1985.5	1986.5	1986 1994	année	1986	année	1994	4	1361
1986.5	1987.5	1987 1994	année	1987	année	1994	4	1412
1987.5	1988.5	1988 1994	année	1988	année	1994	4	1463
1988.5	1989.5	1989 1994	année	1989	année	1994	4	1514
1989.5	1990.5	1990 1994	année	1990	année	1994	4	1565
1990.5	1991.5	1991 1994	année	1991	année	1994	4	1616
1991.5	1992.5	1992 1994	année	1992	année	1994	4	1667
1992.5	1993.5	1993 1994	année	1993	année	1994	4	1718
1993.5	1994.5	1	année	1994	année	1994	4	1
1994.5	1995.5	1995 1994	année	1995	année	1994	4	1821
1995.5	1996.5	1996 1994	année	1996	année	1994	4	1872
1996.5	1997.5	1997 1994	année	1997	année	1994	4	1923
1997.5	1998.5	1998 1994	année	1998	année	1994	4	1974
1998.5	1999.5	1999 1994	année	1999	année	1994	4	2025
1999.5	2000.5	2000 1994	année	2000	année	1994	4	2076
2000.5	2001.5	2001 1994	année	2001	année	1994	4	2127
2001.5	2002.5	2002 1994	année	2002	année	1994	4	2178
2002.5	2003.5	2003 1994	année	2003	année	1994	4	2229
2003.5	2004.5	2004 1994	année	2004	année	1994	4	2280
2004.5	2005.5	2005 1994	année	2005	année	1994	4	2331
2005.5	2006.5	2006 1994	année	2006	année	1994	4	2382
2006.5	2007.5	2007 1994	année	2007	année	1994	4	2433
2007.5	2008.5	2008 1994	année	2008	année	1994	4	2484
2008.5	2009.5	2009 1994	année	2009	année	1994	4	2535
2009.5	2010.5	2010 1994	année	2010	année	1994	4	2586
2010.5	2011.5	2011 1994	année	2011	année	1994	4	2637
1959.5	1960.5	1960 1995	année	1960	année	1995	4	36
1960.5	1961.5	1961 1995	année	1961	année	1995	4	87
1961.5	1962.5	1962 1995	année	1962	année	1995	4	138
1962.5	1963.5	1963 1995	année	1963	année	1995	4	189
1963.5	1964.5	1964 1995	année	1964	année	1995	4	240
1964.5	1965.5	1965 1995	année	1965	année	1995	4	291
1965.5	1966.5	1966 1995	année	1966	année	1995	4	342
1966.5	1967.5	1967 1995	année	1967	année	1995	4	393
1967.5	1968.5	1968 1995	année	1968	année	1995	4	444
1968.5	1969.5	1969 1995	année	1969	année	1995	4	495
1969.5	1970.5	1970 1995	année	1970	année	1995	4	546
1970.5	1971.5	1971 1995	année	1971	année	1995	4	597
1971.5	1972.5	1972 1995	année	1972	année	1995	4	648
1972.5	1973.5	1973 1995	année	1973	année	1995	4	699
1973.5	1974.5	1974 1995	année	1974	année	1995	4	750
1974.5	1975.5	1975 1995	année	1975	année	1995	4	801
1975.5	1976.5	1976 1995	année	1976	année	1995	4	852
1976.5	1977.5	1977 1995	année	1977	année	1995	4	903
1977.5	1978.5	1978 1995	année	1978	année	1995	4	954
1978.5	1979.5	1979 1995	année	1979	année	1995	4	1005
1979.5	1980.5	1980 1995	année	1980	année	1995	4	1056
1980.5	1981.5	1981 1995	année	1981	année	1995	4	1107
1981.5	1982.5	1982 1995	année	1982	année	1995	4	1158
1982.5	1983.5	1983 1995	année	1983	année	1995	4	1209
1983.5	1984.5	1984 1995	année	1984	année	1995	4	1260
1984.5	1985.5	1985 1995	année	1985	année	1995	4	1311
1985.5	1986.5	1986 1995	année	1986	année	1995	4	1362
1986.5	1987.5	1987 1995	année	1987	année	1995	4	1413
1987.5	1988.5	1988 1995	année	1988	année	1995	4	1464
1988.5	1989.5	1989 1995	année	1989	année	1995	4	1515
1989.5	1990.5	1990 1995	année	1990	année	1995	4	1566
1990.5	1991.5	1991 1995	année	1991	année	1995	4	1617
1991.5	1992.5	1992 1995	année	1992	année	1995	4	1668
1992.5	1993.5	1993 1995	année	1993	année	1995	4	1719
1993.5	1994.5	1994 1995	année	1994	année	1995	4	1770
1994.5	1995.5	1	année	1995	année	1995	4	1
1995.5	1996.5	1996 1995	année	1996	année	1995	4	1873
1996.5	1997.5	1997 1995	année	1997	année	1995	4	1924
1997.5	1998.5	1998 1995	année	1998	année	1995	4	1975
1998.5	1999.5	1999 1995	année	1999	année	1995	4	2026
1999.5	2000.5	2000 1995	année	2000	année	1995	4	2077
2000.5	2001.5	2001 1995	année	2001	année	1995	4	2128
2001.5	2002.5	2002 1995	année	2002	année	1995	4	2179
2002.5	2003.5	2003 1995	année	2003	année	1995	4	2230
2003.5	2004.5	2004 1995	année	2004	année	1995	4	2281
2004.5	2005.5	2005 1995	année	2005	année	1995	4	2332
2005.5	2006.5	2006 1995	année	2006	année	1995	4	2383
2006.5	2007.5	2007 1995	année	2007	année	1995	4	2434
2007.5	2008.5	2008 1995	année	2008	année	1995	4	2485
2008.5	2009.5	2009 1995	année	2009	année	1995	4	2536
2009.5	2010.5	2010 1995	année	2010	année	1995	4	2587
2010.5	2011.5	2011 1995	année	2011	année	1995	4	2638
1959.5	1960.5	1960 1996	année	1960	année	1996	4	37
1960.5	1961.5	1961 1996	année	1961	année	1996	4	88
1961.5	1962.5	1962 1996	année	1962	année	1996	4	139
1962.5	1963.5	1963 1996	année	1963	année	1996	4	190
1963.5	1964.5	1964 1996	année	1964	année	1996	4	241
1964.5	1965.5	1965 1996	année	1965	année	1996	4	292
1965.5	1966.5	1966 1996	année	1966	année	1996	4	343
1966.5	1967.5	1967 1996	année	1967	année	1996	4	394
1967.5	1968.5	1968 1996	année	1968	année	1996	4	445
1968.5	1969.5	1969 1996	année	1969	année	1996	4	496
1969.5	1970.5	1970 1996	année	1970	année	1996	4	547
1970.5	1971.5	1971 1996	année	1971	année	1996	4	598
1971.5	1972.5	1972 1996	année	1972	année	1996	4	649
1972.5	1973.5	1973 1996	année	1973	année	1996	4	700
1973.5	1974.5	1974 1996	année	1974	année	1996	4	751
1974.5	1975.5	1975 1996	année	1975	année	1996	4	802
1975.5	1976.5	1976 1996	année	1976	année	1996	4	853
1976.5	1977.5	1977 1996	année	1977	année	1996	4	904
1977.5	1978.5	1978 1996	année	1978	année	1996	4	955
1978.5	1979.5	1979 1996	année	1979	année	1996	4	1006
1979.5	1980.5	1980 1996	année	1980	année	1996	4	1057
1980.5	1981.5	1981 1996	année	1981	année	1996	4	1108
1981.5	1982.5	1982 1996	année	1982	année	1996	4	1159
1982.5	1983.5	1983 1996	année	1983	année	1996	4	1210
1983.5	1984.5	1984 1996	année	1984	année	1996	4	1261
1984.5	1985.5	1985 1996	année	1985	année	1996	4	1312
1985.5	1986.5	1986 1996	année	1986	année	1996	4	1363
1986.5	1987.5	1987 1996	année	1987	année	1996	4	1414
1987.5	1988.5	1988 1996	année	1988	année	1996	4	1465
1988.5	1989.5	1989 1996	année	1989	année	1996	4	1516
1989.5	1990.5	1990 1996	année	1990	année	1996	4	1567
1990.5	1991.5	1991 1996	année	1991	année	1996	4	1618
1991.5	1992.5	1992 1996	année	1992	année	1996	4	1669
1992.5	1993.5	1993 1996	année	1993	année	1996	4	1720
1993.5	1994.5	1994 1996	année	1994	année	1996	4	1771
1994.5	1995.5	1995 1996	année	1995	année	1996	4	1822
1995.5	1996.5	1	année	1996	année	1996	4	1
1996.5	1997.5	1997 1996	année	1997	année	1996	4	1925
1997.5	1998.5	1998 1996	année	1998	année	1996	4	1976
1998.5	1999.5	1999 1996	année	1999	année	1996	4	2027
1999.5	2000.5	2000 1996	année	2000	année	1996	4	2078
2000.5	2001.5	2001 1996	année	2001	année	1996	4	2129
2001.5	2002.5	2002 1996	année	2002	année	1996	4	2180
2002.5	2003.5	2003 1996	année	2003	année	1996	4	2231
2003.5	2004.5	2004 1996	année	2004	année	1996	4	2282
2004.5	2005.5	2005 1996	année	2005	année	1996	4	2333
2005.5	2006.5	2006 1996	année	2006	année	1996	4	2384
2006.5	2007.5	2007 1996	année	2007	année	1996	4	2435
2007.5	2008.5	2008 1996	année	2008	année	1996	4	2486
2008.5	2009.5	2009 1996	année	2009	année	1996	4	2537
2009.5	2010.5	2010 1996	année	2010	année	1996	4	2588
2010.5	2011.5	2011 1996	année	2011	année	1996	4	2639
1959.5	1960.5	1960 1997	année	1960	année	1997	4	38
1960.5	1961.5	1961 1997	année	1961	année	1997	4	89
1961.5	1962.5	1962 1997	année	1962	année	1997	4	140
1962.5	1963.5	1963 1997	année	1963	année	1997	4	191
1963.5	1964.5	1964 1997	année	1964	année	1997	4	242
1964.5	1965.5	1965 1997	année	1965	année	1997	4	293
1965.5	1966.5	1966 1997	année	1966	année	1997	4	344
1966.5	1967.5	1967 1997	année	1967	année	1997	4	395
1967.5	1968.5	1968 1997	année	1968	année	1997	4	446
1968.5	1969.5	1969 1997	année	1969	année	1997	4	497
1969.5	1970.5	1970 1997	année	1970	année	1997	4	548
1970.5	1971.5	1971 1997	année	1971	année	1997	4	599
1971.5	1972.5	1972 1997	année	1972	année	1997	4	650
1972.5	1973.5	1973 1997	année	1973	année	1997	4	701
1973.5	1974.5	1974 1997	année	1974	année	1997	4	752
1974.5	1975.5	1975 1997	année	1975	année	1997	4	803
1975.5	1976.5	1976 1997	année	1976	année	1997	4	854
1976.5	1977.5	1977 1997	année	1977	année	1997	4	905
1977.5	1978.5	1978 1997	année	1978	année	1997	4	956
1978.5	1979.5	1979 1997	année	1979	année	1997	4	1007
1979.5	1980.5	1980 1997	année	1980	année	1997	4	1058
1980.5	1981.5	1981 1997	année	1981	année	1997	4	1109
1981.5	1982.5	1982 1997	année	1982	année	1997	4	1160
1982.5	1983.5	1983 1997	année	1983	année	1997	4	1211
1983.5	1984.5	1984 1997	année	1984	année	1997	4	1262
1984.5	1985.5	1985 1997	année	1985	année	1997	4	1313
1985.5	1986.5	1986 1997	année	1986	année	1997	4	1364
1986.5	1987.5	1987 1997	année	1987	année	1997	4	1415
1987.5	1988.5	1988 1997	année	1988	année	1997	4	1466
1988.5	1989.5	1989 1997	année	1989	année	1997	4	1517
1989.5	1990.5	1990 1997	année	1990	année	1997	4	1568
1990.5	1991.5	1991 1997	année	1991	année	1997	4	1619
1991.5	1992.5	1992 1997	année	1992	année	1997	4	1670
1992.5	1993.5	1993 1997	année	1993	année	1997	4	1721
1993.5	1994.5	1994 1997	année	1994	année	1997	4	1772
1994.5	1995.5	1995 1997	année	1995	année	1997	4	1823
1995.5	1996.5	1996 1997	année	1996	année	1997	4	1874
1996.5	1997.5	1	année	1997	année	1997	4	1
1997.5	1998.5	1998 1997	année	1998	année	1997	4	1977
1998.5	1999.5	1999 1997	année	1999	année	1997	4	2028
1999.5	2000.5	2000 1997	année	2000	année	1997	4	2079
2000.5	2001.5	2001 1997	année	2001	année	1997	4	2130
2001.5	2002.5	2002 1997	année	2002	année	1997	4	2181
2002.5	2003.5	2003 1997	année	2003	année	1997	4	2232
2003.5	2004.5	2004 1997	année	2004	année	1997	4	2283
2004.5	2005.5	2005 1997	année	2005	année	1997	4	2334
2005.5	2006.5	2006 1997	année	2006	année	1997	4	2385
2006.5	2007.5	2007 1997	année	2007	année	1997	4	2436
2007.5	2008.5	2008 1997	année	2008	année	1997	4	2487
2008.5	2009.5	2009 1997	année	2009	année	1997	4	2538
2009.5	2010.5	2010 1997	année	2010	année	1997	4	2589
2010.5	2011.5	2011 1997	année	2011	année	1997	4	2640
1959.5	1960.5	1960 1998	année	1960	année	1998	4	39
1960.5	1961.5	1961 1998	année	1961	année	1998	4	90
1961.5	1962.5	1962 1998	année	1962	année	1998	4	141
1962.5	1963.5	1963 1998	année	1963	année	1998	4	192
1963.5	1964.5	1964 1998	année	1964	année	1998	4	243
1964.5	1965.5	1965 1998	année	1965	année	1998	4	294
1965.5	1966.5	1966 1998	année	1966	année	1998	4	345
1966.5	1967.5	1967 1998	année	1967	année	1998	4	396
1967.5	1968.5	1968 1998	année	1968	année	1998	4	447
1968.5	1969.5	1969 1998	année	1969	année	1998	4	498
1969.5	1970.5	1970 1998	année	1970	année	1998	4	549
1970.5	1971.5	1971 1998	année	1971	année	1998	4	600
1971.5	1972.5	1972 1998	année	1972	année	1998	4	651
1972.5	1973.5	1973 1998	année	1973	année	1998	4	702
1973.5	1974.5	1974 1998	année	1974	année	1998	4	753
1974.5	1975.5	1975 1998	année	1975	année	1998	4	804
1975.5	1976.5	1976 1998	année	1976	année	1998	4	855
1976.5	1977.5	1977 1998	année	1977	année	1998	4	906
1977.5	1978.5	1978 1998	année	1978	année	1998	4	957
1978.5	1979.5	1979 1998	année	1979	année	1998	4	1008
1979.5	1980.5	1980 1998	année	1980	année	1998	4	1059
1980.5	1981.5	1981 1998	année	1981	année	1998	4	1110
1981.5	1982.5	1982 1998	année	1982	année	1998	4	1161
1982.5	1983.5	1983 1998	année	1983	année	1998	4	1212
1983.5	1984.5	1984 1998	année	1984	année	1998	4	1263
1984.5	1985.5	1985 1998	année	1985	année	1998	4	1314
1985.5	1986.5	1986 1998	année	1986	année	1998	4	1365
1986.5	1987.5	1987 1998	année	1987	année	1998	4	1416
1987.5	1988.5	1988 1998	année	1988	année	1998	4	1467
1988.5	1989.5	1989 1998	année	1989	année	1998	4	1518
1989.5	1990.5	1990 1998	année	1990	année	1998	4	1569
1990.5	1991.5	1991 1998	année	1991	année	1998	4	1620
1991.5	1992.5	1992 1998	année	1992	année	1998	4	1671
1992.5	1993.5	1993 1998	année	1993	année	1998	4	1722
1993.5	1994.5	1994 1998	année	1994	année	1998	4	1773
1994.5	1995.5	1995 1998	année	1995	année	1998	4	1824
1995.5	1996.5	1996 1998	année	1996	année	1998	4	1875
1996.5	1997.5	1997 1998	année	1997	année	1998	4	1926
1997.5	1998.5	1	année	1998	année	1998	4	1
1998.5	1999.5	1999 1998	année	1999	année	1998	4	2029
1999.5	2000.5	2000 1998	année	2000	année	1998	4	2080
2000.5	2001.5	2001 1998	année	2001	année	1998	4	2131
2001.5	2002.5	2002 1998	année	2002	année	1998	4	2182
2002.5	2003.5	2003 1998	année	2003	année	1998	4	2233
2003.5	2004.5	2004 1998	année	2004	année	1998	4	2284
2004.5	2005.5	2005 1998	année	2005	année	1998	4	2335
2005.5	2006.5	2006 1998	année	2006	année	1998	4	2386
2006.5	2007.5	2007 1998	année	2007	année	1998	4	2437
2007.5	2008.5	2008 1998	année	2008	année	1998	4	2488
2008.5	2009.5	2009 1998	année	2009	année	1998	4	2539
2009.5	2010.5	2010 1998	année	2010	année	1998	4	2590
2010.5	2011.5	2011 1998	année	2011	année	1998	4	2641
1959.5	1960.5	1960 1999	année	1960	année	1999	4	40
1960.5	1961.5	1961 1999	année	1961	année	1999	4	91
1961.5	1962.5	1962 1999	année	1962	année	1999	4	142
1962.5	1963.5	1963 1999	année	1963	année	1999	4	193
1963.5	1964.5	1964 1999	année	1964	année	1999	4	244
1964.5	1965.5	1965 1999	année	1965	année	1999	4	295
1965.5	1966.5	1966 1999	année	1966	année	1999	4	346
1966.5	1967.5	1967 1999	année	1967	année	1999	4	397
1967.5	1968.5	1968 1999	année	1968	année	1999	4	448
1968.5	1969.5	1969 1999	année	1969	année	1999	4	499
1969.5	1970.5	1970 1999	année	1970	année	1999	4	550
1970.5	1971.5	1971 1999	année	1971	année	1999	4	601
1971.5	1972.5	1972 1999	année	1972	année	1999	4	652
1972.5	1973.5	1973 1999	année	1973	année	1999	4	703
1973.5	1974.5	1974 1999	année	1974	année	1999	4	754
1974.5	1975.5	1975 1999	année	1975	année	1999	4	805
1975.5	1976.5	1976 1999	année	1976	année	1999	4	856
1976.5	1977.5	1977 1999	année	1977	année	1999	4	907
1977.5	1978.5	1978 1999	année	1978	année	1999	4	958
1978.5	1979.5	1979 1999	année	1979	année	1999	4	1009
1979.5	1980.5	1980 1999	année	1980	année	1999	4	1060
1980.5	1981.5	1981 1999	année	1981	année	1999	4	1111
1981.5	1982.5	1982 1999	année	1982	année	1999	4	1162
1982.5	1983.5	1983 1999	année	1983	année	1999	4	1213
1983.5	1984.5	1984 1999	année	1984	année	1999	4	1264
1984.5	1985.5	1985 1999	année	1985	année	1999	4	1315
1985.5	1986.5	1986 1999	année	1986	année	1999	4	1366
1986.5	1987.5	1987 1999	année	1987	année	1999	4	1417
1987.5	1988.5	1988 1999	année	1988	année	1999	4	1468
1988.5	1989.5	1989 1999	année	1989	année	1999	4	1519
1989.5	1990.5	1990 1999	année	1990	année	1999	4	1570
1990.5	1991.5	1991 1999	année	1991	année	1999	4	1621
1991.5	1992.5	1992 1999	année	1992	année	1999	4	1672
1992.5	1993.5	1993 1999	année	1993	année	1999	4	1723
1993.5	1994.5	1994 1999	année	1994	année	1999	4	1774
1994.5	1995.5	1995 1999	année	1995	année	1999	4	1825
1995.5	1996.5	1996 1999	année	1996	année	1999	4	1876
1996.5	1997.5	1997 1999	année	1997	année	1999	4	1927
1997.5	1998.5	1998 1999	année	1998	année	1999	4	1978
1998.5	1999.5	1	année	1999	année	1999	4	1
1999.5	2000.5	2000 1999	année	2000	année	1999	4	2081
2000.5	2001.5	2001 1999	année	2001	année	1999	4	2132
2001.5	2002.5	2002 1999	année	2002	année	1999	4	2183
2002.5	2003.5	2003 1999	année	2003	année	1999	4	2234
2003.5	2004.5	2004 1999	année	2004	année	1999	4	2285
2004.5	2005.5	2005 1999	année	2005	année	1999	4	2336
2005.5	2006.5	2006 1999	année	2006	année	1999	4	2387
2006.5	2007.5	2007 1999	année	2007	année	1999	4	2438
2007.5	2008.5	2008 1999	année	2008	année	1999	4	2489
2008.5	2009.5	2009 1999	année	2009	année	1999	4	2540
2009.5	2010.5	2010 1999	année	2010	année	1999	4	2591
2010.5	2011.5	2011 1999	année	2011	année	1999	4	2642
1959.5	1960.5	1960 2000	année	1960	année	2000	4	41
1960.5	1961.5	1961 2000	année	1961	année	2000	4	92
1961.5	1962.5	1962 2000	année	1962	année	2000	4	143
1962.5	1963.5	1963 2000	année	1963	année	2000	4	194
1963.5	1964.5	1964 2000	année	1964	année	2000	4	245
1964.5	1965.5	1965 2000	année	1965	année	2000	4	296
1965.5	1966.5	1966 2000	année	1966	année	2000	4	347
1966.5	1967.5	1967 2000	année	1967	année	2000	4	398
1967.5	1968.5	1968 2000	année	1968	année	2000	4	449
1968.5	1969.5	1969 2000	année	1969	année	2000	4	500
1969.5	1970.5	1970 2000	année	1970	année	2000	4	551
1970.5	1971.5	1971 2000	année	1971	année	2000	4	602
1971.5	1972.5	1972 2000	année	1972	année	2000	4	653
1972.5	1973.5	1973 2000	année	1973	année	2000	4	704
1973.5	1974.5	1974 2000	année	1974	année	2000	4	755
1974.5	1975.5	1975 2000	année	1975	année	2000	4	806
1975.5	1976.5	1976 2000	année	1976	année	2000	4	857
1976.5	1977.5	1977 2000	année	1977	année	2000	4	908
1977.5	1978.5	1978 2000	année	1978	année	2000	4	959
1978.5	1979.5	1979 2000	année	1979	année	2000	4	1010
1979.5	1980.5	1980 2000	année	1980	année	2000	4	1061
1980.5	1981.5	1981 2000	année	1981	année	2000	4	1112
1981.5	1982.5	1982 2000	année	1982	année	2000	4	1163
1982.5	1983.5	1983 2000	année	1983	année	2000	4	1214
1983.5	1984.5	1984 2000	année	1984	année	2000	4	1265
1984.5	1985.5	1985 2000	année	1985	année	2000	4	1316
1985.5	1986.5	1986 2000	année	1986	année	2000	4	1367
1986.5	1987.5	1987 2000	année	1987	année	2000	4	1418
1987.5	1988.5	1988 2000	année	1988	année	2000	4	1469
1988.5	1989.5	1989 2000	année	1989	année	2000	4	1520
1989.5	1990.5	1990 2000	année	1990	année	2000	4	1571
1990.5	1991.5	1991 2000	année	1991	année	2000	4	1622
1991.5	1992.5	1992 2000	année	1992	année	2000	4	1673
1992.5	1993.5	1993 2000	année	1993	année	2000	4	1724
1993.5	1994.5	1994 2000	année	1994	année	2000	4	1775
1994.5	1995.5	1995 2000	année	1995	année	2000	4	1826
1995.5	1996.5	1996 2000	année	1996	année	2000	4	1877
1996.5	1997.5	1997 2000	année	1997	année	2000	4	1928
1997.5	1998.5	1998 2000	année	1998	année	2000	4	1979
1998.5	1999.5	1999 2000	année	1999	année	2000	4	2030
1999.5	2000.5	1	année	2000	année	2000	4	1
2000.5	2001.5	2001 2000	année	2001	année	2000	4	2133
2001.5	2002.5	2002 2000	année	2002	année	2000	4	2184
2002.5	2003.5	2003 2000	année	2003	année	2000	4	2235
2003.5	2004.5	2004 2000	année	2004	année	2000	4	2286
2004.5	2005.5	2005 2000	année	2005	année	2000	4	2337
2005.5	2006.5	2006 2000	année	2006	année	2000	4	2388
2006.5	2007.5	2007 2000	année	2007	année	2000	4	2439
2007.5	2008.5	2008 2000	année	2008	année	2000	4	2490
2008.5	2009.5	2009 2000	année	2009	année	2000	4	2541
2009.5	2010.5	2010 2000	année	2010	année	2000	4	2592
2010.5	2011.5	2011 2000	année	2011	année	2000	4	2643
1959.5	1960.5	1960 2001	année	1960	année	2001	4	42
1960.5	1961.5	1961 2001	année	1961	année	2001	4	93
1961.5	1962.5	1962 2001	année	1962	année	2001	4	144
1962.5	1963.5	1963 2001	année	1963	année	2001	4	195
1963.5	1964.5	1964 2001	année	1964	année	2001	4	246
1964.5	1965.5	1965 2001	année	1965	année	2001	4	297
1965.5	1966.5	1966 2001	année	1966	année	2001	4	348
1966.5	1967.5	1967 2001	année	1967	année	2001	4	399
1967.5	1968.5	1968 2001	année	1968	année	2001	4	450
1968.5	1969.5	1969 2001	année	1969	année	2001	4	501
1969.5	1970.5	1970 2001	année	1970	année	2001	4	552
1970.5	1971.5	1971 2001	année	1971	année	2001	4	603
1971.5	1972.5	1972 2001	année	1972	année	2001	4	654
1972.5	1973.5	1973 2001	année	1973	année	2001	4	705
1973.5	1974.5	1974 2001	année	1974	année	2001	4	756
1974.5	1975.5	1975 2001	année	1975	année	2001	4	807
1975.5	1976.5	1976 2001	année	1976	année	2001	4	858
1976.5	1977.5	1977 2001	année	1977	année	2001	4	909
1977.5	1978.5	1978 2001	année	1978	année	2001	4	960
1978.5	1979.5	1979 2001	année	1979	année	2001	4	1011
1979.5	1980.5	1980 2001	année	1980	année	2001	4	1062
1980.5	1981.5	1981 2001	année	1981	année	2001	4	1113
1981.5	1982.5	1982 2001	année	1982	année	2001	4	1164
1982.5	1983.5	1983 2001	année	1983	année	2001	4	1215
1983.5	1984.5	1984 2001	année	1984	année	2001	4	1266
1984.5	1985.5	1985 2001	année	1985	année	2001	4	1317
1985.5	1986.5	1986 2001	année	1986	année	2001	4	1368
1986.5	1987.5	1987 2001	année	1987	année	2001	4	1419
1987.5	1988.5	1988 2001	année	1988	année	2001	4	1470
1988.5	1989.5	1989 2001	année	1989	année	2001	4	1521
1989.5	1990.5	1990 2001	année	1990	année	2001	4	1572
1990.5	1991.5	1991 2001	année	1991	année	2001	4	1623
1991.5	1992.5	1992 2001	année	1992	année	2001	4	1674
1992.5	1993.5	1993 2001	année	1993	année	2001	4	1725
1993.5	1994.5	1994 2001	année	1994	année	2001	4	1776
1994.5	1995.5	1995 2001	année	1995	année	2001	4	1827
1995.5	1996.5	1996 2001	année	1996	année	2001	4	1878
1996.5	1997.5	1997 2001	année	1997	année	2001	4	1929
1997.5	1998.5	1998 2001	année	1998	année	2001	4	1980
1998.5	1999.5	1999 2001	année	1999	année	2001	4	2031
1999.5	2000.5	2000 2001	année	2000	année	2001	4	2082
2000.5	2001.5	1	année	2001	année	2001	4	1
2001.5	2002.5	2002 2001	année	2002	année	2001	4	2185
2002.5	2003.5	2003 2001	année	2003	année	2001	4	2236
2003.5	2004.5	2004 2001	année	2004	année	2001	4	2287
2004.5	2005.5	2005 2001	année	2005	année	2001	4	2338
2005.5	2006.5	2006 2001	année	2006	année	2001	4	2389
2006.5	2007.5	2007 2001	année	2007	année	2001	4	2440
2007.5	2008.5	2008 2001	année	2008	année	2001	4	2491
2008.5	2009.5	2009 2001	année	2009	année	2001	4	2542
2009.5	2010.5	2010 2001	année	2010	année	2001	4	2593
2010.5	2011.5	2011 2001	année	2011	année	2001	4	2644
1959.5	1960.5	1960 2002	année	1960	année	2002	4	43
1960.5	1961.5	1961 2002	année	1961	année	2002	4	94
1961.5	1962.5	1962 2002	année	1962	année	2002	4	145
1962.5	1963.5	1963 2002	année	1963	année	2002	4	196
1963.5	1964.5	1964 2002	année	1964	année	2002	4	247
1964.5	1965.5	1965 2002	année	1965	année	2002	4	298
1965.5	1966.5	1966 2002	année	1966	année	2002	4	349
1966.5	1967.5	1967 2002	année	1967	année	2002	4	400
1967.5	1968.5	1968 2002	année	1968	année	2002	4	451
1968.5	1969.5	1969 2002	année	1969	année	2002	4	502
1969.5	1970.5	1970 2002	année	1970	année	2002	4	553
1970.5	1971.5	1971 2002	année	1971	année	2002	4	604
1971.5	1972.5	1972 2002	année	1972	année	2002	4	655
1972.5	1973.5	1973 2002	année	1973	année	2002	4	706
1973.5	1974.5	1974 2002	année	1974	année	2002	4	757
1974.5	1975.5	1975 2002	année	1975	année	2002	4	808
1975.5	1976.5	1976 2002	année	1976	année	2002	4	859
1976.5	1977.5	1977 2002	année	1977	année	2002	4	910
1977.5	1978.5	1978 2002	année	1978	année	2002	4	961
1978.5	1979.5	1979 2002	année	1979	année	2002	4	1012
1979.5	1980.5	1980 2002	année	1980	année	2002	4	1063
1980.5	1981.5	1981 2002	année	1981	année	2002	4	1114
1981.5	1982.5	1982 2002	année	1982	année	2002	4	1165
1982.5	1983.5	1983 2002	année	1983	année	2002	4	1216
1983.5	1984.5	1984 2002	année	1984	année	2002	4	1267
1984.5	1985.5	1985 2002	année	1985	année	2002	4	1318
1985.5	1986.5	1986 2002	année	1986	année	2002	4	1369
1986.5	1987.5	1987 2002	année	1987	année	2002	4	1420
1987.5	1988.5	1988 2002	année	1988	année	2002	4	1471
1988.5	1989.5	1989 2002	année	1989	année	2002	4	1522
1989.5	1990.5	1990 2002	année	1990	année	2002	4	1573
1990.5	1991.5	1991 2002	année	1991	année	2002	4	1624
1991.5	1992.5	1992 2002	année	1992	année	2002	4	1675
1992.5	1993.5	1993 2002	année	1993	année	2002	4	1726
1993.5	1994.5	1994 2002	année	1994	année	2002	4	1777
1994.5	1995.5	1995 2002	année	1995	année	2002	4	1828
1995.5	1996.5	1996 2002	année	1996	année	2002	4	1879
1996.5	1997.5	1997 2002	année	1997	année	2002	4	1930
1997.5	1998.5	1998 2002	année	1998	année	2002	4	1981
1998.5	1999.5	1999 2002	année	1999	année	2002	4	2032
1999.5	2000.5	2000 2002	année	2000	année	2002	4	2083
2000.5	2001.5	2001 2002	année	2001	année	2002	4	2134
2001.5	2002.5	1	année	2002	année	2002	4	1
2002.5	2003.5	2003 2002	année	2003	année	2002	4	2237
2003.5	2004.5	2004 2002	année	2004	année	2002	4	2288
2004.5	2005.5	2005 2002	année	2005	année	2002	4	2339
2005.5	2006.5	2006 2002	année	2006	année	2002	4	2390
2006.5	2007.5	2007 2002	année	2007	année	2002	4	2441
2007.5	2008.5	2008 2002	année	2008	année	2002	4	2492
2008.5	2009.5	2009 2002	année	2009	année	2002	4	2543
2009.5	2010.5	2010 2002	année	2010	année	2002	4	2594
2010.5	2011.5	2011 2002	année	2011	année	2002	4	2645
1959.5	1960.5	1960 2003	année	1960	année	2003	4	44
1960.5	1961.5	1961 2003	année	1961	année	2003	4	95
1961.5	1962.5	1962 2003	année	1962	année	2003	4	146
1962.5	1963.5	1963 2003	année	1963	année	2003	4	197
1963.5	1964.5	1964 2003	année	1964	année	2003	4	248
1964.5	1965.5	1965 2003	année	1965	année	2003	4	299
1965.5	1966.5	1966 2003	année	1966	année	2003	4	350
1966.5	1967.5	1967 2003	année	1967	année	2003	4	401
1967.5	1968.5	1968 2003	année	1968	année	2003	4	452
1968.5	1969.5	1969 2003	année	1969	année	2003	4	503
1969.5	1970.5	1970 2003	année	1970	année	2003	4	554
1970.5	1971.5	1971 2003	année	1971	année	2003	4	605
1971.5	1972.5	1972 2003	année	1972	année	2003	4	656
1972.5	1973.5	1973 2003	année	1973	année	2003	4	707
1973.5	1974.5	1974 2003	année	1974	année	2003	4	758
1974.5	1975.5	1975 2003	année	1975	année	2003	4	809
1975.5	1976.5	1976 2003	année	1976	année	2003	4	860
1976.5	1977.5	1977 2003	année	1977	année	2003	4	911
1977.5	1978.5	1978 2003	année	1978	année	2003	4	962
1978.5	1979.5	1979 2003	année	1979	année	2003	4	1013
1979.5	1980.5	1980 2003	année	1980	année	2003	4	1064
1980.5	1981.5	1981 2003	année	1981	année	2003	4	1115
1981.5	1982.5	1982 2003	année	1982	année	2003	4	1166
1982.5	1983.5	1983 2003	année	1983	année	2003	4	1217
1983.5	1984.5	1984 2003	année	1984	année	2003	4	1268
1984.5	1985.5	1985 2003	année	1985	année	2003	4	1319
1985.5	1986.5	1986 2003	année	1986	année	2003	4	1370
1986.5	1987.5	1987 2003	année	1987	année	2003	4	1421
1987.5	1988.5	1988 2003	année	1988	année	2003	4	1472
1988.5	1989.5	1989 2003	année	1989	année	2003	4	1523
1989.5	1990.5	1990 2003	année	1990	année	2003	4	1574
1990.5	1991.5	1991 2003	année	1991	année	2003	4	1625
1991.5	1992.5	1992 2003	année	1992	année	2003	4	1676
1992.5	1993.5	1993 2003	année	1993	année	2003	4	1727
1993.5	1994.5	1994 2003	année	1994	année	2003	4	1778
1994.5	1995.5	1995 2003	année	1995	année	2003	4	1829
1995.5	1996.5	1996 2003	année	1996	année	2003	4	1880
1996.5	1997.5	1997 2003	année	1997	année	2003	4	1931
1997.5	1998.5	1998 2003	année	1998	année	2003	4	1982
1998.5	1999.5	1999 2003	année	1999	année	2003	4	2033
1999.5	2000.5	2000 2003	année	2000	année	2003	4	2084
2000.5	2001.5	2001 2003	année	2001	année	2003	4	2135
2001.5	2002.5	2002 2003	année	2002	année	2003	4	2186
2002.5	2003.5	1	année	2003	année	2003	4	1
2003.5	2004.5	2004 2003	année	2004	année	2003	4	2289
2004.5	2005.5	2005 2003	année	2005	année	2003	4	2340
2005.5	2006.5	2006 2003	année	2006	année	2003	4	2391
2006.5	2007.5	2007 2003	année	2007	année	2003	4	2442
2007.5	2008.5	2008 2003	année	2008	année	2003	4	2493
2008.5	2009.5	2009 2003	année	2009	année	2003	4	2544
2009.5	2010.5	2010 2003	année	2010	année	2003	4	2595
2010.5	2011.5	2011 2003	année	2011	année	2003	4	2646
1959.5	1960.5	1960 2004	année	1960	année	2004	4	45
1960.5	1961.5	1961 2004	année	1961	année	2004	4	96
1961.5	1962.5	1962 2004	année	1962	année	2004	4	147
1962.5	1963.5	1963 2004	année	1963	année	2004	4	198
1963.5	1964.5	1964 2004	année	1964	année	2004	4	249
1964.5	1965.5	1965 2004	année	1965	année	2004	4	300
1965.5	1966.5	1966 2004	année	1966	année	2004	4	351
1966.5	1967.5	1967 2004	année	1967	année	2004	4	402
1967.5	1968.5	1968 2004	année	1968	année	2004	4	453
1968.5	1969.5	1969 2004	année	1969	année	2004	4	504
1969.5	1970.5	1970 2004	année	1970	année	2004	4	555
1970.5	1971.5	1971 2004	année	1971	année	2004	4	606
1971.5	1972.5	1972 2004	année	1972	année	2004	4	657
1972.5	1973.5	1973 2004	année	1973	année	2004	4	708
1973.5	1974.5	1974 2004	année	1974	année	2004	4	759
1974.5	1975.5	1975 2004	année	1975	année	2004	4	810
1975.5	1976.5	1976 2004	année	1976	année	2004	4	861
1976.5	1977.5	1977 2004	année	1977	année	2004	4	912
1977.5	1978.5	1978 2004	année	1978	année	2004	4	963
1978.5	1979.5	1979 2004	année	1979	année	2004	4	1014
1979.5	1980.5	1980 2004	année	1980	année	2004	4	1065
1980.5	1981.5	1981 2004	année	1981	année	2004	4	1116
1981.5	1982.5	1982 2004	année	1982	année	2004	4	1167
1982.5	1983.5	1983 2004	année	1983	année	2004	4	1218
1983.5	1984.5	1984 2004	année	1984	année	2004	4	1269
1984.5	1985.5	1985 2004	année	1985	année	2004	4	1320
1985.5	1986.5	1986 2004	année	1986	année	2004	4	1371
1986.5	1987.5	1987 2004	année	1987	année	2004	4	1422
1987.5	1988.5	1988 2004	année	1988	année	2004	4	1473
1988.5	1989.5	1989 2004	année	1989	année	2004	4	1524
1989.5	1990.5	1990 2004	année	1990	année	2004	4	1575
1990.5	1991.5	1991 2004	année	1991	année	2004	4	1626
1991.5	1992.5	1992 2004	année	1992	année	2004	4	1677
1992.5	1993.5	1993 2004	année	1993	année	2004	4	1728
1993.5	1994.5	1994 2004	année	1994	année	2004	4	1779
1994.5	1995.5	1995 2004	année	1995	année	2004	4	1830
1995.5	1996.5	1996 2004	année	1996	année	2004	4	1881
1996.5	1997.5	1997 2004	année	1997	année	2004	4	1932
1997.5	1998.5	1998 2004	année	1998	année	2004	4	1983
1998.5	1999.5	1999 2004	année	1999	année	2004	4	2034
1999.5	2000.5	2000 2004	année	2000	année	2004	4	2085
2000.5	2001.5	2001 2004	année	2001	année	2004	4	2136
2001.5	2002.5	2002 2004	année	2002	année	2004	4	2187
2002.5	2003.5	2003 2004	année	2003	année	2004	4	2238
2003.5	2004.5	1	année	2004	année	2004	4	1
2004.5	2005.5	2005 2004	année	2005	année	2004	4	2341
2005.5	2006.5	2006 2004	année	2006	année	2004	4	2392
2006.5	2007.5	2007 2004	année	2007	année	2004	4	2443
2007.5	2008.5	2008 2004	année	2008	année	2004	4	2494
2008.5	2009.5	2009 2004	année	2009	année	2004	4	2545
2009.5	2010.5	2010 2004	année	2010	année	2004	4	2596
2010.5	2011.5	2011 2004	année	2011	année	2004	4	2647
1959.5	1960.5	1960 2005	année	1960	année	2005	4	46
1960.5	1961.5	1961 2005	année	1961	année	2005	4	97
1961.5	1962.5	1962 2005	année	1962	année	2005	4	148
1962.5	1963.5	1963 2005	année	1963	année	2005	4	199
1963.5	1964.5	1964 2005	année	1964	année	2005	4	250
1964.5	1965.5	1965 2005	année	1965	année	2005	4	301
1965.5	1966.5	1966 2005	année	1966	année	2005	4	352
1966.5	1967.5	1967 2005	année	1967	année	2005	4	403
1967.5	1968.5	1968 2005	année	1968	année	2005	4	454
1968.5	1969.5	1969 2005	année	1969	année	2005	4	505
1969.5	1970.5	1970 2005	année	1970	année	2005	4	556
1970.5	1971.5	1971 2005	année	1971	année	2005	4	607
1971.5	1972.5	1972 2005	année	1972	année	2005	4	658
1972.5	1973.5	1973 2005	année	1973	année	2005	4	709
1973.5	1974.5	1974 2005	année	1974	année	2005	4	760
1974.5	1975.5	1975 2005	année	1975	année	2005	4	811
1975.5	1976.5	1976 2005	année	1976	année	2005	4	862
1976.5	1977.5	1977 2005	année	1977	année	2005	4	913
1977.5	1978.5	1978 2005	année	1978	année	2005	4	964
1978.5	1979.5	1979 2005	année	1979	année	2005	4	1015
1979.5	1980.5	1980 2005	année	1980	année	2005	4	1066
1980.5	1981.5	1981 2005	année	1981	année	2005	4	1117
1981.5	1982.5	1982 2005	année	1982	année	2005	4	1168
1982.5	1983.5	1983 2005	année	1983	année	2005	4	1219
1983.5	1984.5	1984 2005	année	1984	année	2005	4	1270
1984.5	1985.5	1985 2005	année	1985	année	2005	4	1321
1985.5	1986.5	1986 2005	année	1986	année	2005	4	1372
1986.5	1987.5	1987 2005	année	1987	année	2005	4	1423
1987.5	1988.5	1988 2005	année	1988	année	2005	4	1474
1988.5	1989.5	1989 2005	année	1989	année	2005	4	1525
1989.5	1990.5	1990 2005	année	1990	année	2005	4	1576
1990.5	1991.5	1991 2005	année	1991	année	2005	4	1627
1991.5	1992.5	1992 2005	année	1992	année	2005	4	1678
1992.5	1993.5	1993 2005	année	1993	année	2005	4	1729
1993.5	1994.5	1994 2005	année	1994	année	2005	4	1780
1994.5	1995.5	1995 2005	année	1995	année	2005	4	1831
1995.5	1996.5	1996 2005	année	1996	année	2005	4	1882
1996.5	1997.5	1997 2005	année	1997	année	2005	4	1933
1997.5	1998.5	1998 2005	année	1998	année	2005	4	1984
1998.5	1999.5	1999 2005	année	1999	année	2005	4	2035
1999.5	2000.5	2000 2005	année	2000	année	2005	4	2086
2000.5	2001.5	2001 2005	année	2001	année	2005	4	2137
2001.5	2002.5	2002 2005	année	2002	année	2005	4	2188
2002.5	2003.5	2003 2005	année	2003	année	2005	4	2239
2003.5	2004.5	2004 2005	année	2004	année	2005	4	2290
2004.5	2005.5	1	année	2005	année	2005	4	1
2005.5	2006.5	2006 2005	année	2006	année	2005	4	2393
2006.5	2007.5	2007 2005	année	2007	année	2005	4	2444
2007.5	2008.5	2008 2005	année	2008	année	2005	4	2495
2008.5	2009.5	2009 2005	année	2009	année	2005	4	2546
2009.5	2010.5	2010 2005	année	2010	année	2005	4	2597
2010.5	2011.5	2011 2005	année	2011	année	2005	4	2648
1959.5	1960.5	1960 2006	année	1960	année	2006	4	47
1960.5	1961.5	1961 2006	année	1961	année	2006	4	98
1961.5	1962.5	1962 2006	année	1962	année	2006	4	149
1962.5	1963.5	1963 2006	année	1963	année	2006	4	200
1963.5	1964.5	1964 2006	année	1964	année	2006	4	251
1964.5	1965.5	1965 2006	année	1965	année	2006	4	302
1965.5	1966.5	1966 2006	année	1966	année	2006	4	353
1966.5	1967.5	1967 2006	année	1967	année	2006	4	404
1967.5	1968.5	1968 2006	année	1968	année	2006	4	455
1968.5	1969.5	1969 2006	année	1969	année	2006	4	506
1969.5	1970.5	1970 2006	année	1970	année	2006	4	557
1970.5	1971.5	1971 2006	année	1971	année	2006	4	608
1971.5	1972.5	1972 2006	année	1972	année	2006	4	659
1972.5	1973.5	1973 2006	année	1973	année	2006	4	710
1973.5	1974.5	1974 2006	année	1974	année	2006	4	761
1974.5	1975.5	1975 2006	année	1975	année	2006	4	812
1975.5	1976.5	1976 2006	année	1976	année	2006	4	863
1976.5	1977.5	1977 2006	année	1977	année	2006	4	914
1977.5	1978.5	1978 2006	année	1978	année	2006	4	965
1978.5	1979.5	1979 2006	année	1979	année	2006	4	1016
1979.5	1980.5	1980 2006	année	1980	année	2006	4	1067
1980.5	1981.5	1981 2006	année	1981	année	2006	4	1118
1981.5	1982.5	1982 2006	année	1982	année	2006	4	1169
1982.5	1983.5	1983 2006	année	1983	année	2006	4	1220
1983.5	1984.5	1984 2006	année	1984	année	2006	4	1271
1984.5	1985.5	1985 2006	année	1985	année	2006	4	1322
1985.5	1986.5	1986 2006	année	1986	année	2006	4	1373
1986.5	1987.5	1987 2006	année	1987	année	2006	4	1424
1987.5	1988.5	1988 2006	année	1988	année	2006	4	1475
1988.5	1989.5	1989 2006	année	1989	année	2006	4	1526
1989.5	1990.5	1990 2006	année	1990	année	2006	4	1577
1990.5	1991.5	1991 2006	année	1991	année	2006	4	1628
1991.5	1992.5	1992 2006	année	1992	année	2006	4	1679
1992.5	1993.5	1993 2006	année	1993	année	2006	4	1730
1993.5	1994.5	1994 2006	année	1994	année	2006	4	1781
1994.5	1995.5	1995 2006	année	1995	année	2006	4	1832
1995.5	1996.5	1996 2006	année	1996	année	2006	4	1883
1996.5	1997.5	1997 2006	année	1997	année	2006	4	1934
1997.5	1998.5	1998 2006	année	1998	année	2006	4	1985
1998.5	1999.5	1999 2006	année	1999	année	2006	4	2036
1999.5	2000.5	2000 2006	année	2000	année	2006	4	2087
2000.5	2001.5	2001 2006	année	2001	année	2006	4	2138
2001.5	2002.5	2002 2006	année	2002	année	2006	4	2189
2002.5	2003.5	2003 2006	année	2003	année	2006	4	2240
2003.5	2004.5	2004 2006	année	2004	année	2006	4	2291
2004.5	2005.5	2005 2006	année	2005	année	2006	4	2342
2005.5	2006.5	1	année	2006	année	2006	4	1
2006.5	2007.5	2007 2006	année	2007	année	2006	4	2445
2007.5	2008.5	2008 2006	année	2008	année	2006	4	2496
2008.5	2009.5	2009 2006	année	2009	année	2006	4	2547
2009.5	2010.5	2010 2006	année	2010	année	2006	4	2598
2010.5	2011.5	2011 2006	année	2011	année	2006	4	2649
1959.5	1960.5	1960 2007	année	1960	année	2007	4	48
1960.5	1961.5	1961 2007	année	1961	année	2007	4	99
1961.5	1962.5	1962 2007	année	1962	année	2007	4	150
1962.5	1963.5	1963 2007	année	1963	année	2007	4	201
1963.5	1964.5	1964 2007	année	1964	année	2007	4	252
1964.5	1965.5	1965 2007	année	1965	année	2007	4	303
1965.5	1966.5	1966 2007	année	1966	année	2007	4	354
1966.5	1967.5	1967 2007	année	1967	année	2007	4	405
1967.5	1968.5	1968 2007	année	1968	année	2007	4	456
1968.5	1969.5	1969 2007	année	1969	année	2007	4	507
1969.5	1970.5	1970 2007	année	1970	année	2007	4	558
1970.5	1971.5	1971 2007	année	1971	année	2007	4	609
1971.5	1972.5	1972 2007	année	1972	année	2007	4	660
1972.5	1973.5	1973 2007	année	1973	année	2007	4	711
1973.5	1974.5	1974 2007	année	1974	année	2007	4	762
1974.5	1975.5	1975 2007	année	1975	année	2007	4	813
1975.5	1976.5	1976 2007	année	1976	année	2007	4	864
1976.5	1977.5	1977 2007	année	1977	année	2007	4	915
1977.5	1978.5	1978 2007	année	1978	année	2007	4	966
1978.5	1979.5	1979 2007	année	1979	année	2007	4	1017
1979.5	1980.5	1980 2007	année	1980	année	2007	4	1068
1980.5	1981.5	1981 2007	année	1981	année	2007	4	1119
1981.5	1982.5	1982 2007	année	1982	année	2007	4	1170
1982.5	1983.5	1983 2007	année	1983	année	2007	4	1221
1983.5	1984.5	1984 2007	année	1984	année	2007	4	1272
1984.5	1985.5	1985 2007	année	1985	année	2007	4	1323
1985.5	1986.5	1986 2007	année	1986	année	2007	4	1374
1986.5	1987.5	1987 2007	année	1987	année	2007	4	1425
1987.5	1988.5	1988 2007	année	1988	année	2007	4	1476
1988.5	1989.5	1989 2007	année	1989	année	2007	4	1527
1989.5	1990.5	1990 2007	année	1990	année	2007	4	1578
1990.5	1991.5	1991 2007	année	1991	année	2007	4	1629
1991.5	1992.5	1992 2007	année	1992	année	2007	4	1680
1992.5	1993.5	1993 2007	année	1993	année	2007	4	1731
1993.5	1994.5	1994 2007	année	1994	année	2007	4	1782
1994.5	1995.5	1995 2007	année	1995	année	2007	4	1833
1995.5	1996.5	1996 2007	année	1996	année	2007	4	1884
1996.5	1997.5	1997 2007	année	1997	année	2007	4	1935
1997.5	1998.5	1998 2007	année	1998	année	2007	4	1986
1998.5	1999.5	1999 2007	année	1999	année	2007	4	2037
1999.5	2000.5	2000 2007	année	2000	année	2007	4	2088
2000.5	2001.5	2001 2007	année	2001	année	2007	4	2139
2001.5	2002.5	2002 2007	année	2002	année	2007	4	2190
2002.5	2003.5	2003 2007	année	2003	année	2007	4	2241
2003.5	2004.5	2004 2007	année	2004	année	2007	4	2292
2004.5	2005.5	2005 2007	année	2005	année	2007	4	2343
2005.5	2006.5	2006 2007	année	2006	année	2007	4	2394
2006.5	2007.5	1	année	2007	année	2007	4	1
2007.5	2008.5	2008 2007	année	2008	année	2007	4	2497
2008.5	2009.5	2009 2007	année	2009	année	2007	4	2548
2009.5	2010.5	2010 2007	année	2010	année	2007	4	2599
2010.5	2011.5	2011 2007	année	2011	année	2007	4	2650
1959.5	1960.5	1960 2008	année	1960	année	2008	4	49
1960.5	1961.5	1961 2008	année	1961	année	2008	4	100
1961.5	1962.5	1962 2008	année	1962	année	2008	4	151
1962.5	1963.5	1963 2008	année	1963	année	2008	4	202
1963.5	1964.5	1964 2008	année	1964	année	2008	4	253
1964.5	1965.5	1965 2008	année	1965	année	2008	4	304
1965.5	1966.5	1966 2008	année	1966	année	2008	4	355
1966.5	1967.5	1967 2008	année	1967	année	2008	4	406
1967.5	1968.5	1968 2008	année	1968	année	2008	4	457
1968.5	1969.5	1969 2008	année	1969	année	2008	4	508
1969.5	1970.5	1970 2008	année	1970	année	2008	4	559
1970.5	1971.5	1971 2008	année	1971	année	2008	4	610
1971.5	1972.5	1972 2008	année	1972	année	2008	4	661
1972.5	1973.5	1973 2008	année	1973	année	2008	4	712
1973.5	1974.5	1974 2008	année	1974	année	2008	4	763
1974.5	1975.5	1975 2008	année	1975	année	2008	4	814
1975.5	1976.5	1976 2008	année	1976	année	2008	4	865
1976.5	1977.5	1977 2008	année	1977	année	2008	4	916
1977.5	1978.5	1978 2008	année	1978	année	2008	4	967
1978.5	1979.5	1979 2008	année	1979	année	2008	4	1018
1979.5	1980.5	1980 2008	année	1980	année	2008	4	1069
1980.5	1981.5	1981 2008	année	1981	année	2008	4	1120
1981.5	1982.5	1982 2008	année	1982	année	2008	4	1171
1982.5	1983.5	1983 2008	année	1983	année	2008	4	1222
1983.5	1984.5	1984 2008	année	1984	année	2008	4	1273
1984.5	1985.5	1985 2008	année	1985	année	2008	4	1324
1985.5	1986.5	1986 2008	année	1986	année	2008	4	1375
1986.5	1987.5	1987 2008	année	1987	année	2008	4	1426
1987.5	1988.5	1988 2008	année	1988	année	2008	4	1477
1988.5	1989.5	1989 2008	année	1989	année	2008	4	1528
1989.5	1990.5	1990 2008	année	1990	année	2008	4	1579
1990.5	1991.5	1991 2008	année	1991	année	2008	4	1630
1991.5	1992.5	1992 2008	année	1992	année	2008	4	1681
1992.5	1993.5	1993 2008	année	1993	année	2008	4	1732
1993.5	1994.5	1994 2008	année	1994	année	2008	4	1783
1994.5	1995.5	1995 2008	année	1995	année	2008	4	1834
1995.5	1996.5	1996 2008	année	1996	année	2008	4	1885
1996.5	1997.5	1997 2008	année	1997	année	2008	4	1936
1997.5	1998.5	1998 2008	année	1998	année	2008	4	1987
1998.5	1999.5	1999 2008	année	1999	année	2008	4	2038
1999.5	2000.5	2000 2008	année	2000	année	2008	4	2089
2000.5	2001.5	2001 2008	année	2001	année	2008	4	2140
2001.5	2002.5	2002 2008	année	2002	année	2008	4	2191
2002.5	2003.5	2003 2008	année	2003	année	2008	4	2242
2003.5	2004.5	2004 2008	année	2004	année	2008	4	2293
2004.5	2005.5	2005 2008	année	2005	année	2008	4	2344
2005.5	2006.5	2006 2008	année	2006	année	2008	4	2395
2006.5	2007.5	2007 2008	année	2007	année	2008	4	2446
2007.5	2008.5	1	année	2008	année	2008	4	1
2008.5	2009.5	2009 2008	année	2009	année	2008	4	2549
2009.5	2010.5	2010 2008	année	2010	année	2008	4	2600
2010.5	2011.5	2011 2008	année	2011	année	2008	4	2651
1959.5	1960.5	1960 2009	année	1960	année	2009	4	50
1960.5	1961.5	1961 2009	année	1961	année	2009	4	101
1961.5	1962.5	1962 2009	année	1962	année	2009	4	152
1962.5	1963.5	1963 2009	année	1963	année	2009	4	203
1963.5	1964.5	1964 2009	année	1964	année	2009	4	254
1964.5	1965.5	1965 2009	année	1965	année	2009	4	305
1965.5	1966.5	1966 2009	année	1966	année	2009	4	356
1966.5	1967.5	1967 2009	année	1967	année	2009	4	407
1967.5	1968.5	1968 2009	année	1968	année	2009	4	458
1968.5	1969.5	1969 2009	année	1969	année	2009	4	509
1969.5	1970.5	1970 2009	année	1970	année	2009	4	560
1970.5	1971.5	1971 2009	année	1971	année	2009	4	611
1971.5	1972.5	1972 2009	année	1972	année	2009	4	662
1972.5	1973.5	1973 2009	année	1973	année	2009	4	713
1973.5	1974.5	1974 2009	année	1974	année	2009	4	764
1974.5	1975.5	1975 2009	année	1975	année	2009	4	815
1975.5	1976.5	1976 2009	année	1976	année	2009	4	866
1976.5	1977.5	1977 2009	année	1977	année	2009	4	917
1977.5	1978.5	1978 2009	année	1978	année	2009	4	968
1978.5	1979.5	1979 2009	année	1979	année	2009	4	1019
1979.5	1980.5	1980 2009	année	1980	année	2009	4	1070
1980.5	1981.5	1981 2009	année	1981	année	2009	4	1121
1981.5	1982.5	1982 2009	année	1982	année	2009	4	1172
1982.5	1983.5	1983 2009	année	1983	année	2009	4	1223
1983.5	1984.5	1984 2009	année	1984	année	2009	4	1274
1984.5	1985.5	1985 2009	année	1985	année	2009	4	1325
1985.5	1986.5	1986 2009	année	1986	année	2009	4	1376
1986.5	1987.5	1987 2009	année	1987	année	2009	4	1427
1987.5	1988.5	1988 2009	année	1988	année	2009	4	1478
1988.5	1989.5	1989 2009	année	1989	année	2009	4	1529
1989.5	1990.5	1990 2009	année	1990	année	2009	4	1580
1990.5	1991.5	1991 2009	année	1991	année	2009	4	1631
1991.5	1992.5	1992 2009	année	1992	année	2009	4	1682
1992.5	1993.5	1993 2009	année	1993	année	2009	4	1733
1993.5	1994.5	1994 2009	année	1994	année	2009	4	1784
1994.5	1995.5	1995 2009	année	1995	année	2009	4	1835
1995.5	1996.5	1996 2009	année	1996	année	2009	4	1886
1996.5	1997.5	1997 2009	année	1997	année	2009	4	1937
1997.5	1998.5	1998 2009	année	1998	année	2009	4	1988
1998.5	1999.5	1999 2009	année	1999	année	2009	4	2039
1999.5	2000.5	2000 2009	année	2000	année	2009	4	2090
2000.5	2001.5	2001 2009	année	2001	année	2009	4	2141
2001.5	2002.5	2002 2009	année	2002	année	2009	4	2192
2002.5	2003.5	2003 2009	année	2003	année	2009	4	2243
2003.5	2004.5	2004 2009	année	2004	année	2009	4	2294
2004.5	2005.5	2005 2009	année	2005	année	2009	4	2345
2005.5	2006.5	2006 2009	année	2006	année	2009	4	2396
2006.5	2007.5	2007 2009	année	2007	année	2009	4	2447
2007.5	2008.5	2008 2009	année	2008	année	2009	4	2498
2008.5	2009.5	1	année	2009	année	2009	4	1
2009.5	2010.5	2010 2009	année	2010	année	2009	4	2601
2010.5	2011.5	2011 2009	année	2011	année	2009	4	2652
1959.5	1960.5	1960 2010	année	1960	année	2010	4	51
1960.5	1961.5	1961 2010	année	1961	année	2010	4	102
1961.5	1962.5	1962 2010	année	1962	année	2010	4	153
1962.5	1963.5	1963 2010	année	1963	année	2010	4	204
1963.5	1964.5	1964 2010	année	1964	année	2010	4	255
1964.5	1965.5	1965 2010	année	1965	année	2010	4	306
1965.5	1966.5	1966 2010	année	1966	année	2010	4	357
1966.5	1967.5	1967 2010	année	1967	année	2010	4	408
1967.5	1968.5	1968 2010	année	1968	année	2010	4	459
1968.5	1969.5	1969 2010	année	1969	année	2010	4	510
1969.5	1970.5	1970 2010	année	1970	année	2010	4	561
1970.5	1971.5	1971 2010	année	1971	année	2010	4	612
1971.5	1972.5	1972 2010	année	1972	année	2010	4	663
1972.5	1973.5	1973 2010	année	1973	année	2010	4	714
1973.5	1974.5	1974 2010	année	1974	année	2010	4	765
1974.5	1975.5	1975 2010	année	1975	année	2010	4	816
1975.5	1976.5	1976 2010	année	1976	année	2010	4	867
1976.5	1977.5	1977 2010	année	1977	année	2010	4	918
1977.5	1978.5	1978 2010	année	1978	année	2010	4	969
1978.5	1979.5	1979 2010	année	1979	année	2010	4	1020
1979.5	1980.5	1980 2010	année	1980	année	2010	4	1071
1980.5	1981.5	1981 2010	année	1981	année	2010	4	1122
1981.5	1982.5	1982 2010	année	1982	année	2010	4	1173
1982.5	1983.5	1983 2010	année	1983	année	2010	4	1224
1983.5	1984.5	1984 2010	année	1984	année	2010	4	1275
1984.5	1985.5	1985 2010	année	1985	année	2010	4	1326
1985.5	1986.5	1986 2010	année	1986	année	2010	4	1377
1986.5	1987.5	1987 2010	année	1987	année	2010	4	1428
1987.5	1988.5	1988 2010	année	1988	année	2010	4	1479
1988.5	1989.5	1989 2010	année	1989	année	2010	4	1530
1989.5	1990.5	1990 2010	année	1990	année	2010	4	1581
1990.5	1991.5	1991 2010	année	1991	année	2010	4	1632
1991.5	1992.5	1992 2010	année	1992	année	2010	4	1683
1992.5	1993.5	1993 2010	année	1993	année	2010	4	1734
1993.5	1994.5	1994 2010	année	1994	année	2010	4	1785
1994.5	1995.5	1995 2010	année	1995	année	2010	4	1836
1995.5	1996.5	1996 2010	année	1996	année	2010	4	1887
1996.5	1997.5	1997 2010	année	1997	année	2010	4	1938
1997.5	1998.5	1998 2010	année	1998	année	2010	4	1989
1998.5	1999.5	1999 2010	année	1999	année	2010	4	2040
1999.5	2000.5	2000 2010	année	2000	année	2010	4	2091
2000.5	2001.5	2001 2010	année	2001	année	2010	4	2142
2001.5	2002.5	2002 2010	année	2002	année	2010	4	2193
2002.5	2003.5	2003 2010	année	2003	année	2010	4	2244
2003.5	2004.5	2004 2010	année	2004	année	2010	4	2295
2004.5	2005.5	2005 2010	année	2005	année	2010	4	2346
2005.5	2006.5	2006 2010	année	2006	année	2010	4	2397
2006.5	2007.5	2007 2010	année	2007	année	2010	4	2448
2007.5	2008.5	2008 2010	année	2008	année	2010	4	2499
2008.5	2009.5	2009 2010	année	2009	année	2010	4	2550
2009.5	2010.5	1	année	2010	année	2010	4	1
2010.5	2011.5	2011 2010	année	2011	année	2010	4	2653
1959.5	1960.5	1960 2011	année	1960	année	2011	4	52
1960.5	1961.5	1961 2011	année	1961	année	2011	4	103
1961.5	1962.5	1962 2011	année	1962	année	2011	4	154
1962.5	1963.5	1963 2011	année	1963	année	2011	4	205
1963.5	1964.5	1964 2011	année	1964	année	2011	4	256
1964.5	1965.5	1965 2011	année	1965	année	2011	4	307
1965.5	1966.5	1966 2011	année	1966	année	2011	4	358
1966.5	1967.5	1967 2011	année	1967	année	2011	4	409
1967.5	1968.5	1968 2011	année	1968	année	2011	4	460
1968.5	1969.5	1969 2011	année	1969	année	2011	4	511
1969.5	1970.5	1970 2011	année	1970	année	2011	4	562
1970.5	1971.5	1971 2011	année	1971	année	2011	4	613
1971.5	1972.5	1972 2011	année	1972	année	2011	4	664
1972.5	1973.5	1973 2011	année	1973	année	2011	4	715
1973.5	1974.5	1974 2011	année	1974	année	2011	4	766
1974.5	1975.5	1975 2011	année	1975	année	2011	4	817
1975.5	1976.5	1976 2011	année	1976	année	2011	4	868
1976.5	1977.5	1977 2011	année	1977	année	2011	4	919
1977.5	1978.5	1978 2011	année	1978	année	2011	4	970
1978.5	1979.5	1979 2011	année	1979	année	2011	4	1021
1979.5	1980.5	1980 2011	année	1980	année	2011	4	1072
1980.5	1981.5	1981 2011	année	1981	année	2011	4	1123
1981.5	1982.5	1982 2011	année	1982	année	2011	4	1174
1982.5	1983.5	1983 2011	année	1983	année	2011	4	1225
1983.5	1984.5	1984 2011	année	1984	année	2011	4	1276
1984.5	1985.5	1985 2011	année	1985	année	2011	4	1327
1985.5	1986.5	1986 2011	année	1986	année	2011	4	1378
1986.5	1987.5	1987 2011	année	1987	année	2011	4	1429
1987.5	1988.5	1988 2011	année	1988	année	2011	4	1480
1988.5	1989.5	1989 2011	année	1989	année	2011	4	1531
1989.5	1990.5	1990 2011	année	1990	année	2011	4	1582
1990.5	1991.5	1991 2011	année	1991	année	2011	4	1633
1991.5	1992.5	1992 2011	année	1992	année	2011	4	1684
1992.5	1993.5	1993 2011	année	1993	année	2011	4	1735
1993.5	1994.5	1994 2011	année	1994	année	2011	4	1786
1994.5	1995.5	1995 2011	année	1995	année	2011	4	1837
1995.5	1996.5	1996 2011	année	1996	année	2011	4	1888
1996.5	1997.5	1997 2011	année	1997	année	2011	4	1939
1997.5	1998.5	1998 2011	année	1998	année	2011	4	1990
1998.5	1999.5	1999 2011	année	1999	année	2011	4	2041
1999.5	2000.5	2000 2011	année	2000	année	2011	4	2092
2000.5	2001.5	2001 2011	année	2001	année	2011	4	2143
2001.5	2002.5	2002 2011	année	2002	année	2011	4	2194
2002.5	2003.5	2003 2011	année	2003	année	2011	4	2245
2003.5	2004.5	2004 2011	année	2004	année	2011	4	2296
2004.5	2005.5	2005 2011	année	2005	année	2011	4	2347
2005.5	2006.5	2006 2011	année	2006	année	2011	4	2398
2006.5	2007.5	2007 2011	année	2007	année	2011	4	2449
2007.5	2008.5	2008 2011	année	2008	année	2011	4	2500
2008.5	2009.5	2009 2011	année	2009	année	2011	4	2551
2009.5	2010.5	2010 2011	année	2010	année	2011	4	2602
2010.5	2011.5	1	année	2011	année	2011	4	1
