ymin	ymax	key	clickSelects.variable	clickSelects.value	showSelected.variable	showSelected.value	PANEL	group
1959.5	1960.5	1	année	1960	année	1960	1	1
1960.5	1961.5	1961 1960	année	1961	année	1960	1	53
1961.5	1962.5	1962 1960	année	1962	année	1960	1	104
1962.5	1963.5	1963 1960	année	1963	année	1960	1	155
1963.5	1964.5	1964 1960	année	1964	année	1960	1	206
1964.5	1965.5	1965 1960	année	1965	année	1960	1	257
1965.5	1966.5	1966 1960	année	1966	année	1960	1	308
1966.5	1967.5	1967 1960	année	1967	année	1960	1	359
1967.5	1968.5	1968 1960	année	1968	année	1960	1	410
1968.5	1969.5	1969 1960	année	1969	année	1960	1	461
1969.5	1970.5	1970 1960	année	1970	année	1960	1	512
1970.5	1971.5	1971 1960	année	1971	année	1960	1	563
1971.5	1972.5	1972 1960	année	1972	année	1960	1	614
1972.5	1973.5	1973 1960	année	1973	année	1960	1	665
1973.5	1974.5	1974 1960	année	1974	année	1960	1	716
1974.5	1975.5	1975 1960	année	1975	année	1960	1	767
1975.5	1976.5	1976 1960	année	1976	année	1960	1	818
1976.5	1977.5	1977 1960	année	1977	année	1960	1	869
1977.5	1978.5	1978 1960	année	1978	année	1960	1	920
1978.5	1979.5	1979 1960	année	1979	année	1960	1	971
1979.5	1980.5	1980 1960	année	1980	année	1960	1	1022
1980.5	1981.5	1981 1960	année	1981	année	1960	1	1073
1981.5	1982.5	1982 1960	année	1982	année	1960	1	1124
1982.5	1983.5	1983 1960	année	1983	année	1960	1	1175
1983.5	1984.5	1984 1960	année	1984	année	1960	1	1226
1984.5	1985.5	1985 1960	année	1985	année	1960	1	1277
1985.5	1986.5	1986 1960	année	1986	année	1960	1	1328
1986.5	1987.5	1987 1960	année	1987	année	1960	1	1379
1987.5	1988.5	1988 1960	année	1988	année	1960	1	1430
1988.5	1989.5	1989 1960	année	1989	année	1960	1	1481
1989.5	1990.5	1990 1960	année	1990	année	1960	1	1532
1990.5	1991.5	1991 1960	année	1991	année	1960	1	1583
1991.5	1992.5	1992 1960	année	1992	année	1960	1	1634
1992.5	1993.5	1993 1960	année	1993	année	1960	1	1685
1993.5	1994.5	1994 1960	année	1994	année	1960	1	1736
1994.5	1995.5	1995 1960	année	1995	année	1960	1	1787
1995.5	1996.5	1996 1960	année	1996	année	1960	1	1838
1996.5	1997.5	1997 1960	année	1997	année	1960	1	1889
1997.5	1998.5	1998 1960	année	1998	année	1960	1	1940
1998.5	1999.5	1999 1960	année	1999	année	1960	1	1991
1999.5	2000.5	2000 1960	année	2000	année	1960	1	2042
2000.5	2001.5	2001 1960	année	2001	année	1960	1	2093
2001.5	2002.5	2002 1960	année	2002	année	1960	1	2144
2002.5	2003.5	2003 1960	année	2003	année	1960	1	2195
2003.5	2004.5	2004 1960	année	2004	année	1960	1	2246
2004.5	2005.5	2005 1960	année	2005	année	1960	1	2297
2005.5	2006.5	2006 1960	année	2006	année	1960	1	2348
2006.5	2007.5	2007 1960	année	2007	année	1960	1	2399
2007.5	2008.5	2008 1960	année	2008	année	1960	1	2450
2008.5	2009.5	2009 1960	année	2009	année	1960	1	2501
2009.5	2010.5	2010 1960	année	2010	année	1960	1	2552
2010.5	2011.5	2011 1960	année	2011	année	1960	1	2603
1959.5	1960.5	1960 1961	année	1960	année	1961	1	2
1960.5	1961.5	1	année	1961	année	1961	1	1
1961.5	1962.5	1962 1961	année	1962	année	1961	1	105
1962.5	1963.5	1963 1961	année	1963	année	1961	1	156
1963.5	1964.5	1964 1961	année	1964	année	1961	1	207
1964.5	1965.5	1965 1961	année	1965	année	1961	1	258
1965.5	1966.5	1966 1961	année	1966	année	1961	1	309
1966.5	1967.5	1967 1961	année	1967	année	1961	1	360
1967.5	1968.5	1968 1961	année	1968	année	1961	1	411
1968.5	1969.5	1969 1961	année	1969	année	1961	1	462
1969.5	1970.5	1970 1961	année	1970	année	1961	1	513
1970.5	1971.5	1971 1961	année	1971	année	1961	1	564
1971.5	1972.5	1972 1961	année	1972	année	1961	1	615
1972.5	1973.5	1973 1961	année	1973	année	1961	1	666
1973.5	1974.5	1974 1961	année	1974	année	1961	1	717
1974.5	1975.5	1975 1961	année	1975	année	1961	1	768
1975.5	1976.5	1976 1961	année	1976	année	1961	1	819
1976.5	1977.5	1977 1961	année	1977	année	1961	1	870
1977.5	1978.5	1978 1961	année	1978	année	1961	1	921
1978.5	1979.5	1979 1961	année	1979	année	1961	1	972
1979.5	1980.5	1980 1961	année	1980	année	1961	1	1023
1980.5	1981.5	1981 1961	année	1981	année	1961	1	1074
1981.5	1982.5	1982 1961	année	1982	année	1961	1	1125
1982.5	1983.5	1983 1961	année	1983	année	1961	1	1176
1983.5	1984.5	1984 1961	année	1984	année	1961	1	1227
1984.5	1985.5	1985 1961	année	1985	année	1961	1	1278
1985.5	1986.5	1986 1961	année	1986	année	1961	1	1329
1986.5	1987.5	1987 1961	année	1987	année	1961	1	1380
1987.5	1988.5	1988 1961	année	1988	année	1961	1	1431
1988.5	1989.5	1989 1961	année	1989	année	1961	1	1482
1989.5	1990.5	1990 1961	année	1990	année	1961	1	1533
1990.5	1991.5	1991 1961	année	1991	année	1961	1	1584
1991.5	1992.5	1992 1961	année	1992	année	1961	1	1635
1992.5	1993.5	1993 1961	année	1993	année	1961	1	1686
1993.5	1994.5	1994 1961	année	1994	année	1961	1	1737
1994.5	1995.5	1995 1961	année	1995	année	1961	1	1788
1995.5	1996.5	1996 1961	année	1996	année	1961	1	1839
1996.5	1997.5	1997 1961	année	1997	année	1961	1	1890
1997.5	1998.5	1998 1961	année	1998	année	1961	1	1941
1998.5	1999.5	1999 1961	année	1999	année	1961	1	1992
1999.5	2000.5	2000 1961	année	2000	année	1961	1	2043
2000.5	2001.5	2001 1961	année	2001	année	1961	1	2094
2001.5	2002.5	2002 1961	année	2002	année	1961	1	2145
2002.5	2003.5	2003 1961	année	2003	année	1961	1	2196
2003.5	2004.5	2004 1961	année	2004	année	1961	1	2247
2004.5	2005.5	2005 1961	année	2005	année	1961	1	2298
2005.5	2006.5	2006 1961	année	2006	année	1961	1	2349
2006.5	2007.5	2007 1961	année	2007	année	1961	1	2400
2007.5	2008.5	2008 1961	année	2008	année	1961	1	2451
2008.5	2009.5	2009 1961	année	2009	année	1961	1	2502
2009.5	2010.5	2010 1961	année	2010	année	1961	1	2553
2010.5	2011.5	2011 1961	année	2011	année	1961	1	2604
1959.5	1960.5	1960 1962	année	1960	année	1962	1	3
1960.5	1961.5	1961 1962	année	1961	année	1962	1	54
1961.5	1962.5	1	année	1962	année	1962	1	1
1962.5	1963.5	1963 1962	année	1963	année	1962	1	157
1963.5	1964.5	1964 1962	année	1964	année	1962	1	208
1964.5	1965.5	1965 1962	année	1965	année	1962	1	259
1965.5	1966.5	1966 1962	année	1966	année	1962	1	310
1966.5	1967.5	1967 1962	année	1967	année	1962	1	361
1967.5	1968.5	1968 1962	année	1968	année	1962	1	412
1968.5	1969.5	1969 1962	année	1969	année	1962	1	463
1969.5	1970.5	1970 1962	année	1970	année	1962	1	514
1970.5	1971.5	1971 1962	année	1971	année	1962	1	565
1971.5	1972.5	1972 1962	année	1972	année	1962	1	616
1972.5	1973.5	1973 1962	année	1973	année	1962	1	667
1973.5	1974.5	1974 1962	année	1974	année	1962	1	718
1974.5	1975.5	1975 1962	année	1975	année	1962	1	769
1975.5	1976.5	1976 1962	année	1976	année	1962	1	820
1976.5	1977.5	1977 1962	année	1977	année	1962	1	871
1977.5	1978.5	1978 1962	année	1978	année	1962	1	922
1978.5	1979.5	1979 1962	année	1979	année	1962	1	973
1979.5	1980.5	1980 1962	année	1980	année	1962	1	1024
1980.5	1981.5	1981 1962	année	1981	année	1962	1	1075
1981.5	1982.5	1982 1962	année	1982	année	1962	1	1126
1982.5	1983.5	1983 1962	année	1983	année	1962	1	1177
1983.5	1984.5	1984 1962	année	1984	année	1962	1	1228
1984.5	1985.5	1985 1962	année	1985	année	1962	1	1279
1985.5	1986.5	1986 1962	année	1986	année	1962	1	1330
1986.5	1987.5	1987 1962	année	1987	année	1962	1	1381
1987.5	1988.5	1988 1962	année	1988	année	1962	1	1432
1988.5	1989.5	1989 1962	année	1989	année	1962	1	1483
1989.5	1990.5	1990 1962	année	1990	année	1962	1	1534
1990.5	1991.5	1991 1962	année	1991	année	1962	1	1585
1991.5	1992.5	1992 1962	année	1992	année	1962	1	1636
1992.5	1993.5	1993 1962	année	1993	année	1962	1	1687
1993.5	1994.5	1994 1962	année	1994	année	1962	1	1738
1994.5	1995.5	1995 1962	année	1995	année	1962	1	1789
1995.5	1996.5	1996 1962	année	1996	année	1962	1	1840
1996.5	1997.5	1997 1962	année	1997	année	1962	1	1891
1997.5	1998.5	1998 1962	année	1998	année	1962	1	1942
1998.5	1999.5	1999 1962	année	1999	année	1962	1	1993
1999.5	2000.5	2000 1962	année	2000	année	1962	1	2044
2000.5	2001.5	2001 1962	année	2001	année	1962	1	2095
2001.5	2002.5	2002 1962	année	2002	année	1962	1	2146
2002.5	2003.5	2003 1962	année	2003	année	1962	1	2197
2003.5	2004.5	2004 1962	année	2004	année	1962	1	2248
2004.5	2005.5	2005 1962	année	2005	année	1962	1	2299
2005.5	2006.5	2006 1962	année	2006	année	1962	1	2350
2006.5	2007.5	2007 1962	année	2007	année	1962	1	2401
2007.5	2008.5	2008 1962	année	2008	année	1962	1	2452
2008.5	2009.5	2009 1962	année	2009	année	1962	1	2503
2009.5	2010.5	2010 1962	année	2010	année	1962	1	2554
2010.5	2011.5	2011 1962	année	2011	année	1962	1	2605
1959.5	1960.5	1960 1963	année	1960	année	1963	1	4
1960.5	1961.5	1961 1963	année	1961	année	1963	1	55
1961.5	1962.5	1962 1963	année	1962	année	1963	1	106
1962.5	1963.5	1	année	1963	année	1963	1	1
1963.5	1964.5	1964 1963	année	1964	année	1963	1	209
1964.5	1965.5	1965 1963	année	1965	année	1963	1	260
1965.5	1966.5	1966 1963	année	1966	année	1963	1	311
1966.5	1967.5	1967 1963	année	1967	année	1963	1	362
1967.5	1968.5	1968 1963	année	1968	année	1963	1	413
1968.5	1969.5	1969 1963	année	1969	année	1963	1	464
1969.5	1970.5	1970 1963	année	1970	année	1963	1	515
1970.5	1971.5	1971 1963	année	1971	année	1963	1	566
1971.5	1972.5	1972 1963	année	1972	année	1963	1	617
1972.5	1973.5	1973 1963	année	1973	année	1963	1	668
1973.5	1974.5	1974 1963	année	1974	année	1963	1	719
1974.5	1975.5	1975 1963	année	1975	année	1963	1	770
1975.5	1976.5	1976 1963	année	1976	année	1963	1	821
1976.5	1977.5	1977 1963	année	1977	année	1963	1	872
1977.5	1978.5	1978 1963	année	1978	année	1963	1	923
1978.5	1979.5	1979 1963	année	1979	année	1963	1	974
1979.5	1980.5	1980 1963	année	1980	année	1963	1	1025
1980.5	1981.5	1981 1963	année	1981	année	1963	1	1076
1981.5	1982.5	1982 1963	année	1982	année	1963	1	1127
1982.5	1983.5	1983 1963	année	1983	année	1963	1	1178
1983.5	1984.5	1984 1963	année	1984	année	1963	1	1229
1984.5	1985.5	1985 1963	année	1985	année	1963	1	1280
1985.5	1986.5	1986 1963	année	1986	année	1963	1	1331
1986.5	1987.5	1987 1963	année	1987	année	1963	1	1382
1987.5	1988.5	1988 1963	année	1988	année	1963	1	1433
1988.5	1989.5	1989 1963	année	1989	année	1963	1	1484
1989.5	1990.5	1990 1963	année	1990	année	1963	1	1535
1990.5	1991.5	1991 1963	année	1991	année	1963	1	1586
1991.5	1992.5	1992 1963	année	1992	année	1963	1	1637
1992.5	1993.5	1993 1963	année	1993	année	1963	1	1688
1993.5	1994.5	1994 1963	année	1994	année	1963	1	1739
1994.5	1995.5	1995 1963	année	1995	année	1963	1	1790
1995.5	1996.5	1996 1963	année	1996	année	1963	1	1841
1996.5	1997.5	1997 1963	année	1997	année	1963	1	1892
1997.5	1998.5	1998 1963	année	1998	année	1963	1	1943
1998.5	1999.5	1999 1963	année	1999	année	1963	1	1994
1999.5	2000.5	2000 1963	année	2000	année	1963	1	2045
2000.5	2001.5	2001 1963	année	2001	année	1963	1	2096
2001.5	2002.5	2002 1963	année	2002	année	1963	1	2147
2002.5	2003.5	2003 1963	année	2003	année	1963	1	2198
2003.5	2004.5	2004 1963	année	2004	année	1963	1	2249
2004.5	2005.5	2005 1963	année	2005	année	1963	1	2300
2005.5	2006.5	2006 1963	année	2006	année	1963	1	2351
2006.5	2007.5	2007 1963	année	2007	année	1963	1	2402
2007.5	2008.5	2008 1963	année	2008	année	1963	1	2453
2008.5	2009.5	2009 1963	année	2009	année	1963	1	2504
2009.5	2010.5	2010 1963	année	2010	année	1963	1	2555
2010.5	2011.5	2011 1963	année	2011	année	1963	1	2606
1959.5	1960.5	1960 1964	année	1960	année	1964	1	5
1960.5	1961.5	1961 1964	année	1961	année	1964	1	56
1961.5	1962.5	1962 1964	année	1962	année	1964	1	107
1962.5	1963.5	1963 1964	année	1963	année	1964	1	158
1963.5	1964.5	1	année	1964	année	1964	1	1
1964.5	1965.5	1965 1964	année	1965	année	1964	1	261
1965.5	1966.5	1966 1964	année	1966	année	1964	1	312
1966.5	1967.5	1967 1964	année	1967	année	1964	1	363
1967.5	1968.5	1968 1964	année	1968	année	1964	1	414
1968.5	1969.5	1969 1964	année	1969	année	1964	1	465
1969.5	1970.5	1970 1964	année	1970	année	1964	1	516
1970.5	1971.5	1971 1964	année	1971	année	1964	1	567
1971.5	1972.5	1972 1964	année	1972	année	1964	1	618
1972.5	1973.5	1973 1964	année	1973	année	1964	1	669
1973.5	1974.5	1974 1964	année	1974	année	1964	1	720
1974.5	1975.5	1975 1964	année	1975	année	1964	1	771
1975.5	1976.5	1976 1964	année	1976	année	1964	1	822
1976.5	1977.5	1977 1964	année	1977	année	1964	1	873
1977.5	1978.5	1978 1964	année	1978	année	1964	1	924
1978.5	1979.5	1979 1964	année	1979	année	1964	1	975
1979.5	1980.5	1980 1964	année	1980	année	1964	1	1026
1980.5	1981.5	1981 1964	année	1981	année	1964	1	1077
1981.5	1982.5	1982 1964	année	1982	année	1964	1	1128
1982.5	1983.5	1983 1964	année	1983	année	1964	1	1179
1983.5	1984.5	1984 1964	année	1984	année	1964	1	1230
1984.5	1985.5	1985 1964	année	1985	année	1964	1	1281
1985.5	1986.5	1986 1964	année	1986	année	1964	1	1332
1986.5	1987.5	1987 1964	année	1987	année	1964	1	1383
1987.5	1988.5	1988 1964	année	1988	année	1964	1	1434
1988.5	1989.5	1989 1964	année	1989	année	1964	1	1485
1989.5	1990.5	1990 1964	année	1990	année	1964	1	1536
1990.5	1991.5	1991 1964	année	1991	année	1964	1	1587
1991.5	1992.5	1992 1964	année	1992	année	1964	1	1638
1992.5	1993.5	1993 1964	année	1993	année	1964	1	1689
1993.5	1994.5	1994 1964	année	1994	année	1964	1	1740
1994.5	1995.5	1995 1964	année	1995	année	1964	1	1791
1995.5	1996.5	1996 1964	année	1996	année	1964	1	1842
1996.5	1997.5	1997 1964	année	1997	année	1964	1	1893
1997.5	1998.5	1998 1964	année	1998	année	1964	1	1944
1998.5	1999.5	1999 1964	année	1999	année	1964	1	1995
1999.5	2000.5	2000 1964	année	2000	année	1964	1	2046
2000.5	2001.5	2001 1964	année	2001	année	1964	1	2097
2001.5	2002.5	2002 1964	année	2002	année	1964	1	2148
2002.5	2003.5	2003 1964	année	2003	année	1964	1	2199
2003.5	2004.5	2004 1964	année	2004	année	1964	1	2250
2004.5	2005.5	2005 1964	année	2005	année	1964	1	2301
2005.5	2006.5	2006 1964	année	2006	année	1964	1	2352
2006.5	2007.5	2007 1964	année	2007	année	1964	1	2403
2007.5	2008.5	2008 1964	année	2008	année	1964	1	2454
2008.5	2009.5	2009 1964	année	2009	année	1964	1	2505
2009.5	2010.5	2010 1964	année	2010	année	1964	1	2556
2010.5	2011.5	2011 1964	année	2011	année	1964	1	2607
1959.5	1960.5	1960 1965	année	1960	année	1965	1	6
1960.5	1961.5	1961 1965	année	1961	année	1965	1	57
1961.5	1962.5	1962 1965	année	1962	année	1965	1	108
1962.5	1963.5	1963 1965	année	1963	année	1965	1	159
1963.5	1964.5	1964 1965	année	1964	année	1965	1	210
1964.5	1965.5	1	année	1965	année	1965	1	1
1965.5	1966.5	1966 1965	année	1966	année	1965	1	313
1966.5	1967.5	1967 1965	année	1967	année	1965	1	364
1967.5	1968.5	1968 1965	année	1968	année	1965	1	415
1968.5	1969.5	1969 1965	année	1969	année	1965	1	466
1969.5	1970.5	1970 1965	année	1970	année	1965	1	517
1970.5	1971.5	1971 1965	année	1971	année	1965	1	568
1971.5	1972.5	1972 1965	année	1972	année	1965	1	619
1972.5	1973.5	1973 1965	année	1973	année	1965	1	670
1973.5	1974.5	1974 1965	année	1974	année	1965	1	721
1974.5	1975.5	1975 1965	année	1975	année	1965	1	772
1975.5	1976.5	1976 1965	année	1976	année	1965	1	823
1976.5	1977.5	1977 1965	année	1977	année	1965	1	874
1977.5	1978.5	1978 1965	année	1978	année	1965	1	925
1978.5	1979.5	1979 1965	année	1979	année	1965	1	976
1979.5	1980.5	1980 1965	année	1980	année	1965	1	1027
1980.5	1981.5	1981 1965	année	1981	année	1965	1	1078
1981.5	1982.5	1982 1965	année	1982	année	1965	1	1129
1982.5	1983.5	1983 1965	année	1983	année	1965	1	1180
1983.5	1984.5	1984 1965	année	1984	année	1965	1	1231
1984.5	1985.5	1985 1965	année	1985	année	1965	1	1282
1985.5	1986.5	1986 1965	année	1986	année	1965	1	1333
1986.5	1987.5	1987 1965	année	1987	année	1965	1	1384
1987.5	1988.5	1988 1965	année	1988	année	1965	1	1435
1988.5	1989.5	1989 1965	année	1989	année	1965	1	1486
1989.5	1990.5	1990 1965	année	1990	année	1965	1	1537
1990.5	1991.5	1991 1965	année	1991	année	1965	1	1588
1991.5	1992.5	1992 1965	année	1992	année	1965	1	1639
1992.5	1993.5	1993 1965	année	1993	année	1965	1	1690
1993.5	1994.5	1994 1965	année	1994	année	1965	1	1741
1994.5	1995.5	1995 1965	année	1995	année	1965	1	1792
1995.5	1996.5	1996 1965	année	1996	année	1965	1	1843
1996.5	1997.5	1997 1965	année	1997	année	1965	1	1894
1997.5	1998.5	1998 1965	année	1998	année	1965	1	1945
1998.5	1999.5	1999 1965	année	1999	année	1965	1	1996
1999.5	2000.5	2000 1965	année	2000	année	1965	1	2047
2000.5	2001.5	2001 1965	année	2001	année	1965	1	2098
2001.5	2002.5	2002 1965	année	2002	année	1965	1	2149
2002.5	2003.5	2003 1965	année	2003	année	1965	1	2200
2003.5	2004.5	2004 1965	année	2004	année	1965	1	2251
2004.5	2005.5	2005 1965	année	2005	année	1965	1	2302
2005.5	2006.5	2006 1965	année	2006	année	1965	1	2353
2006.5	2007.5	2007 1965	année	2007	année	1965	1	2404
2007.5	2008.5	2008 1965	année	2008	année	1965	1	2455
2008.5	2009.5	2009 1965	année	2009	année	1965	1	2506
2009.5	2010.5	2010 1965	année	2010	année	1965	1	2557
2010.5	2011.5	2011 1965	année	2011	année	1965	1	2608
1959.5	1960.5	1960 1966	année	1960	année	1966	1	7
1960.5	1961.5	1961 1966	année	1961	année	1966	1	58
1961.5	1962.5	1962 1966	année	1962	année	1966	1	109
1962.5	1963.5	1963 1966	année	1963	année	1966	1	160
1963.5	1964.5	1964 1966	année	1964	année	1966	1	211
1964.5	1965.5	1965 1966	année	1965	année	1966	1	262
1965.5	1966.5	1	année	1966	année	1966	1	1
1966.5	1967.5	1967 1966	année	1967	année	1966	1	365
1967.5	1968.5	1968 1966	année	1968	année	1966	1	416
1968.5	1969.5	1969 1966	année	1969	année	1966	1	467
1969.5	1970.5	1970 1966	année	1970	année	1966	1	518
1970.5	1971.5	1971 1966	année	1971	année	1966	1	569
1971.5	1972.5	1972 1966	année	1972	année	1966	1	620
1972.5	1973.5	1973 1966	année	1973	année	1966	1	671
1973.5	1974.5	1974 1966	année	1974	année	1966	1	722
1974.5	1975.5	1975 1966	année	1975	année	1966	1	773
1975.5	1976.5	1976 1966	année	1976	année	1966	1	824
1976.5	1977.5	1977 1966	année	1977	année	1966	1	875
1977.5	1978.5	1978 1966	année	1978	année	1966	1	926
1978.5	1979.5	1979 1966	année	1979	année	1966	1	977
1979.5	1980.5	1980 1966	année	1980	année	1966	1	1028
1980.5	1981.5	1981 1966	année	1981	année	1966	1	1079
1981.5	1982.5	1982 1966	année	1982	année	1966	1	1130
1982.5	1983.5	1983 1966	année	1983	année	1966	1	1181
1983.5	1984.5	1984 1966	année	1984	année	1966	1	1232
1984.5	1985.5	1985 1966	année	1985	année	1966	1	1283
1985.5	1986.5	1986 1966	année	1986	année	1966	1	1334
1986.5	1987.5	1987 1966	année	1987	année	1966	1	1385
1987.5	1988.5	1988 1966	année	1988	année	1966	1	1436
1988.5	1989.5	1989 1966	année	1989	année	1966	1	1487
1989.5	1990.5	1990 1966	année	1990	année	1966	1	1538
1990.5	1991.5	1991 1966	année	1991	année	1966	1	1589
1991.5	1992.5	1992 1966	année	1992	année	1966	1	1640
1992.5	1993.5	1993 1966	année	1993	année	1966	1	1691
1993.5	1994.5	1994 1966	année	1994	année	1966	1	1742
1994.5	1995.5	1995 1966	année	1995	année	1966	1	1793
1995.5	1996.5	1996 1966	année	1996	année	1966	1	1844
1996.5	1997.5	1997 1966	année	1997	année	1966	1	1895
1997.5	1998.5	1998 1966	année	1998	année	1966	1	1946
1998.5	1999.5	1999 1966	année	1999	année	1966	1	1997
1999.5	2000.5	2000 1966	année	2000	année	1966	1	2048
2000.5	2001.5	2001 1966	année	2001	année	1966	1	2099
2001.5	2002.5	2002 1966	année	2002	année	1966	1	2150
2002.5	2003.5	2003 1966	année	2003	année	1966	1	2201
2003.5	2004.5	2004 1966	année	2004	année	1966	1	2252
2004.5	2005.5	2005 1966	année	2005	année	1966	1	2303
2005.5	2006.5	2006 1966	année	2006	année	1966	1	2354
2006.5	2007.5	2007 1966	année	2007	année	1966	1	2405
2007.5	2008.5	2008 1966	année	2008	année	1966	1	2456
2008.5	2009.5	2009 1966	année	2009	année	1966	1	2507
2009.5	2010.5	2010 1966	année	2010	année	1966	1	2558
2010.5	2011.5	2011 1966	année	2011	année	1966	1	2609
1959.5	1960.5	1960 1967	année	1960	année	1967	1	8
1960.5	1961.5	1961 1967	année	1961	année	1967	1	59
1961.5	1962.5	1962 1967	année	1962	année	1967	1	110
1962.5	1963.5	1963 1967	année	1963	année	1967	1	161
1963.5	1964.5	1964 1967	année	1964	année	1967	1	212
1964.5	1965.5	1965 1967	année	1965	année	1967	1	263
1965.5	1966.5	1966 1967	année	1966	année	1967	1	314
1966.5	1967.5	1	année	1967	année	1967	1	1
1967.5	1968.5	1968 1967	année	1968	année	1967	1	417
1968.5	1969.5	1969 1967	année	1969	année	1967	1	468
1969.5	1970.5	1970 1967	année	1970	année	1967	1	519
1970.5	1971.5	1971 1967	année	1971	année	1967	1	570
1971.5	1972.5	1972 1967	année	1972	année	1967	1	621
1972.5	1973.5	1973 1967	année	1973	année	1967	1	672
1973.5	1974.5	1974 1967	année	1974	année	1967	1	723
1974.5	1975.5	1975 1967	année	1975	année	1967	1	774
1975.5	1976.5	1976 1967	année	1976	année	1967	1	825
1976.5	1977.5	1977 1967	année	1977	année	1967	1	876
1977.5	1978.5	1978 1967	année	1978	année	1967	1	927
1978.5	1979.5	1979 1967	année	1979	année	1967	1	978
1979.5	1980.5	1980 1967	année	1980	année	1967	1	1029
1980.5	1981.5	1981 1967	année	1981	année	1967	1	1080
1981.5	1982.5	1982 1967	année	1982	année	1967	1	1131
1982.5	1983.5	1983 1967	année	1983	année	1967	1	1182
1983.5	1984.5	1984 1967	année	1984	année	1967	1	1233
1984.5	1985.5	1985 1967	année	1985	année	1967	1	1284
1985.5	1986.5	1986 1967	année	1986	année	1967	1	1335
1986.5	1987.5	1987 1967	année	1987	année	1967	1	1386
1987.5	1988.5	1988 1967	année	1988	année	1967	1	1437
1988.5	1989.5	1989 1967	année	1989	année	1967	1	1488
1989.5	1990.5	1990 1967	année	1990	année	1967	1	1539
1990.5	1991.5	1991 1967	année	1991	année	1967	1	1590
1991.5	1992.5	1992 1967	année	1992	année	1967	1	1641
1992.5	1993.5	1993 1967	année	1993	année	1967	1	1692
1993.5	1994.5	1994 1967	année	1994	année	1967	1	1743
1994.5	1995.5	1995 1967	année	1995	année	1967	1	1794
1995.5	1996.5	1996 1967	année	1996	année	1967	1	1845
1996.5	1997.5	1997 1967	année	1997	année	1967	1	1896
1997.5	1998.5	1998 1967	année	1998	année	1967	1	1947
1998.5	1999.5	1999 1967	année	1999	année	1967	1	1998
1999.5	2000.5	2000 1967	année	2000	année	1967	1	2049
2000.5	2001.5	2001 1967	année	2001	année	1967	1	2100
2001.5	2002.5	2002 1967	année	2002	année	1967	1	2151
2002.5	2003.5	2003 1967	année	2003	année	1967	1	2202
2003.5	2004.5	2004 1967	année	2004	année	1967	1	2253
2004.5	2005.5	2005 1967	année	2005	année	1967	1	2304
2005.5	2006.5	2006 1967	année	2006	année	1967	1	2355
2006.5	2007.5	2007 1967	année	2007	année	1967	1	2406
2007.5	2008.5	2008 1967	année	2008	année	1967	1	2457
2008.5	2009.5	2009 1967	année	2009	année	1967	1	2508
2009.5	2010.5	2010 1967	année	2010	année	1967	1	2559
2010.5	2011.5	2011 1967	année	2011	année	1967	1	2610
1959.5	1960.5	1960 1968	année	1960	année	1968	1	9
1960.5	1961.5	1961 1968	année	1961	année	1968	1	60
1961.5	1962.5	1962 1968	année	1962	année	1968	1	111
1962.5	1963.5	1963 1968	année	1963	année	1968	1	162
1963.5	1964.5	1964 1968	année	1964	année	1968	1	213
1964.5	1965.5	1965 1968	année	1965	année	1968	1	264
1965.5	1966.5	1966 1968	année	1966	année	1968	1	315
1966.5	1967.5	1967 1968	année	1967	année	1968	1	366
1967.5	1968.5	1	année	1968	année	1968	1	1
1968.5	1969.5	1969 1968	année	1969	année	1968	1	469
1969.5	1970.5	1970 1968	année	1970	année	1968	1	520
1970.5	1971.5	1971 1968	année	1971	année	1968	1	571
1971.5	1972.5	1972 1968	année	1972	année	1968	1	622
1972.5	1973.5	1973 1968	année	1973	année	1968	1	673
1973.5	1974.5	1974 1968	année	1974	année	1968	1	724
1974.5	1975.5	1975 1968	année	1975	année	1968	1	775
1975.5	1976.5	1976 1968	année	1976	année	1968	1	826
1976.5	1977.5	1977 1968	année	1977	année	1968	1	877
1977.5	1978.5	1978 1968	année	1978	année	1968	1	928
1978.5	1979.5	1979 1968	année	1979	année	1968	1	979
1979.5	1980.5	1980 1968	année	1980	année	1968	1	1030
1980.5	1981.5	1981 1968	année	1981	année	1968	1	1081
1981.5	1982.5	1982 1968	année	1982	année	1968	1	1132
1982.5	1983.5	1983 1968	année	1983	année	1968	1	1183
1983.5	1984.5	1984 1968	année	1984	année	1968	1	1234
1984.5	1985.5	1985 1968	année	1985	année	1968	1	1285
1985.5	1986.5	1986 1968	année	1986	année	1968	1	1336
1986.5	1987.5	1987 1968	année	1987	année	1968	1	1387
1987.5	1988.5	1988 1968	année	1988	année	1968	1	1438
1988.5	1989.5	1989 1968	année	1989	année	1968	1	1489
1989.5	1990.5	1990 1968	année	1990	année	1968	1	1540
1990.5	1991.5	1991 1968	année	1991	année	1968	1	1591
1991.5	1992.5	1992 1968	année	1992	année	1968	1	1642
1992.5	1993.5	1993 1968	année	1993	année	1968	1	1693
1993.5	1994.5	1994 1968	année	1994	année	1968	1	1744
1994.5	1995.5	1995 1968	année	1995	année	1968	1	1795
1995.5	1996.5	1996 1968	année	1996	année	1968	1	1846
1996.5	1997.5	1997 1968	année	1997	année	1968	1	1897
1997.5	1998.5	1998 1968	année	1998	année	1968	1	1948
1998.5	1999.5	1999 1968	année	1999	année	1968	1	1999
1999.5	2000.5	2000 1968	année	2000	année	1968	1	2050
2000.5	2001.5	2001 1968	année	2001	année	1968	1	2101
2001.5	2002.5	2002 1968	année	2002	année	1968	1	2152
2002.5	2003.5	2003 1968	année	2003	année	1968	1	2203
2003.5	2004.5	2004 1968	année	2004	année	1968	1	2254
2004.5	2005.5	2005 1968	année	2005	année	1968	1	2305
2005.5	2006.5	2006 1968	année	2006	année	1968	1	2356
2006.5	2007.5	2007 1968	année	2007	année	1968	1	2407
2007.5	2008.5	2008 1968	année	2008	année	1968	1	2458
2008.5	2009.5	2009 1968	année	2009	année	1968	1	2509
2009.5	2010.5	2010 1968	année	2010	année	1968	1	2560
2010.5	2011.5	2011 1968	année	2011	année	1968	1	2611
1959.5	1960.5	1960 1969	année	1960	année	1969	1	10
1960.5	1961.5	1961 1969	année	1961	année	1969	1	61
1961.5	1962.5	1962 1969	année	1962	année	1969	1	112
1962.5	1963.5	1963 1969	année	1963	année	1969	1	163
1963.5	1964.5	1964 1969	année	1964	année	1969	1	214
1964.5	1965.5	1965 1969	année	1965	année	1969	1	265
1965.5	1966.5	1966 1969	année	1966	année	1969	1	316
1966.5	1967.5	1967 1969	année	1967	année	1969	1	367
1967.5	1968.5	1968 1969	année	1968	année	1969	1	418
1968.5	1969.5	1	année	1969	année	1969	1	1
1969.5	1970.5	1970 1969	année	1970	année	1969	1	521
1970.5	1971.5	1971 1969	année	1971	année	1969	1	572
1971.5	1972.5	1972 1969	année	1972	année	1969	1	623
1972.5	1973.5	1973 1969	année	1973	année	1969	1	674
1973.5	1974.5	1974 1969	année	1974	année	1969	1	725
1974.5	1975.5	1975 1969	année	1975	année	1969	1	776
1975.5	1976.5	1976 1969	année	1976	année	1969	1	827
1976.5	1977.5	1977 1969	année	1977	année	1969	1	878
1977.5	1978.5	1978 1969	année	1978	année	1969	1	929
1978.5	1979.5	1979 1969	année	1979	année	1969	1	980
1979.5	1980.5	1980 1969	année	1980	année	1969	1	1031
1980.5	1981.5	1981 1969	année	1981	année	1969	1	1082
1981.5	1982.5	1982 1969	année	1982	année	1969	1	1133
1982.5	1983.5	1983 1969	année	1983	année	1969	1	1184
1983.5	1984.5	1984 1969	année	1984	année	1969	1	1235
1984.5	1985.5	1985 1969	année	1985	année	1969	1	1286
1985.5	1986.5	1986 1969	année	1986	année	1969	1	1337
1986.5	1987.5	1987 1969	année	1987	année	1969	1	1388
1987.5	1988.5	1988 1969	année	1988	année	1969	1	1439
1988.5	1989.5	1989 1969	année	1989	année	1969	1	1490
1989.5	1990.5	1990 1969	année	1990	année	1969	1	1541
1990.5	1991.5	1991 1969	année	1991	année	1969	1	1592
1991.5	1992.5	1992 1969	année	1992	année	1969	1	1643
1992.5	1993.5	1993 1969	année	1993	année	1969	1	1694
1993.5	1994.5	1994 1969	année	1994	année	1969	1	1745
1994.5	1995.5	1995 1969	année	1995	année	1969	1	1796
1995.5	1996.5	1996 1969	année	1996	année	1969	1	1847
1996.5	1997.5	1997 1969	année	1997	année	1969	1	1898
1997.5	1998.5	1998 1969	année	1998	année	1969	1	1949
1998.5	1999.5	1999 1969	année	1999	année	1969	1	2000
1999.5	2000.5	2000 1969	année	2000	année	1969	1	2051
2000.5	2001.5	2001 1969	année	2001	année	1969	1	2102
2001.5	2002.5	2002 1969	année	2002	année	1969	1	2153
2002.5	2003.5	2003 1969	année	2003	année	1969	1	2204
2003.5	2004.5	2004 1969	année	2004	année	1969	1	2255
2004.5	2005.5	2005 1969	année	2005	année	1969	1	2306
2005.5	2006.5	2006 1969	année	2006	année	1969	1	2357
2006.5	2007.5	2007 1969	année	2007	année	1969	1	2408
2007.5	2008.5	2008 1969	année	2008	année	1969	1	2459
2008.5	2009.5	2009 1969	année	2009	année	1969	1	2510
2009.5	2010.5	2010 1969	année	2010	année	1969	1	2561
2010.5	2011.5	2011 1969	année	2011	année	1969	1	2612
1959.5	1960.5	1960 1970	année	1960	année	1970	1	11
1960.5	1961.5	1961 1970	année	1961	année	1970	1	62
1961.5	1962.5	1962 1970	année	1962	année	1970	1	113
1962.5	1963.5	1963 1970	année	1963	année	1970	1	164
1963.5	1964.5	1964 1970	année	1964	année	1970	1	215
1964.5	1965.5	1965 1970	année	1965	année	1970	1	266
1965.5	1966.5	1966 1970	année	1966	année	1970	1	317
1966.5	1967.5	1967 1970	année	1967	année	1970	1	368
1967.5	1968.5	1968 1970	année	1968	année	1970	1	419
1968.5	1969.5	1969 1970	année	1969	année	1970	1	470
1969.5	1970.5	1	année	1970	année	1970	1	1
1970.5	1971.5	1971 1970	année	1971	année	1970	1	573
1971.5	1972.5	1972 1970	année	1972	année	1970	1	624
1972.5	1973.5	1973 1970	année	1973	année	1970	1	675
1973.5	1974.5	1974 1970	année	1974	année	1970	1	726
1974.5	1975.5	1975 1970	année	1975	année	1970	1	777
1975.5	1976.5	1976 1970	année	1976	année	1970	1	828
1976.5	1977.5	1977 1970	année	1977	année	1970	1	879
1977.5	1978.5	1978 1970	année	1978	année	1970	1	930
1978.5	1979.5	1979 1970	année	1979	année	1970	1	981
1979.5	1980.5	1980 1970	année	1980	année	1970	1	1032
1980.5	1981.5	1981 1970	année	1981	année	1970	1	1083
1981.5	1982.5	1982 1970	année	1982	année	1970	1	1134
1982.5	1983.5	1983 1970	année	1983	année	1970	1	1185
1983.5	1984.5	1984 1970	année	1984	année	1970	1	1236
1984.5	1985.5	1985 1970	année	1985	année	1970	1	1287
1985.5	1986.5	1986 1970	année	1986	année	1970	1	1338
1986.5	1987.5	1987 1970	année	1987	année	1970	1	1389
1987.5	1988.5	1988 1970	année	1988	année	1970	1	1440
1988.5	1989.5	1989 1970	année	1989	année	1970	1	1491
1989.5	1990.5	1990 1970	année	1990	année	1970	1	1542
1990.5	1991.5	1991 1970	année	1991	année	1970	1	1593
1991.5	1992.5	1992 1970	année	1992	année	1970	1	1644
1992.5	1993.5	1993 1970	année	1993	année	1970	1	1695
1993.5	1994.5	1994 1970	année	1994	année	1970	1	1746
1994.5	1995.5	1995 1970	année	1995	année	1970	1	1797
1995.5	1996.5	1996 1970	année	1996	année	1970	1	1848
1996.5	1997.5	1997 1970	année	1997	année	1970	1	1899
1997.5	1998.5	1998 1970	année	1998	année	1970	1	1950
1998.5	1999.5	1999 1970	année	1999	année	1970	1	2001
1999.5	2000.5	2000 1970	année	2000	année	1970	1	2052
2000.5	2001.5	2001 1970	année	2001	année	1970	1	2103
2001.5	2002.5	2002 1970	année	2002	année	1970	1	2154
2002.5	2003.5	2003 1970	année	2003	année	1970	1	2205
2003.5	2004.5	2004 1970	année	2004	année	1970	1	2256
2004.5	2005.5	2005 1970	année	2005	année	1970	1	2307
2005.5	2006.5	2006 1970	année	2006	année	1970	1	2358
2006.5	2007.5	2007 1970	année	2007	année	1970	1	2409
2007.5	2008.5	2008 1970	année	2008	année	1970	1	2460
2008.5	2009.5	2009 1970	année	2009	année	1970	1	2511
2009.5	2010.5	2010 1970	année	2010	année	1970	1	2562
2010.5	2011.5	2011 1970	année	2011	année	1970	1	2613
1959.5	1960.5	1960 1971	année	1960	année	1971	1	12
1960.5	1961.5	1961 1971	année	1961	année	1971	1	63
1961.5	1962.5	1962 1971	année	1962	année	1971	1	114
1962.5	1963.5	1963 1971	année	1963	année	1971	1	165
1963.5	1964.5	1964 1971	année	1964	année	1971	1	216
1964.5	1965.5	1965 1971	année	1965	année	1971	1	267
1965.5	1966.5	1966 1971	année	1966	année	1971	1	318
1966.5	1967.5	1967 1971	année	1967	année	1971	1	369
1967.5	1968.5	1968 1971	année	1968	année	1971	1	420
1968.5	1969.5	1969 1971	année	1969	année	1971	1	471
1969.5	1970.5	1970 1971	année	1970	année	1971	1	522
1970.5	1971.5	1	année	1971	année	1971	1	1
1971.5	1972.5	1972 1971	année	1972	année	1971	1	625
1972.5	1973.5	1973 1971	année	1973	année	1971	1	676
1973.5	1974.5	1974 1971	année	1974	année	1971	1	727
1974.5	1975.5	1975 1971	année	1975	année	1971	1	778
1975.5	1976.5	1976 1971	année	1976	année	1971	1	829
1976.5	1977.5	1977 1971	année	1977	année	1971	1	880
1977.5	1978.5	1978 1971	année	1978	année	1971	1	931
1978.5	1979.5	1979 1971	année	1979	année	1971	1	982
1979.5	1980.5	1980 1971	année	1980	année	1971	1	1033
1980.5	1981.5	1981 1971	année	1981	année	1971	1	1084
1981.5	1982.5	1982 1971	année	1982	année	1971	1	1135
1982.5	1983.5	1983 1971	année	1983	année	1971	1	1186
1983.5	1984.5	1984 1971	année	1984	année	1971	1	1237
1984.5	1985.5	1985 1971	année	1985	année	1971	1	1288
1985.5	1986.5	1986 1971	année	1986	année	1971	1	1339
1986.5	1987.5	1987 1971	année	1987	année	1971	1	1390
1987.5	1988.5	1988 1971	année	1988	année	1971	1	1441
1988.5	1989.5	1989 1971	année	1989	année	1971	1	1492
1989.5	1990.5	1990 1971	année	1990	année	1971	1	1543
1990.5	1991.5	1991 1971	année	1991	année	1971	1	1594
1991.5	1992.5	1992 1971	année	1992	année	1971	1	1645
1992.5	1993.5	1993 1971	année	1993	année	1971	1	1696
1993.5	1994.5	1994 1971	année	1994	année	1971	1	1747
1994.5	1995.5	1995 1971	année	1995	année	1971	1	1798
1995.5	1996.5	1996 1971	année	1996	année	1971	1	1849
1996.5	1997.5	1997 1971	année	1997	année	1971	1	1900
1997.5	1998.5	1998 1971	année	1998	année	1971	1	1951
1998.5	1999.5	1999 1971	année	1999	année	1971	1	2002
1999.5	2000.5	2000 1971	année	2000	année	1971	1	2053
2000.5	2001.5	2001 1971	année	2001	année	1971	1	2104
2001.5	2002.5	2002 1971	année	2002	année	1971	1	2155
2002.5	2003.5	2003 1971	année	2003	année	1971	1	2206
2003.5	2004.5	2004 1971	année	2004	année	1971	1	2257
2004.5	2005.5	2005 1971	année	2005	année	1971	1	2308
2005.5	2006.5	2006 1971	année	2006	année	1971	1	2359
2006.5	2007.5	2007 1971	année	2007	année	1971	1	2410
2007.5	2008.5	2008 1971	année	2008	année	1971	1	2461
2008.5	2009.5	2009 1971	année	2009	année	1971	1	2512
2009.5	2010.5	2010 1971	année	2010	année	1971	1	2563
2010.5	2011.5	2011 1971	année	2011	année	1971	1	2614
1959.5	1960.5	1960 1972	année	1960	année	1972	1	13
1960.5	1961.5	1961 1972	année	1961	année	1972	1	64
1961.5	1962.5	1962 1972	année	1962	année	1972	1	115
1962.5	1963.5	1963 1972	année	1963	année	1972	1	166
1963.5	1964.5	1964 1972	année	1964	année	1972	1	217
1964.5	1965.5	1965 1972	année	1965	année	1972	1	268
1965.5	1966.5	1966 1972	année	1966	année	1972	1	319
1966.5	1967.5	1967 1972	année	1967	année	1972	1	370
1967.5	1968.5	1968 1972	année	1968	année	1972	1	421
1968.5	1969.5	1969 1972	année	1969	année	1972	1	472
1969.5	1970.5	1970 1972	année	1970	année	1972	1	523
1970.5	1971.5	1971 1972	année	1971	année	1972	1	574
1971.5	1972.5	1	année	1972	année	1972	1	1
1972.5	1973.5	1973 1972	année	1973	année	1972	1	677
1973.5	1974.5	1974 1972	année	1974	année	1972	1	728
1974.5	1975.5	1975 1972	année	1975	année	1972	1	779
1975.5	1976.5	1976 1972	année	1976	année	1972	1	830
1976.5	1977.5	1977 1972	année	1977	année	1972	1	881
1977.5	1978.5	1978 1972	année	1978	année	1972	1	932
1978.5	1979.5	1979 1972	année	1979	année	1972	1	983
1979.5	1980.5	1980 1972	année	1980	année	1972	1	1034
1980.5	1981.5	1981 1972	année	1981	année	1972	1	1085
1981.5	1982.5	1982 1972	année	1982	année	1972	1	1136
1982.5	1983.5	1983 1972	année	1983	année	1972	1	1187
1983.5	1984.5	1984 1972	année	1984	année	1972	1	1238
1984.5	1985.5	1985 1972	année	1985	année	1972	1	1289
1985.5	1986.5	1986 1972	année	1986	année	1972	1	1340
1986.5	1987.5	1987 1972	année	1987	année	1972	1	1391
1987.5	1988.5	1988 1972	année	1988	année	1972	1	1442
1988.5	1989.5	1989 1972	année	1989	année	1972	1	1493
1989.5	1990.5	1990 1972	année	1990	année	1972	1	1544
1990.5	1991.5	1991 1972	année	1991	année	1972	1	1595
1991.5	1992.5	1992 1972	année	1992	année	1972	1	1646
1992.5	1993.5	1993 1972	année	1993	année	1972	1	1697
1993.5	1994.5	1994 1972	année	1994	année	1972	1	1748
1994.5	1995.5	1995 1972	année	1995	année	1972	1	1799
1995.5	1996.5	1996 1972	année	1996	année	1972	1	1850
1996.5	1997.5	1997 1972	année	1997	année	1972	1	1901
1997.5	1998.5	1998 1972	année	1998	année	1972	1	1952
1998.5	1999.5	1999 1972	année	1999	année	1972	1	2003
1999.5	2000.5	2000 1972	année	2000	année	1972	1	2054
2000.5	2001.5	2001 1972	année	2001	année	1972	1	2105
2001.5	2002.5	2002 1972	année	2002	année	1972	1	2156
2002.5	2003.5	2003 1972	année	2003	année	1972	1	2207
2003.5	2004.5	2004 1972	année	2004	année	1972	1	2258
2004.5	2005.5	2005 1972	année	2005	année	1972	1	2309
2005.5	2006.5	2006 1972	année	2006	année	1972	1	2360
2006.5	2007.5	2007 1972	année	2007	année	1972	1	2411
2007.5	2008.5	2008 1972	année	2008	année	1972	1	2462
2008.5	2009.5	2009 1972	année	2009	année	1972	1	2513
2009.5	2010.5	2010 1972	année	2010	année	1972	1	2564
2010.5	2011.5	2011 1972	année	2011	année	1972	1	2615
1959.5	1960.5	1960 1973	année	1960	année	1973	1	14
1960.5	1961.5	1961 1973	année	1961	année	1973	1	65
1961.5	1962.5	1962 1973	année	1962	année	1973	1	116
1962.5	1963.5	1963 1973	année	1963	année	1973	1	167
1963.5	1964.5	1964 1973	année	1964	année	1973	1	218
1964.5	1965.5	1965 1973	année	1965	année	1973	1	269
1965.5	1966.5	1966 1973	année	1966	année	1973	1	320
1966.5	1967.5	1967 1973	année	1967	année	1973	1	371
1967.5	1968.5	1968 1973	année	1968	année	1973	1	422
1968.5	1969.5	1969 1973	année	1969	année	1973	1	473
1969.5	1970.5	1970 1973	année	1970	année	1973	1	524
1970.5	1971.5	1971 1973	année	1971	année	1973	1	575
1971.5	1972.5	1972 1973	année	1972	année	1973	1	626
1972.5	1973.5	1	année	1973	année	1973	1	1
1973.5	1974.5	1974 1973	année	1974	année	1973	1	729
1974.5	1975.5	1975 1973	année	1975	année	1973	1	780
1975.5	1976.5	1976 1973	année	1976	année	1973	1	831
1976.5	1977.5	1977 1973	année	1977	année	1973	1	882
1977.5	1978.5	1978 1973	année	1978	année	1973	1	933
1978.5	1979.5	1979 1973	année	1979	année	1973	1	984
1979.5	1980.5	1980 1973	année	1980	année	1973	1	1035
1980.5	1981.5	1981 1973	année	1981	année	1973	1	1086
1981.5	1982.5	1982 1973	année	1982	année	1973	1	1137
1982.5	1983.5	1983 1973	année	1983	année	1973	1	1188
1983.5	1984.5	1984 1973	année	1984	année	1973	1	1239
1984.5	1985.5	1985 1973	année	1985	année	1973	1	1290
1985.5	1986.5	1986 1973	année	1986	année	1973	1	1341
1986.5	1987.5	1987 1973	année	1987	année	1973	1	1392
1987.5	1988.5	1988 1973	année	1988	année	1973	1	1443
1988.5	1989.5	1989 1973	année	1989	année	1973	1	1494
1989.5	1990.5	1990 1973	année	1990	année	1973	1	1545
1990.5	1991.5	1991 1973	année	1991	année	1973	1	1596
1991.5	1992.5	1992 1973	année	1992	année	1973	1	1647
1992.5	1993.5	1993 1973	année	1993	année	1973	1	1698
1993.5	1994.5	1994 1973	année	1994	année	1973	1	1749
1994.5	1995.5	1995 1973	année	1995	année	1973	1	1800
1995.5	1996.5	1996 1973	année	1996	année	1973	1	1851
1996.5	1997.5	1997 1973	année	1997	année	1973	1	1902
1997.5	1998.5	1998 1973	année	1998	année	1973	1	1953
1998.5	1999.5	1999 1973	année	1999	année	1973	1	2004
1999.5	2000.5	2000 1973	année	2000	année	1973	1	2055
2000.5	2001.5	2001 1973	année	2001	année	1973	1	2106
2001.5	2002.5	2002 1973	année	2002	année	1973	1	2157
2002.5	2003.5	2003 1973	année	2003	année	1973	1	2208
2003.5	2004.5	2004 1973	année	2004	année	1973	1	2259
2004.5	2005.5	2005 1973	année	2005	année	1973	1	2310
2005.5	2006.5	2006 1973	année	2006	année	1973	1	2361
2006.5	2007.5	2007 1973	année	2007	année	1973	1	2412
2007.5	2008.5	2008 1973	année	2008	année	1973	1	2463
2008.5	2009.5	2009 1973	année	2009	année	1973	1	2514
2009.5	2010.5	2010 1973	année	2010	année	1973	1	2565
2010.5	2011.5	2011 1973	année	2011	année	1973	1	2616
1959.5	1960.5	1960 1974	année	1960	année	1974	1	15
1960.5	1961.5	1961 1974	année	1961	année	1974	1	66
1961.5	1962.5	1962 1974	année	1962	année	1974	1	117
1962.5	1963.5	1963 1974	année	1963	année	1974	1	168
1963.5	1964.5	1964 1974	année	1964	année	1974	1	219
1964.5	1965.5	1965 1974	année	1965	année	1974	1	270
1965.5	1966.5	1966 1974	année	1966	année	1974	1	321
1966.5	1967.5	1967 1974	année	1967	année	1974	1	372
1967.5	1968.5	1968 1974	année	1968	année	1974	1	423
1968.5	1969.5	1969 1974	année	1969	année	1974	1	474
1969.5	1970.5	1970 1974	année	1970	année	1974	1	525
1970.5	1971.5	1971 1974	année	1971	année	1974	1	576
1971.5	1972.5	1972 1974	année	1972	année	1974	1	627
1972.5	1973.5	1973 1974	année	1973	année	1974	1	678
1973.5	1974.5	1	année	1974	année	1974	1	1
1974.5	1975.5	1975 1974	année	1975	année	1974	1	781
1975.5	1976.5	1976 1974	année	1976	année	1974	1	832
1976.5	1977.5	1977 1974	année	1977	année	1974	1	883
1977.5	1978.5	1978 1974	année	1978	année	1974	1	934
1978.5	1979.5	1979 1974	année	1979	année	1974	1	985
1979.5	1980.5	1980 1974	année	1980	année	1974	1	1036
1980.5	1981.5	1981 1974	année	1981	année	1974	1	1087
1981.5	1982.5	1982 1974	année	1982	année	1974	1	1138
1982.5	1983.5	1983 1974	année	1983	année	1974	1	1189
1983.5	1984.5	1984 1974	année	1984	année	1974	1	1240
1984.5	1985.5	1985 1974	année	1985	année	1974	1	1291
1985.5	1986.5	1986 1974	année	1986	année	1974	1	1342
1986.5	1987.5	1987 1974	année	1987	année	1974	1	1393
1987.5	1988.5	1988 1974	année	1988	année	1974	1	1444
1988.5	1989.5	1989 1974	année	1989	année	1974	1	1495
1989.5	1990.5	1990 1974	année	1990	année	1974	1	1546
1990.5	1991.5	1991 1974	année	1991	année	1974	1	1597
1991.5	1992.5	1992 1974	année	1992	année	1974	1	1648
1992.5	1993.5	1993 1974	année	1993	année	1974	1	1699
1993.5	1994.5	1994 1974	année	1994	année	1974	1	1750
1994.5	1995.5	1995 1974	année	1995	année	1974	1	1801
1995.5	1996.5	1996 1974	année	1996	année	1974	1	1852
1996.5	1997.5	1997 1974	année	1997	année	1974	1	1903
1997.5	1998.5	1998 1974	année	1998	année	1974	1	1954
1998.5	1999.5	1999 1974	année	1999	année	1974	1	2005
1999.5	2000.5	2000 1974	année	2000	année	1974	1	2056
2000.5	2001.5	2001 1974	année	2001	année	1974	1	2107
2001.5	2002.5	2002 1974	année	2002	année	1974	1	2158
2002.5	2003.5	2003 1974	année	2003	année	1974	1	2209
2003.5	2004.5	2004 1974	année	2004	année	1974	1	2260
2004.5	2005.5	2005 1974	année	2005	année	1974	1	2311
2005.5	2006.5	2006 1974	année	2006	année	1974	1	2362
2006.5	2007.5	2007 1974	année	2007	année	1974	1	2413
2007.5	2008.5	2008 1974	année	2008	année	1974	1	2464
2008.5	2009.5	2009 1974	année	2009	année	1974	1	2515
2009.5	2010.5	2010 1974	année	2010	année	1974	1	2566
2010.5	2011.5	2011 1974	année	2011	année	1974	1	2617
1959.5	1960.5	1960 1975	année	1960	année	1975	1	16
1960.5	1961.5	1961 1975	année	1961	année	1975	1	67
1961.5	1962.5	1962 1975	année	1962	année	1975	1	118
1962.5	1963.5	1963 1975	année	1963	année	1975	1	169
1963.5	1964.5	1964 1975	année	1964	année	1975	1	220
1964.5	1965.5	1965 1975	année	1965	année	1975	1	271
1965.5	1966.5	1966 1975	année	1966	année	1975	1	322
1966.5	1967.5	1967 1975	année	1967	année	1975	1	373
1967.5	1968.5	1968 1975	année	1968	année	1975	1	424
1968.5	1969.5	1969 1975	année	1969	année	1975	1	475
1969.5	1970.5	1970 1975	année	1970	année	1975	1	526
1970.5	1971.5	1971 1975	année	1971	année	1975	1	577
1971.5	1972.5	1972 1975	année	1972	année	1975	1	628
1972.5	1973.5	1973 1975	année	1973	année	1975	1	679
1973.5	1974.5	1974 1975	année	1974	année	1975	1	730
1974.5	1975.5	1	année	1975	année	1975	1	1
1975.5	1976.5	1976 1975	année	1976	année	1975	1	833
1976.5	1977.5	1977 1975	année	1977	année	1975	1	884
1977.5	1978.5	1978 1975	année	1978	année	1975	1	935
1978.5	1979.5	1979 1975	année	1979	année	1975	1	986
1979.5	1980.5	1980 1975	année	1980	année	1975	1	1037
1980.5	1981.5	1981 1975	année	1981	année	1975	1	1088
1981.5	1982.5	1982 1975	année	1982	année	1975	1	1139
1982.5	1983.5	1983 1975	année	1983	année	1975	1	1190
1983.5	1984.5	1984 1975	année	1984	année	1975	1	1241
1984.5	1985.5	1985 1975	année	1985	année	1975	1	1292
1985.5	1986.5	1986 1975	année	1986	année	1975	1	1343
1986.5	1987.5	1987 1975	année	1987	année	1975	1	1394
1987.5	1988.5	1988 1975	année	1988	année	1975	1	1445
1988.5	1989.5	1989 1975	année	1989	année	1975	1	1496
1989.5	1990.5	1990 1975	année	1990	année	1975	1	1547
1990.5	1991.5	1991 1975	année	1991	année	1975	1	1598
1991.5	1992.5	1992 1975	année	1992	année	1975	1	1649
1992.5	1993.5	1993 1975	année	1993	année	1975	1	1700
1993.5	1994.5	1994 1975	année	1994	année	1975	1	1751
1994.5	1995.5	1995 1975	année	1995	année	1975	1	1802
1995.5	1996.5	1996 1975	année	1996	année	1975	1	1853
1996.5	1997.5	1997 1975	année	1997	année	1975	1	1904
1997.5	1998.5	1998 1975	année	1998	année	1975	1	1955
1998.5	1999.5	1999 1975	année	1999	année	1975	1	2006
1999.5	2000.5	2000 1975	année	2000	année	1975	1	2057
2000.5	2001.5	2001 1975	année	2001	année	1975	1	2108
2001.5	2002.5	2002 1975	année	2002	année	1975	1	2159
2002.5	2003.5	2003 1975	année	2003	année	1975	1	2210
2003.5	2004.5	2004 1975	année	2004	année	1975	1	2261
2004.5	2005.5	2005 1975	année	2005	année	1975	1	2312
2005.5	2006.5	2006 1975	année	2006	année	1975	1	2363
2006.5	2007.5	2007 1975	année	2007	année	1975	1	2414
2007.5	2008.5	2008 1975	année	2008	année	1975	1	2465
2008.5	2009.5	2009 1975	année	2009	année	1975	1	2516
2009.5	2010.5	2010 1975	année	2010	année	1975	1	2567
2010.5	2011.5	2011 1975	année	2011	année	1975	1	2618
1959.5	1960.5	1960 1976	année	1960	année	1976	1	17
1960.5	1961.5	1961 1976	année	1961	année	1976	1	68
1961.5	1962.5	1962 1976	année	1962	année	1976	1	119
1962.5	1963.5	1963 1976	année	1963	année	1976	1	170
1963.5	1964.5	1964 1976	année	1964	année	1976	1	221
1964.5	1965.5	1965 1976	année	1965	année	1976	1	272
1965.5	1966.5	1966 1976	année	1966	année	1976	1	323
1966.5	1967.5	1967 1976	année	1967	année	1976	1	374
1967.5	1968.5	1968 1976	année	1968	année	1976	1	425
1968.5	1969.5	1969 1976	année	1969	année	1976	1	476
1969.5	1970.5	1970 1976	année	1970	année	1976	1	527
1970.5	1971.5	1971 1976	année	1971	année	1976	1	578
1971.5	1972.5	1972 1976	année	1972	année	1976	1	629
1972.5	1973.5	1973 1976	année	1973	année	1976	1	680
1973.5	1974.5	1974 1976	année	1974	année	1976	1	731
1974.5	1975.5	1975 1976	année	1975	année	1976	1	782
1975.5	1976.5	1	année	1976	année	1976	1	1
1976.5	1977.5	1977 1976	année	1977	année	1976	1	885
1977.5	1978.5	1978 1976	année	1978	année	1976	1	936
1978.5	1979.5	1979 1976	année	1979	année	1976	1	987
1979.5	1980.5	1980 1976	année	1980	année	1976	1	1038
1980.5	1981.5	1981 1976	année	1981	année	1976	1	1089
1981.5	1982.5	1982 1976	année	1982	année	1976	1	1140
1982.5	1983.5	1983 1976	année	1983	année	1976	1	1191
1983.5	1984.5	1984 1976	année	1984	année	1976	1	1242
1984.5	1985.5	1985 1976	année	1985	année	1976	1	1293
1985.5	1986.5	1986 1976	année	1986	année	1976	1	1344
1986.5	1987.5	1987 1976	année	1987	année	1976	1	1395
1987.5	1988.5	1988 1976	année	1988	année	1976	1	1446
1988.5	1989.5	1989 1976	année	1989	année	1976	1	1497
1989.5	1990.5	1990 1976	année	1990	année	1976	1	1548
1990.5	1991.5	1991 1976	année	1991	année	1976	1	1599
1991.5	1992.5	1992 1976	année	1992	année	1976	1	1650
1992.5	1993.5	1993 1976	année	1993	année	1976	1	1701
1993.5	1994.5	1994 1976	année	1994	année	1976	1	1752
1994.5	1995.5	1995 1976	année	1995	année	1976	1	1803
1995.5	1996.5	1996 1976	année	1996	année	1976	1	1854
1996.5	1997.5	1997 1976	année	1997	année	1976	1	1905
1997.5	1998.5	1998 1976	année	1998	année	1976	1	1956
1998.5	1999.5	1999 1976	année	1999	année	1976	1	2007
1999.5	2000.5	2000 1976	année	2000	année	1976	1	2058
2000.5	2001.5	2001 1976	année	2001	année	1976	1	2109
2001.5	2002.5	2002 1976	année	2002	année	1976	1	2160
2002.5	2003.5	2003 1976	année	2003	année	1976	1	2211
2003.5	2004.5	2004 1976	année	2004	année	1976	1	2262
2004.5	2005.5	2005 1976	année	2005	année	1976	1	2313
2005.5	2006.5	2006 1976	année	2006	année	1976	1	2364
2006.5	2007.5	2007 1976	année	2007	année	1976	1	2415
2007.5	2008.5	2008 1976	année	2008	année	1976	1	2466
2008.5	2009.5	2009 1976	année	2009	année	1976	1	2517
2009.5	2010.5	2010 1976	année	2010	année	1976	1	2568
2010.5	2011.5	2011 1976	année	2011	année	1976	1	2619
1959.5	1960.5	1960 1977	année	1960	année	1977	1	18
1960.5	1961.5	1961 1977	année	1961	année	1977	1	69
1961.5	1962.5	1962 1977	année	1962	année	1977	1	120
1962.5	1963.5	1963 1977	année	1963	année	1977	1	171
1963.5	1964.5	1964 1977	année	1964	année	1977	1	222
1964.5	1965.5	1965 1977	année	1965	année	1977	1	273
1965.5	1966.5	1966 1977	année	1966	année	1977	1	324
1966.5	1967.5	1967 1977	année	1967	année	1977	1	375
1967.5	1968.5	1968 1977	année	1968	année	1977	1	426
1968.5	1969.5	1969 1977	année	1969	année	1977	1	477
1969.5	1970.5	1970 1977	année	1970	année	1977	1	528
1970.5	1971.5	1971 1977	année	1971	année	1977	1	579
1971.5	1972.5	1972 1977	année	1972	année	1977	1	630
1972.5	1973.5	1973 1977	année	1973	année	1977	1	681
1973.5	1974.5	1974 1977	année	1974	année	1977	1	732
1974.5	1975.5	1975 1977	année	1975	année	1977	1	783
1975.5	1976.5	1976 1977	année	1976	année	1977	1	834
1976.5	1977.5	1	année	1977	année	1977	1	1
1977.5	1978.5	1978 1977	année	1978	année	1977	1	937
1978.5	1979.5	1979 1977	année	1979	année	1977	1	988
1979.5	1980.5	1980 1977	année	1980	année	1977	1	1039
1980.5	1981.5	1981 1977	année	1981	année	1977	1	1090
1981.5	1982.5	1982 1977	année	1982	année	1977	1	1141
1982.5	1983.5	1983 1977	année	1983	année	1977	1	1192
1983.5	1984.5	1984 1977	année	1984	année	1977	1	1243
1984.5	1985.5	1985 1977	année	1985	année	1977	1	1294
1985.5	1986.5	1986 1977	année	1986	année	1977	1	1345
1986.5	1987.5	1987 1977	année	1987	année	1977	1	1396
1987.5	1988.5	1988 1977	année	1988	année	1977	1	1447
1988.5	1989.5	1989 1977	année	1989	année	1977	1	1498
1989.5	1990.5	1990 1977	année	1990	année	1977	1	1549
1990.5	1991.5	1991 1977	année	1991	année	1977	1	1600
1991.5	1992.5	1992 1977	année	1992	année	1977	1	1651
1992.5	1993.5	1993 1977	année	1993	année	1977	1	1702
1993.5	1994.5	1994 1977	année	1994	année	1977	1	1753
1994.5	1995.5	1995 1977	année	1995	année	1977	1	1804
1995.5	1996.5	1996 1977	année	1996	année	1977	1	1855
1996.5	1997.5	1997 1977	année	1997	année	1977	1	1906
1997.5	1998.5	1998 1977	année	1998	année	1977	1	1957
1998.5	1999.5	1999 1977	année	1999	année	1977	1	2008
1999.5	2000.5	2000 1977	année	2000	année	1977	1	2059
2000.5	2001.5	2001 1977	année	2001	année	1977	1	2110
2001.5	2002.5	2002 1977	année	2002	année	1977	1	2161
2002.5	2003.5	2003 1977	année	2003	année	1977	1	2212
2003.5	2004.5	2004 1977	année	2004	année	1977	1	2263
2004.5	2005.5	2005 1977	année	2005	année	1977	1	2314
2005.5	2006.5	2006 1977	année	2006	année	1977	1	2365
2006.5	2007.5	2007 1977	année	2007	année	1977	1	2416
2007.5	2008.5	2008 1977	année	2008	année	1977	1	2467
2008.5	2009.5	2009 1977	année	2009	année	1977	1	2518
2009.5	2010.5	2010 1977	année	2010	année	1977	1	2569
2010.5	2011.5	2011 1977	année	2011	année	1977	1	2620
1959.5	1960.5	1960 1978	année	1960	année	1978	1	19
1960.5	1961.5	1961 1978	année	1961	année	1978	1	70
1961.5	1962.5	1962 1978	année	1962	année	1978	1	121
1962.5	1963.5	1963 1978	année	1963	année	1978	1	172
1963.5	1964.5	1964 1978	année	1964	année	1978	1	223
1964.5	1965.5	1965 1978	année	1965	année	1978	1	274
1965.5	1966.5	1966 1978	année	1966	année	1978	1	325
1966.5	1967.5	1967 1978	année	1967	année	1978	1	376
1967.5	1968.5	1968 1978	année	1968	année	1978	1	427
1968.5	1969.5	1969 1978	année	1969	année	1978	1	478
1969.5	1970.5	1970 1978	année	1970	année	1978	1	529
1970.5	1971.5	1971 1978	année	1971	année	1978	1	580
1971.5	1972.5	1972 1978	année	1972	année	1978	1	631
1972.5	1973.5	1973 1978	année	1973	année	1978	1	682
1973.5	1974.5	1974 1978	année	1974	année	1978	1	733
1974.5	1975.5	1975 1978	année	1975	année	1978	1	784
1975.5	1976.5	1976 1978	année	1976	année	1978	1	835
1976.5	1977.5	1977 1978	année	1977	année	1978	1	886
1977.5	1978.5	1	année	1978	année	1978	1	1
1978.5	1979.5	1979 1978	année	1979	année	1978	1	989
1979.5	1980.5	1980 1978	année	1980	année	1978	1	1040
1980.5	1981.5	1981 1978	année	1981	année	1978	1	1091
1981.5	1982.5	1982 1978	année	1982	année	1978	1	1142
1982.5	1983.5	1983 1978	année	1983	année	1978	1	1193
1983.5	1984.5	1984 1978	année	1984	année	1978	1	1244
1984.5	1985.5	1985 1978	année	1985	année	1978	1	1295
1985.5	1986.5	1986 1978	année	1986	année	1978	1	1346
1986.5	1987.5	1987 1978	année	1987	année	1978	1	1397
1987.5	1988.5	1988 1978	année	1988	année	1978	1	1448
1988.5	1989.5	1989 1978	année	1989	année	1978	1	1499
1989.5	1990.5	1990 1978	année	1990	année	1978	1	1550
1990.5	1991.5	1991 1978	année	1991	année	1978	1	1601
1991.5	1992.5	1992 1978	année	1992	année	1978	1	1652
1992.5	1993.5	1993 1978	année	1993	année	1978	1	1703
1993.5	1994.5	1994 1978	année	1994	année	1978	1	1754
1994.5	1995.5	1995 1978	année	1995	année	1978	1	1805
1995.5	1996.5	1996 1978	année	1996	année	1978	1	1856
1996.5	1997.5	1997 1978	année	1997	année	1978	1	1907
1997.5	1998.5	1998 1978	année	1998	année	1978	1	1958
1998.5	1999.5	1999 1978	année	1999	année	1978	1	2009
1999.5	2000.5	2000 1978	année	2000	année	1978	1	2060
2000.5	2001.5	2001 1978	année	2001	année	1978	1	2111
2001.5	2002.5	2002 1978	année	2002	année	1978	1	2162
2002.5	2003.5	2003 1978	année	2003	année	1978	1	2213
2003.5	2004.5	2004 1978	année	2004	année	1978	1	2264
2004.5	2005.5	2005 1978	année	2005	année	1978	1	2315
2005.5	2006.5	2006 1978	année	2006	année	1978	1	2366
2006.5	2007.5	2007 1978	année	2007	année	1978	1	2417
2007.5	2008.5	2008 1978	année	2008	année	1978	1	2468
2008.5	2009.5	2009 1978	année	2009	année	1978	1	2519
2009.5	2010.5	2010 1978	année	2010	année	1978	1	2570
2010.5	2011.5	2011 1978	année	2011	année	1978	1	2621
1959.5	1960.5	1960 1979	année	1960	année	1979	1	20
1960.5	1961.5	1961 1979	année	1961	année	1979	1	71
1961.5	1962.5	1962 1979	année	1962	année	1979	1	122
1962.5	1963.5	1963 1979	année	1963	année	1979	1	173
1963.5	1964.5	1964 1979	année	1964	année	1979	1	224
1964.5	1965.5	1965 1979	année	1965	année	1979	1	275
1965.5	1966.5	1966 1979	année	1966	année	1979	1	326
1966.5	1967.5	1967 1979	année	1967	année	1979	1	377
1967.5	1968.5	1968 1979	année	1968	année	1979	1	428
1968.5	1969.5	1969 1979	année	1969	année	1979	1	479
1969.5	1970.5	1970 1979	année	1970	année	1979	1	530
1970.5	1971.5	1971 1979	année	1971	année	1979	1	581
1971.5	1972.5	1972 1979	année	1972	année	1979	1	632
1972.5	1973.5	1973 1979	année	1973	année	1979	1	683
1973.5	1974.5	1974 1979	année	1974	année	1979	1	734
1974.5	1975.5	1975 1979	année	1975	année	1979	1	785
1975.5	1976.5	1976 1979	année	1976	année	1979	1	836
1976.5	1977.5	1977 1979	année	1977	année	1979	1	887
1977.5	1978.5	1978 1979	année	1978	année	1979	1	938
1978.5	1979.5	1	année	1979	année	1979	1	1
1979.5	1980.5	1980 1979	année	1980	année	1979	1	1041
1980.5	1981.5	1981 1979	année	1981	année	1979	1	1092
1981.5	1982.5	1982 1979	année	1982	année	1979	1	1143
1982.5	1983.5	1983 1979	année	1983	année	1979	1	1194
1983.5	1984.5	1984 1979	année	1984	année	1979	1	1245
1984.5	1985.5	1985 1979	année	1985	année	1979	1	1296
1985.5	1986.5	1986 1979	année	1986	année	1979	1	1347
1986.5	1987.5	1987 1979	année	1987	année	1979	1	1398
1987.5	1988.5	1988 1979	année	1988	année	1979	1	1449
1988.5	1989.5	1989 1979	année	1989	année	1979	1	1500
1989.5	1990.5	1990 1979	année	1990	année	1979	1	1551
1990.5	1991.5	1991 1979	année	1991	année	1979	1	1602
1991.5	1992.5	1992 1979	année	1992	année	1979	1	1653
1992.5	1993.5	1993 1979	année	1993	année	1979	1	1704
1993.5	1994.5	1994 1979	année	1994	année	1979	1	1755
1994.5	1995.5	1995 1979	année	1995	année	1979	1	1806
1995.5	1996.5	1996 1979	année	1996	année	1979	1	1857
1996.5	1997.5	1997 1979	année	1997	année	1979	1	1908
1997.5	1998.5	1998 1979	année	1998	année	1979	1	1959
1998.5	1999.5	1999 1979	année	1999	année	1979	1	2010
1999.5	2000.5	2000 1979	année	2000	année	1979	1	2061
2000.5	2001.5	2001 1979	année	2001	année	1979	1	2112
2001.5	2002.5	2002 1979	année	2002	année	1979	1	2163
2002.5	2003.5	2003 1979	année	2003	année	1979	1	2214
2003.5	2004.5	2004 1979	année	2004	année	1979	1	2265
2004.5	2005.5	2005 1979	année	2005	année	1979	1	2316
2005.5	2006.5	2006 1979	année	2006	année	1979	1	2367
2006.5	2007.5	2007 1979	année	2007	année	1979	1	2418
2007.5	2008.5	2008 1979	année	2008	année	1979	1	2469
2008.5	2009.5	2009 1979	année	2009	année	1979	1	2520
2009.5	2010.5	2010 1979	année	2010	année	1979	1	2571
2010.5	2011.5	2011 1979	année	2011	année	1979	1	2622
1959.5	1960.5	1960 1980	année	1960	année	1980	1	21
1960.5	1961.5	1961 1980	année	1961	année	1980	1	72
1961.5	1962.5	1962 1980	année	1962	année	1980	1	123
1962.5	1963.5	1963 1980	année	1963	année	1980	1	174
1963.5	1964.5	1964 1980	année	1964	année	1980	1	225
1964.5	1965.5	1965 1980	année	1965	année	1980	1	276
1965.5	1966.5	1966 1980	année	1966	année	1980	1	327
1966.5	1967.5	1967 1980	année	1967	année	1980	1	378
1967.5	1968.5	1968 1980	année	1968	année	1980	1	429
1968.5	1969.5	1969 1980	année	1969	année	1980	1	480
1969.5	1970.5	1970 1980	année	1970	année	1980	1	531
1970.5	1971.5	1971 1980	année	1971	année	1980	1	582
1971.5	1972.5	1972 1980	année	1972	année	1980	1	633
1972.5	1973.5	1973 1980	année	1973	année	1980	1	684
1973.5	1974.5	1974 1980	année	1974	année	1980	1	735
1974.5	1975.5	1975 1980	année	1975	année	1980	1	786
1975.5	1976.5	1976 1980	année	1976	année	1980	1	837
1976.5	1977.5	1977 1980	année	1977	année	1980	1	888
1977.5	1978.5	1978 1980	année	1978	année	1980	1	939
1978.5	1979.5	1979 1980	année	1979	année	1980	1	990
1979.5	1980.5	1	année	1980	année	1980	1	1
1980.5	1981.5	1981 1980	année	1981	année	1980	1	1093
1981.5	1982.5	1982 1980	année	1982	année	1980	1	1144
1982.5	1983.5	1983 1980	année	1983	année	1980	1	1195
1983.5	1984.5	1984 1980	année	1984	année	1980	1	1246
1984.5	1985.5	1985 1980	année	1985	année	1980	1	1297
1985.5	1986.5	1986 1980	année	1986	année	1980	1	1348
1986.5	1987.5	1987 1980	année	1987	année	1980	1	1399
1987.5	1988.5	1988 1980	année	1988	année	1980	1	1450
1988.5	1989.5	1989 1980	année	1989	année	1980	1	1501
1989.5	1990.5	1990 1980	année	1990	année	1980	1	1552
1990.5	1991.5	1991 1980	année	1991	année	1980	1	1603
1991.5	1992.5	1992 1980	année	1992	année	1980	1	1654
1992.5	1993.5	1993 1980	année	1993	année	1980	1	1705
1993.5	1994.5	1994 1980	année	1994	année	1980	1	1756
1994.5	1995.5	1995 1980	année	1995	année	1980	1	1807
1995.5	1996.5	1996 1980	année	1996	année	1980	1	1858
1996.5	1997.5	1997 1980	année	1997	année	1980	1	1909
1997.5	1998.5	1998 1980	année	1998	année	1980	1	1960
1998.5	1999.5	1999 1980	année	1999	année	1980	1	2011
1999.5	2000.5	2000 1980	année	2000	année	1980	1	2062
2000.5	2001.5	2001 1980	année	2001	année	1980	1	2113
2001.5	2002.5	2002 1980	année	2002	année	1980	1	2164
2002.5	2003.5	2003 1980	année	2003	année	1980	1	2215
2003.5	2004.5	2004 1980	année	2004	année	1980	1	2266
2004.5	2005.5	2005 1980	année	2005	année	1980	1	2317
2005.5	2006.5	2006 1980	année	2006	année	1980	1	2368
2006.5	2007.5	2007 1980	année	2007	année	1980	1	2419
2007.5	2008.5	2008 1980	année	2008	année	1980	1	2470
2008.5	2009.5	2009 1980	année	2009	année	1980	1	2521
2009.5	2010.5	2010 1980	année	2010	année	1980	1	2572
2010.5	2011.5	2011 1980	année	2011	année	1980	1	2623
1959.5	1960.5	1960 1981	année	1960	année	1981	1	22
1960.5	1961.5	1961 1981	année	1961	année	1981	1	73
1961.5	1962.5	1962 1981	année	1962	année	1981	1	124
1962.5	1963.5	1963 1981	année	1963	année	1981	1	175
1963.5	1964.5	1964 1981	année	1964	année	1981	1	226
1964.5	1965.5	1965 1981	année	1965	année	1981	1	277
1965.5	1966.5	1966 1981	année	1966	année	1981	1	328
1966.5	1967.5	1967 1981	année	1967	année	1981	1	379
1967.5	1968.5	1968 1981	année	1968	année	1981	1	430
1968.5	1969.5	1969 1981	année	1969	année	1981	1	481
1969.5	1970.5	1970 1981	année	1970	année	1981	1	532
1970.5	1971.5	1971 1981	année	1971	année	1981	1	583
1971.5	1972.5	1972 1981	année	1972	année	1981	1	634
1972.5	1973.5	1973 1981	année	1973	année	1981	1	685
1973.5	1974.5	1974 1981	année	1974	année	1981	1	736
1974.5	1975.5	1975 1981	année	1975	année	1981	1	787
1975.5	1976.5	1976 1981	année	1976	année	1981	1	838
1976.5	1977.5	1977 1981	année	1977	année	1981	1	889
1977.5	1978.5	1978 1981	année	1978	année	1981	1	940
1978.5	1979.5	1979 1981	année	1979	année	1981	1	991
1979.5	1980.5	1980 1981	année	1980	année	1981	1	1042
1980.5	1981.5	1	année	1981	année	1981	1	1
1981.5	1982.5	1982 1981	année	1982	année	1981	1	1145
1982.5	1983.5	1983 1981	année	1983	année	1981	1	1196
1983.5	1984.5	1984 1981	année	1984	année	1981	1	1247
1984.5	1985.5	1985 1981	année	1985	année	1981	1	1298
1985.5	1986.5	1986 1981	année	1986	année	1981	1	1349
1986.5	1987.5	1987 1981	année	1987	année	1981	1	1400
1987.5	1988.5	1988 1981	année	1988	année	1981	1	1451
1988.5	1989.5	1989 1981	année	1989	année	1981	1	1502
1989.5	1990.5	1990 1981	année	1990	année	1981	1	1553
1990.5	1991.5	1991 1981	année	1991	année	1981	1	1604
1991.5	1992.5	1992 1981	année	1992	année	1981	1	1655
1992.5	1993.5	1993 1981	année	1993	année	1981	1	1706
1993.5	1994.5	1994 1981	année	1994	année	1981	1	1757
1994.5	1995.5	1995 1981	année	1995	année	1981	1	1808
1995.5	1996.5	1996 1981	année	1996	année	1981	1	1859
1996.5	1997.5	1997 1981	année	1997	année	1981	1	1910
1997.5	1998.5	1998 1981	année	1998	année	1981	1	1961
1998.5	1999.5	1999 1981	année	1999	année	1981	1	2012
1999.5	2000.5	2000 1981	année	2000	année	1981	1	2063
2000.5	2001.5	2001 1981	année	2001	année	1981	1	2114
2001.5	2002.5	2002 1981	année	2002	année	1981	1	2165
2002.5	2003.5	2003 1981	année	2003	année	1981	1	2216
2003.5	2004.5	2004 1981	année	2004	année	1981	1	2267
2004.5	2005.5	2005 1981	année	2005	année	1981	1	2318
2005.5	2006.5	2006 1981	année	2006	année	1981	1	2369
2006.5	2007.5	2007 1981	année	2007	année	1981	1	2420
2007.5	2008.5	2008 1981	année	2008	année	1981	1	2471
2008.5	2009.5	2009 1981	année	2009	année	1981	1	2522
2009.5	2010.5	2010 1981	année	2010	année	1981	1	2573
2010.5	2011.5	2011 1981	année	2011	année	1981	1	2624
1959.5	1960.5	1960 1982	année	1960	année	1982	1	23
1960.5	1961.5	1961 1982	année	1961	année	1982	1	74
1961.5	1962.5	1962 1982	année	1962	année	1982	1	125
1962.5	1963.5	1963 1982	année	1963	année	1982	1	176
1963.5	1964.5	1964 1982	année	1964	année	1982	1	227
1964.5	1965.5	1965 1982	année	1965	année	1982	1	278
1965.5	1966.5	1966 1982	année	1966	année	1982	1	329
1966.5	1967.5	1967 1982	année	1967	année	1982	1	380
1967.5	1968.5	1968 1982	année	1968	année	1982	1	431
1968.5	1969.5	1969 1982	année	1969	année	1982	1	482
1969.5	1970.5	1970 1982	année	1970	année	1982	1	533
1970.5	1971.5	1971 1982	année	1971	année	1982	1	584
1971.5	1972.5	1972 1982	année	1972	année	1982	1	635
1972.5	1973.5	1973 1982	année	1973	année	1982	1	686
1973.5	1974.5	1974 1982	année	1974	année	1982	1	737
1974.5	1975.5	1975 1982	année	1975	année	1982	1	788
1975.5	1976.5	1976 1982	année	1976	année	1982	1	839
1976.5	1977.5	1977 1982	année	1977	année	1982	1	890
1977.5	1978.5	1978 1982	année	1978	année	1982	1	941
1978.5	1979.5	1979 1982	année	1979	année	1982	1	992
1979.5	1980.5	1980 1982	année	1980	année	1982	1	1043
1980.5	1981.5	1981 1982	année	1981	année	1982	1	1094
1981.5	1982.5	1	année	1982	année	1982	1	1
1982.5	1983.5	1983 1982	année	1983	année	1982	1	1197
1983.5	1984.5	1984 1982	année	1984	année	1982	1	1248
1984.5	1985.5	1985 1982	année	1985	année	1982	1	1299
1985.5	1986.5	1986 1982	année	1986	année	1982	1	1350
1986.5	1987.5	1987 1982	année	1987	année	1982	1	1401
1987.5	1988.5	1988 1982	année	1988	année	1982	1	1452
1988.5	1989.5	1989 1982	année	1989	année	1982	1	1503
1989.5	1990.5	1990 1982	année	1990	année	1982	1	1554
1990.5	1991.5	1991 1982	année	1991	année	1982	1	1605
1991.5	1992.5	1992 1982	année	1992	année	1982	1	1656
1992.5	1993.5	1993 1982	année	1993	année	1982	1	1707
1993.5	1994.5	1994 1982	année	1994	année	1982	1	1758
1994.5	1995.5	1995 1982	année	1995	année	1982	1	1809
1995.5	1996.5	1996 1982	année	1996	année	1982	1	1860
1996.5	1997.5	1997 1982	année	1997	année	1982	1	1911
1997.5	1998.5	1998 1982	année	1998	année	1982	1	1962
1998.5	1999.5	1999 1982	année	1999	année	1982	1	2013
1999.5	2000.5	2000 1982	année	2000	année	1982	1	2064
2000.5	2001.5	2001 1982	année	2001	année	1982	1	2115
2001.5	2002.5	2002 1982	année	2002	année	1982	1	2166
2002.5	2003.5	2003 1982	année	2003	année	1982	1	2217
2003.5	2004.5	2004 1982	année	2004	année	1982	1	2268
2004.5	2005.5	2005 1982	année	2005	année	1982	1	2319
2005.5	2006.5	2006 1982	année	2006	année	1982	1	2370
2006.5	2007.5	2007 1982	année	2007	année	1982	1	2421
2007.5	2008.5	2008 1982	année	2008	année	1982	1	2472
2008.5	2009.5	2009 1982	année	2009	année	1982	1	2523
2009.5	2010.5	2010 1982	année	2010	année	1982	1	2574
2010.5	2011.5	2011 1982	année	2011	année	1982	1	2625
1959.5	1960.5	1960 1983	année	1960	année	1983	1	24
1960.5	1961.5	1961 1983	année	1961	année	1983	1	75
1961.5	1962.5	1962 1983	année	1962	année	1983	1	126
1962.5	1963.5	1963 1983	année	1963	année	1983	1	177
1963.5	1964.5	1964 1983	année	1964	année	1983	1	228
1964.5	1965.5	1965 1983	année	1965	année	1983	1	279
1965.5	1966.5	1966 1983	année	1966	année	1983	1	330
1966.5	1967.5	1967 1983	année	1967	année	1983	1	381
1967.5	1968.5	1968 1983	année	1968	année	1983	1	432
1968.5	1969.5	1969 1983	année	1969	année	1983	1	483
1969.5	1970.5	1970 1983	année	1970	année	1983	1	534
1970.5	1971.5	1971 1983	année	1971	année	1983	1	585
1971.5	1972.5	1972 1983	année	1972	année	1983	1	636
1972.5	1973.5	1973 1983	année	1973	année	1983	1	687
1973.5	1974.5	1974 1983	année	1974	année	1983	1	738
1974.5	1975.5	1975 1983	année	1975	année	1983	1	789
1975.5	1976.5	1976 1983	année	1976	année	1983	1	840
1976.5	1977.5	1977 1983	année	1977	année	1983	1	891
1977.5	1978.5	1978 1983	année	1978	année	1983	1	942
1978.5	1979.5	1979 1983	année	1979	année	1983	1	993
1979.5	1980.5	1980 1983	année	1980	année	1983	1	1044
1980.5	1981.5	1981 1983	année	1981	année	1983	1	1095
1981.5	1982.5	1982 1983	année	1982	année	1983	1	1146
1982.5	1983.5	1	année	1983	année	1983	1	1
1983.5	1984.5	1984 1983	année	1984	année	1983	1	1249
1984.5	1985.5	1985 1983	année	1985	année	1983	1	1300
1985.5	1986.5	1986 1983	année	1986	année	1983	1	1351
1986.5	1987.5	1987 1983	année	1987	année	1983	1	1402
1987.5	1988.5	1988 1983	année	1988	année	1983	1	1453
1988.5	1989.5	1989 1983	année	1989	année	1983	1	1504
1989.5	1990.5	1990 1983	année	1990	année	1983	1	1555
1990.5	1991.5	1991 1983	année	1991	année	1983	1	1606
1991.5	1992.5	1992 1983	année	1992	année	1983	1	1657
1992.5	1993.5	1993 1983	année	1993	année	1983	1	1708
1993.5	1994.5	1994 1983	année	1994	année	1983	1	1759
1994.5	1995.5	1995 1983	année	1995	année	1983	1	1810
1995.5	1996.5	1996 1983	année	1996	année	1983	1	1861
1996.5	1997.5	1997 1983	année	1997	année	1983	1	1912
1997.5	1998.5	1998 1983	année	1998	année	1983	1	1963
1998.5	1999.5	1999 1983	année	1999	année	1983	1	2014
1999.5	2000.5	2000 1983	année	2000	année	1983	1	2065
2000.5	2001.5	2001 1983	année	2001	année	1983	1	2116
2001.5	2002.5	2002 1983	année	2002	année	1983	1	2167
2002.5	2003.5	2003 1983	année	2003	année	1983	1	2218
2003.5	2004.5	2004 1983	année	2004	année	1983	1	2269
2004.5	2005.5	2005 1983	année	2005	année	1983	1	2320
2005.5	2006.5	2006 1983	année	2006	année	1983	1	2371
2006.5	2007.5	2007 1983	année	2007	année	1983	1	2422
2007.5	2008.5	2008 1983	année	2008	année	1983	1	2473
2008.5	2009.5	2009 1983	année	2009	année	1983	1	2524
2009.5	2010.5	2010 1983	année	2010	année	1983	1	2575
2010.5	2011.5	2011 1983	année	2011	année	1983	1	2626
1959.5	1960.5	1960 1984	année	1960	année	1984	1	25
1960.5	1961.5	1961 1984	année	1961	année	1984	1	76
1961.5	1962.5	1962 1984	année	1962	année	1984	1	127
1962.5	1963.5	1963 1984	année	1963	année	1984	1	178
1963.5	1964.5	1964 1984	année	1964	année	1984	1	229
1964.5	1965.5	1965 1984	année	1965	année	1984	1	280
1965.5	1966.5	1966 1984	année	1966	année	1984	1	331
1966.5	1967.5	1967 1984	année	1967	année	1984	1	382
1967.5	1968.5	1968 1984	année	1968	année	1984	1	433
1968.5	1969.5	1969 1984	année	1969	année	1984	1	484
1969.5	1970.5	1970 1984	année	1970	année	1984	1	535
1970.5	1971.5	1971 1984	année	1971	année	1984	1	586
1971.5	1972.5	1972 1984	année	1972	année	1984	1	637
1972.5	1973.5	1973 1984	année	1973	année	1984	1	688
1973.5	1974.5	1974 1984	année	1974	année	1984	1	739
1974.5	1975.5	1975 1984	année	1975	année	1984	1	790
1975.5	1976.5	1976 1984	année	1976	année	1984	1	841
1976.5	1977.5	1977 1984	année	1977	année	1984	1	892
1977.5	1978.5	1978 1984	année	1978	année	1984	1	943
1978.5	1979.5	1979 1984	année	1979	année	1984	1	994
1979.5	1980.5	1980 1984	année	1980	année	1984	1	1045
1980.5	1981.5	1981 1984	année	1981	année	1984	1	1096
1981.5	1982.5	1982 1984	année	1982	année	1984	1	1147
1982.5	1983.5	1983 1984	année	1983	année	1984	1	1198
1983.5	1984.5	1	année	1984	année	1984	1	1
1984.5	1985.5	1985 1984	année	1985	année	1984	1	1301
1985.5	1986.5	1986 1984	année	1986	année	1984	1	1352
1986.5	1987.5	1987 1984	année	1987	année	1984	1	1403
1987.5	1988.5	1988 1984	année	1988	année	1984	1	1454
1988.5	1989.5	1989 1984	année	1989	année	1984	1	1505
1989.5	1990.5	1990 1984	année	1990	année	1984	1	1556
1990.5	1991.5	1991 1984	année	1991	année	1984	1	1607
1991.5	1992.5	1992 1984	année	1992	année	1984	1	1658
1992.5	1993.5	1993 1984	année	1993	année	1984	1	1709
1993.5	1994.5	1994 1984	année	1994	année	1984	1	1760
1994.5	1995.5	1995 1984	année	1995	année	1984	1	1811
1995.5	1996.5	1996 1984	année	1996	année	1984	1	1862
1996.5	1997.5	1997 1984	année	1997	année	1984	1	1913
1997.5	1998.5	1998 1984	année	1998	année	1984	1	1964
1998.5	1999.5	1999 1984	année	1999	année	1984	1	2015
1999.5	2000.5	2000 1984	année	2000	année	1984	1	2066
2000.5	2001.5	2001 1984	année	2001	année	1984	1	2117
2001.5	2002.5	2002 1984	année	2002	année	1984	1	2168
2002.5	2003.5	2003 1984	année	2003	année	1984	1	2219
2003.5	2004.5	2004 1984	année	2004	année	1984	1	2270
2004.5	2005.5	2005 1984	année	2005	année	1984	1	2321
2005.5	2006.5	2006 1984	année	2006	année	1984	1	2372
2006.5	2007.5	2007 1984	année	2007	année	1984	1	2423
2007.5	2008.5	2008 1984	année	2008	année	1984	1	2474
2008.5	2009.5	2009 1984	année	2009	année	1984	1	2525
2009.5	2010.5	2010 1984	année	2010	année	1984	1	2576
2010.5	2011.5	2011 1984	année	2011	année	1984	1	2627
1959.5	1960.5	1960 1985	année	1960	année	1985	1	26
1960.5	1961.5	1961 1985	année	1961	année	1985	1	77
1961.5	1962.5	1962 1985	année	1962	année	1985	1	128
1962.5	1963.5	1963 1985	année	1963	année	1985	1	179
1963.5	1964.5	1964 1985	année	1964	année	1985	1	230
1964.5	1965.5	1965 1985	année	1965	année	1985	1	281
1965.5	1966.5	1966 1985	année	1966	année	1985	1	332
1966.5	1967.5	1967 1985	année	1967	année	1985	1	383
1967.5	1968.5	1968 1985	année	1968	année	1985	1	434
1968.5	1969.5	1969 1985	année	1969	année	1985	1	485
1969.5	1970.5	1970 1985	année	1970	année	1985	1	536
1970.5	1971.5	1971 1985	année	1971	année	1985	1	587
1971.5	1972.5	1972 1985	année	1972	année	1985	1	638
1972.5	1973.5	1973 1985	année	1973	année	1985	1	689
1973.5	1974.5	1974 1985	année	1974	année	1985	1	740
1974.5	1975.5	1975 1985	année	1975	année	1985	1	791
1975.5	1976.5	1976 1985	année	1976	année	1985	1	842
1976.5	1977.5	1977 1985	année	1977	année	1985	1	893
1977.5	1978.5	1978 1985	année	1978	année	1985	1	944
1978.5	1979.5	1979 1985	année	1979	année	1985	1	995
1979.5	1980.5	1980 1985	année	1980	année	1985	1	1046
1980.5	1981.5	1981 1985	année	1981	année	1985	1	1097
1981.5	1982.5	1982 1985	année	1982	année	1985	1	1148
1982.5	1983.5	1983 1985	année	1983	année	1985	1	1199
1983.5	1984.5	1984 1985	année	1984	année	1985	1	1250
1984.5	1985.5	1	année	1985	année	1985	1	1
1985.5	1986.5	1986 1985	année	1986	année	1985	1	1353
1986.5	1987.5	1987 1985	année	1987	année	1985	1	1404
1987.5	1988.5	1988 1985	année	1988	année	1985	1	1455
1988.5	1989.5	1989 1985	année	1989	année	1985	1	1506
1989.5	1990.5	1990 1985	année	1990	année	1985	1	1557
1990.5	1991.5	1991 1985	année	1991	année	1985	1	1608
1991.5	1992.5	1992 1985	année	1992	année	1985	1	1659
1992.5	1993.5	1993 1985	année	1993	année	1985	1	1710
1993.5	1994.5	1994 1985	année	1994	année	1985	1	1761
1994.5	1995.5	1995 1985	année	1995	année	1985	1	1812
1995.5	1996.5	1996 1985	année	1996	année	1985	1	1863
1996.5	1997.5	1997 1985	année	1997	année	1985	1	1914
1997.5	1998.5	1998 1985	année	1998	année	1985	1	1965
1998.5	1999.5	1999 1985	année	1999	année	1985	1	2016
1999.5	2000.5	2000 1985	année	2000	année	1985	1	2067
2000.5	2001.5	2001 1985	année	2001	année	1985	1	2118
2001.5	2002.5	2002 1985	année	2002	année	1985	1	2169
2002.5	2003.5	2003 1985	année	2003	année	1985	1	2220
2003.5	2004.5	2004 1985	année	2004	année	1985	1	2271
2004.5	2005.5	2005 1985	année	2005	année	1985	1	2322
2005.5	2006.5	2006 1985	année	2006	année	1985	1	2373
2006.5	2007.5	2007 1985	année	2007	année	1985	1	2424
2007.5	2008.5	2008 1985	année	2008	année	1985	1	2475
2008.5	2009.5	2009 1985	année	2009	année	1985	1	2526
2009.5	2010.5	2010 1985	année	2010	année	1985	1	2577
2010.5	2011.5	2011 1985	année	2011	année	1985	1	2628
1959.5	1960.5	1960 1986	année	1960	année	1986	1	27
1960.5	1961.5	1961 1986	année	1961	année	1986	1	78
1961.5	1962.5	1962 1986	année	1962	année	1986	1	129
1962.5	1963.5	1963 1986	année	1963	année	1986	1	180
1963.5	1964.5	1964 1986	année	1964	année	1986	1	231
1964.5	1965.5	1965 1986	année	1965	année	1986	1	282
1965.5	1966.5	1966 1986	année	1966	année	1986	1	333
1966.5	1967.5	1967 1986	année	1967	année	1986	1	384
1967.5	1968.5	1968 1986	année	1968	année	1986	1	435
1968.5	1969.5	1969 1986	année	1969	année	1986	1	486
1969.5	1970.5	1970 1986	année	1970	année	1986	1	537
1970.5	1971.5	1971 1986	année	1971	année	1986	1	588
1971.5	1972.5	1972 1986	année	1972	année	1986	1	639
1972.5	1973.5	1973 1986	année	1973	année	1986	1	690
1973.5	1974.5	1974 1986	année	1974	année	1986	1	741
1974.5	1975.5	1975 1986	année	1975	année	1986	1	792
1975.5	1976.5	1976 1986	année	1976	année	1986	1	843
1976.5	1977.5	1977 1986	année	1977	année	1986	1	894
1977.5	1978.5	1978 1986	année	1978	année	1986	1	945
1978.5	1979.5	1979 1986	année	1979	année	1986	1	996
1979.5	1980.5	1980 1986	année	1980	année	1986	1	1047
1980.5	1981.5	1981 1986	année	1981	année	1986	1	1098
1981.5	1982.5	1982 1986	année	1982	année	1986	1	1149
1982.5	1983.5	1983 1986	année	1983	année	1986	1	1200
1983.5	1984.5	1984 1986	année	1984	année	1986	1	1251
1984.5	1985.5	1985 1986	année	1985	année	1986	1	1302
1985.5	1986.5	1	année	1986	année	1986	1	1
1986.5	1987.5	1987 1986	année	1987	année	1986	1	1405
1987.5	1988.5	1988 1986	année	1988	année	1986	1	1456
1988.5	1989.5	1989 1986	année	1989	année	1986	1	1507
1989.5	1990.5	1990 1986	année	1990	année	1986	1	1558
1990.5	1991.5	1991 1986	année	1991	année	1986	1	1609
1991.5	1992.5	1992 1986	année	1992	année	1986	1	1660
1992.5	1993.5	1993 1986	année	1993	année	1986	1	1711
1993.5	1994.5	1994 1986	année	1994	année	1986	1	1762
1994.5	1995.5	1995 1986	année	1995	année	1986	1	1813
1995.5	1996.5	1996 1986	année	1996	année	1986	1	1864
1996.5	1997.5	1997 1986	année	1997	année	1986	1	1915
1997.5	1998.5	1998 1986	année	1998	année	1986	1	1966
1998.5	1999.5	1999 1986	année	1999	année	1986	1	2017
1999.5	2000.5	2000 1986	année	2000	année	1986	1	2068
2000.5	2001.5	2001 1986	année	2001	année	1986	1	2119
2001.5	2002.5	2002 1986	année	2002	année	1986	1	2170
2002.5	2003.5	2003 1986	année	2003	année	1986	1	2221
2003.5	2004.5	2004 1986	année	2004	année	1986	1	2272
2004.5	2005.5	2005 1986	année	2005	année	1986	1	2323
2005.5	2006.5	2006 1986	année	2006	année	1986	1	2374
2006.5	2007.5	2007 1986	année	2007	année	1986	1	2425
2007.5	2008.5	2008 1986	année	2008	année	1986	1	2476
2008.5	2009.5	2009 1986	année	2009	année	1986	1	2527
2009.5	2010.5	2010 1986	année	2010	année	1986	1	2578
2010.5	2011.5	2011 1986	année	2011	année	1986	1	2629
1959.5	1960.5	1960 1987	année	1960	année	1987	1	28
1960.5	1961.5	1961 1987	année	1961	année	1987	1	79
1961.5	1962.5	1962 1987	année	1962	année	1987	1	130
1962.5	1963.5	1963 1987	année	1963	année	1987	1	181
1963.5	1964.5	1964 1987	année	1964	année	1987	1	232
1964.5	1965.5	1965 1987	année	1965	année	1987	1	283
1965.5	1966.5	1966 1987	année	1966	année	1987	1	334
1966.5	1967.5	1967 1987	année	1967	année	1987	1	385
1967.5	1968.5	1968 1987	année	1968	année	1987	1	436
1968.5	1969.5	1969 1987	année	1969	année	1987	1	487
1969.5	1970.5	1970 1987	année	1970	année	1987	1	538
1970.5	1971.5	1971 1987	année	1971	année	1987	1	589
1971.5	1972.5	1972 1987	année	1972	année	1987	1	640
1972.5	1973.5	1973 1987	année	1973	année	1987	1	691
1973.5	1974.5	1974 1987	année	1974	année	1987	1	742
1974.5	1975.5	1975 1987	année	1975	année	1987	1	793
1975.5	1976.5	1976 1987	année	1976	année	1987	1	844
1976.5	1977.5	1977 1987	année	1977	année	1987	1	895
1977.5	1978.5	1978 1987	année	1978	année	1987	1	946
1978.5	1979.5	1979 1987	année	1979	année	1987	1	997
1979.5	1980.5	1980 1987	année	1980	année	1987	1	1048
1980.5	1981.5	1981 1987	année	1981	année	1987	1	1099
1981.5	1982.5	1982 1987	année	1982	année	1987	1	1150
1982.5	1983.5	1983 1987	année	1983	année	1987	1	1201
1983.5	1984.5	1984 1987	année	1984	année	1987	1	1252
1984.5	1985.5	1985 1987	année	1985	année	1987	1	1303
1985.5	1986.5	1986 1987	année	1986	année	1987	1	1354
1986.5	1987.5	1	année	1987	année	1987	1	1
1987.5	1988.5	1988 1987	année	1988	année	1987	1	1457
1988.5	1989.5	1989 1987	année	1989	année	1987	1	1508
1989.5	1990.5	1990 1987	année	1990	année	1987	1	1559
1990.5	1991.5	1991 1987	année	1991	année	1987	1	1610
1991.5	1992.5	1992 1987	année	1992	année	1987	1	1661
1992.5	1993.5	1993 1987	année	1993	année	1987	1	1712
1993.5	1994.5	1994 1987	année	1994	année	1987	1	1763
1994.5	1995.5	1995 1987	année	1995	année	1987	1	1814
1995.5	1996.5	1996 1987	année	1996	année	1987	1	1865
1996.5	1997.5	1997 1987	année	1997	année	1987	1	1916
1997.5	1998.5	1998 1987	année	1998	année	1987	1	1967
1998.5	1999.5	1999 1987	année	1999	année	1987	1	2018
1999.5	2000.5	2000 1987	année	2000	année	1987	1	2069
2000.5	2001.5	2001 1987	année	2001	année	1987	1	2120
2001.5	2002.5	2002 1987	année	2002	année	1987	1	2171
2002.5	2003.5	2003 1987	année	2003	année	1987	1	2222
2003.5	2004.5	2004 1987	année	2004	année	1987	1	2273
2004.5	2005.5	2005 1987	année	2005	année	1987	1	2324
2005.5	2006.5	2006 1987	année	2006	année	1987	1	2375
2006.5	2007.5	2007 1987	année	2007	année	1987	1	2426
2007.5	2008.5	2008 1987	année	2008	année	1987	1	2477
2008.5	2009.5	2009 1987	année	2009	année	1987	1	2528
2009.5	2010.5	2010 1987	année	2010	année	1987	1	2579
2010.5	2011.5	2011 1987	année	2011	année	1987	1	2630
1959.5	1960.5	1960 1988	année	1960	année	1988	1	29
1960.5	1961.5	1961 1988	année	1961	année	1988	1	80
1961.5	1962.5	1962 1988	année	1962	année	1988	1	131
1962.5	1963.5	1963 1988	année	1963	année	1988	1	182
1963.5	1964.5	1964 1988	année	1964	année	1988	1	233
1964.5	1965.5	1965 1988	année	1965	année	1988	1	284
1965.5	1966.5	1966 1988	année	1966	année	1988	1	335
1966.5	1967.5	1967 1988	année	1967	année	1988	1	386
1967.5	1968.5	1968 1988	année	1968	année	1988	1	437
1968.5	1969.5	1969 1988	année	1969	année	1988	1	488
1969.5	1970.5	1970 1988	année	1970	année	1988	1	539
1970.5	1971.5	1971 1988	année	1971	année	1988	1	590
1971.5	1972.5	1972 1988	année	1972	année	1988	1	641
1972.5	1973.5	1973 1988	année	1973	année	1988	1	692
1973.5	1974.5	1974 1988	année	1974	année	1988	1	743
1974.5	1975.5	1975 1988	année	1975	année	1988	1	794
1975.5	1976.5	1976 1988	année	1976	année	1988	1	845
1976.5	1977.5	1977 1988	année	1977	année	1988	1	896
1977.5	1978.5	1978 1988	année	1978	année	1988	1	947
1978.5	1979.5	1979 1988	année	1979	année	1988	1	998
1979.5	1980.5	1980 1988	année	1980	année	1988	1	1049
1980.5	1981.5	1981 1988	année	1981	année	1988	1	1100
1981.5	1982.5	1982 1988	année	1982	année	1988	1	1151
1982.5	1983.5	1983 1988	année	1983	année	1988	1	1202
1983.5	1984.5	1984 1988	année	1984	année	1988	1	1253
1984.5	1985.5	1985 1988	année	1985	année	1988	1	1304
1985.5	1986.5	1986 1988	année	1986	année	1988	1	1355
1986.5	1987.5	1987 1988	année	1987	année	1988	1	1406
1987.5	1988.5	1	année	1988	année	1988	1	1
1988.5	1989.5	1989 1988	année	1989	année	1988	1	1509
1989.5	1990.5	1990 1988	année	1990	année	1988	1	1560
1990.5	1991.5	1991 1988	année	1991	année	1988	1	1611
1991.5	1992.5	1992 1988	année	1992	année	1988	1	1662
1992.5	1993.5	1993 1988	année	1993	année	1988	1	1713
1993.5	1994.5	1994 1988	année	1994	année	1988	1	1764
1994.5	1995.5	1995 1988	année	1995	année	1988	1	1815
1995.5	1996.5	1996 1988	année	1996	année	1988	1	1866
1996.5	1997.5	1997 1988	année	1997	année	1988	1	1917
1997.5	1998.5	1998 1988	année	1998	année	1988	1	1968
1998.5	1999.5	1999 1988	année	1999	année	1988	1	2019
1999.5	2000.5	2000 1988	année	2000	année	1988	1	2070
2000.5	2001.5	2001 1988	année	2001	année	1988	1	2121
2001.5	2002.5	2002 1988	année	2002	année	1988	1	2172
2002.5	2003.5	2003 1988	année	2003	année	1988	1	2223
2003.5	2004.5	2004 1988	année	2004	année	1988	1	2274
2004.5	2005.5	2005 1988	année	2005	année	1988	1	2325
2005.5	2006.5	2006 1988	année	2006	année	1988	1	2376
2006.5	2007.5	2007 1988	année	2007	année	1988	1	2427
2007.5	2008.5	2008 1988	année	2008	année	1988	1	2478
2008.5	2009.5	2009 1988	année	2009	année	1988	1	2529
2009.5	2010.5	2010 1988	année	2010	année	1988	1	2580
2010.5	2011.5	2011 1988	année	2011	année	1988	1	2631
1959.5	1960.5	1960 1989	année	1960	année	1989	1	30
1960.5	1961.5	1961 1989	année	1961	année	1989	1	81
1961.5	1962.5	1962 1989	année	1962	année	1989	1	132
1962.5	1963.5	1963 1989	année	1963	année	1989	1	183
1963.5	1964.5	1964 1989	année	1964	année	1989	1	234
1964.5	1965.5	1965 1989	année	1965	année	1989	1	285
1965.5	1966.5	1966 1989	année	1966	année	1989	1	336
1966.5	1967.5	1967 1989	année	1967	année	1989	1	387
1967.5	1968.5	1968 1989	année	1968	année	1989	1	438
1968.5	1969.5	1969 1989	année	1969	année	1989	1	489
1969.5	1970.5	1970 1989	année	1970	année	1989	1	540
1970.5	1971.5	1971 1989	année	1971	année	1989	1	591
1971.5	1972.5	1972 1989	année	1972	année	1989	1	642
1972.5	1973.5	1973 1989	année	1973	année	1989	1	693
1973.5	1974.5	1974 1989	année	1974	année	1989	1	744
1974.5	1975.5	1975 1989	année	1975	année	1989	1	795
1975.5	1976.5	1976 1989	année	1976	année	1989	1	846
1976.5	1977.5	1977 1989	année	1977	année	1989	1	897
1977.5	1978.5	1978 1989	année	1978	année	1989	1	948
1978.5	1979.5	1979 1989	année	1979	année	1989	1	999
1979.5	1980.5	1980 1989	année	1980	année	1989	1	1050
1980.5	1981.5	1981 1989	année	1981	année	1989	1	1101
1981.5	1982.5	1982 1989	année	1982	année	1989	1	1152
1982.5	1983.5	1983 1989	année	1983	année	1989	1	1203
1983.5	1984.5	1984 1989	année	1984	année	1989	1	1254
1984.5	1985.5	1985 1989	année	1985	année	1989	1	1305
1985.5	1986.5	1986 1989	année	1986	année	1989	1	1356
1986.5	1987.5	1987 1989	année	1987	année	1989	1	1407
1987.5	1988.5	1988 1989	année	1988	année	1989	1	1458
1988.5	1989.5	1	année	1989	année	1989	1	1
1989.5	1990.5	1990 1989	année	1990	année	1989	1	1561
1990.5	1991.5	1991 1989	année	1991	année	1989	1	1612
1991.5	1992.5	1992 1989	année	1992	année	1989	1	1663
1992.5	1993.5	1993 1989	année	1993	année	1989	1	1714
1993.5	1994.5	1994 1989	année	1994	année	1989	1	1765
1994.5	1995.5	1995 1989	année	1995	année	1989	1	1816
1995.5	1996.5	1996 1989	année	1996	année	1989	1	1867
1996.5	1997.5	1997 1989	année	1997	année	1989	1	1918
1997.5	1998.5	1998 1989	année	1998	année	1989	1	1969
1998.5	1999.5	1999 1989	année	1999	année	1989	1	2020
1999.5	2000.5	2000 1989	année	2000	année	1989	1	2071
2000.5	2001.5	2001 1989	année	2001	année	1989	1	2122
2001.5	2002.5	2002 1989	année	2002	année	1989	1	2173
2002.5	2003.5	2003 1989	année	2003	année	1989	1	2224
2003.5	2004.5	2004 1989	année	2004	année	1989	1	2275
2004.5	2005.5	2005 1989	année	2005	année	1989	1	2326
2005.5	2006.5	2006 1989	année	2006	année	1989	1	2377
2006.5	2007.5	2007 1989	année	2007	année	1989	1	2428
2007.5	2008.5	2008 1989	année	2008	année	1989	1	2479
2008.5	2009.5	2009 1989	année	2009	année	1989	1	2530
2009.5	2010.5	2010 1989	année	2010	année	1989	1	2581
2010.5	2011.5	2011 1989	année	2011	année	1989	1	2632
1959.5	1960.5	1960 1990	année	1960	année	1990	1	31
1960.5	1961.5	1961 1990	année	1961	année	1990	1	82
1961.5	1962.5	1962 1990	année	1962	année	1990	1	133
1962.5	1963.5	1963 1990	année	1963	année	1990	1	184
1963.5	1964.5	1964 1990	année	1964	année	1990	1	235
1964.5	1965.5	1965 1990	année	1965	année	1990	1	286
1965.5	1966.5	1966 1990	année	1966	année	1990	1	337
1966.5	1967.5	1967 1990	année	1967	année	1990	1	388
1967.5	1968.5	1968 1990	année	1968	année	1990	1	439
1968.5	1969.5	1969 1990	année	1969	année	1990	1	490
1969.5	1970.5	1970 1990	année	1970	année	1990	1	541
1970.5	1971.5	1971 1990	année	1971	année	1990	1	592
1971.5	1972.5	1972 1990	année	1972	année	1990	1	643
1972.5	1973.5	1973 1990	année	1973	année	1990	1	694
1973.5	1974.5	1974 1990	année	1974	année	1990	1	745
1974.5	1975.5	1975 1990	année	1975	année	1990	1	796
1975.5	1976.5	1976 1990	année	1976	année	1990	1	847
1976.5	1977.5	1977 1990	année	1977	année	1990	1	898
1977.5	1978.5	1978 1990	année	1978	année	1990	1	949
1978.5	1979.5	1979 1990	année	1979	année	1990	1	1000
1979.5	1980.5	1980 1990	année	1980	année	1990	1	1051
1980.5	1981.5	1981 1990	année	1981	année	1990	1	1102
1981.5	1982.5	1982 1990	année	1982	année	1990	1	1153
1982.5	1983.5	1983 1990	année	1983	année	1990	1	1204
1983.5	1984.5	1984 1990	année	1984	année	1990	1	1255
1984.5	1985.5	1985 1990	année	1985	année	1990	1	1306
1985.5	1986.5	1986 1990	année	1986	année	1990	1	1357
1986.5	1987.5	1987 1990	année	1987	année	1990	1	1408
1987.5	1988.5	1988 1990	année	1988	année	1990	1	1459
1988.5	1989.5	1989 1990	année	1989	année	1990	1	1510
1989.5	1990.5	1	année	1990	année	1990	1	1
1990.5	1991.5	1991 1990	année	1991	année	1990	1	1613
1991.5	1992.5	1992 1990	année	1992	année	1990	1	1664
1992.5	1993.5	1993 1990	année	1993	année	1990	1	1715
1993.5	1994.5	1994 1990	année	1994	année	1990	1	1766
1994.5	1995.5	1995 1990	année	1995	année	1990	1	1817
1995.5	1996.5	1996 1990	année	1996	année	1990	1	1868
1996.5	1997.5	1997 1990	année	1997	année	1990	1	1919
1997.5	1998.5	1998 1990	année	1998	année	1990	1	1970
1998.5	1999.5	1999 1990	année	1999	année	1990	1	2021
1999.5	2000.5	2000 1990	année	2000	année	1990	1	2072
2000.5	2001.5	2001 1990	année	2001	année	1990	1	2123
2001.5	2002.5	2002 1990	année	2002	année	1990	1	2174
2002.5	2003.5	2003 1990	année	2003	année	1990	1	2225
2003.5	2004.5	2004 1990	année	2004	année	1990	1	2276
2004.5	2005.5	2005 1990	année	2005	année	1990	1	2327
2005.5	2006.5	2006 1990	année	2006	année	1990	1	2378
2006.5	2007.5	2007 1990	année	2007	année	1990	1	2429
2007.5	2008.5	2008 1990	année	2008	année	1990	1	2480
2008.5	2009.5	2009 1990	année	2009	année	1990	1	2531
2009.5	2010.5	2010 1990	année	2010	année	1990	1	2582
2010.5	2011.5	2011 1990	année	2011	année	1990	1	2633
1959.5	1960.5	1960 1991	année	1960	année	1991	1	32
1960.5	1961.5	1961 1991	année	1961	année	1991	1	83
1961.5	1962.5	1962 1991	année	1962	année	1991	1	134
1962.5	1963.5	1963 1991	année	1963	année	1991	1	185
1963.5	1964.5	1964 1991	année	1964	année	1991	1	236
1964.5	1965.5	1965 1991	année	1965	année	1991	1	287
1965.5	1966.5	1966 1991	année	1966	année	1991	1	338
1966.5	1967.5	1967 1991	année	1967	année	1991	1	389
1967.5	1968.5	1968 1991	année	1968	année	1991	1	440
1968.5	1969.5	1969 1991	année	1969	année	1991	1	491
1969.5	1970.5	1970 1991	année	1970	année	1991	1	542
1970.5	1971.5	1971 1991	année	1971	année	1991	1	593
1971.5	1972.5	1972 1991	année	1972	année	1991	1	644
1972.5	1973.5	1973 1991	année	1973	année	1991	1	695
1973.5	1974.5	1974 1991	année	1974	année	1991	1	746
1974.5	1975.5	1975 1991	année	1975	année	1991	1	797
1975.5	1976.5	1976 1991	année	1976	année	1991	1	848
1976.5	1977.5	1977 1991	année	1977	année	1991	1	899
1977.5	1978.5	1978 1991	année	1978	année	1991	1	950
1978.5	1979.5	1979 1991	année	1979	année	1991	1	1001
1979.5	1980.5	1980 1991	année	1980	année	1991	1	1052
1980.5	1981.5	1981 1991	année	1981	année	1991	1	1103
1981.5	1982.5	1982 1991	année	1982	année	1991	1	1154
1982.5	1983.5	1983 1991	année	1983	année	1991	1	1205
1983.5	1984.5	1984 1991	année	1984	année	1991	1	1256
1984.5	1985.5	1985 1991	année	1985	année	1991	1	1307
1985.5	1986.5	1986 1991	année	1986	année	1991	1	1358
1986.5	1987.5	1987 1991	année	1987	année	1991	1	1409
1987.5	1988.5	1988 1991	année	1988	année	1991	1	1460
1988.5	1989.5	1989 1991	année	1989	année	1991	1	1511
1989.5	1990.5	1990 1991	année	1990	année	1991	1	1562
1990.5	1991.5	1	année	1991	année	1991	1	1
1991.5	1992.5	1992 1991	année	1992	année	1991	1	1665
1992.5	1993.5	1993 1991	année	1993	année	1991	1	1716
1993.5	1994.5	1994 1991	année	1994	année	1991	1	1767
1994.5	1995.5	1995 1991	année	1995	année	1991	1	1818
1995.5	1996.5	1996 1991	année	1996	année	1991	1	1869
1996.5	1997.5	1997 1991	année	1997	année	1991	1	1920
1997.5	1998.5	1998 1991	année	1998	année	1991	1	1971
1998.5	1999.5	1999 1991	année	1999	année	1991	1	2022
1999.5	2000.5	2000 1991	année	2000	année	1991	1	2073
2000.5	2001.5	2001 1991	année	2001	année	1991	1	2124
2001.5	2002.5	2002 1991	année	2002	année	1991	1	2175
2002.5	2003.5	2003 1991	année	2003	année	1991	1	2226
2003.5	2004.5	2004 1991	année	2004	année	1991	1	2277
2004.5	2005.5	2005 1991	année	2005	année	1991	1	2328
2005.5	2006.5	2006 1991	année	2006	année	1991	1	2379
2006.5	2007.5	2007 1991	année	2007	année	1991	1	2430
2007.5	2008.5	2008 1991	année	2008	année	1991	1	2481
2008.5	2009.5	2009 1991	année	2009	année	1991	1	2532
2009.5	2010.5	2010 1991	année	2010	année	1991	1	2583
2010.5	2011.5	2011 1991	année	2011	année	1991	1	2634
1959.5	1960.5	1960 1992	année	1960	année	1992	1	33
1960.5	1961.5	1961 1992	année	1961	année	1992	1	84
1961.5	1962.5	1962 1992	année	1962	année	1992	1	135
1962.5	1963.5	1963 1992	année	1963	année	1992	1	186
1963.5	1964.5	1964 1992	année	1964	année	1992	1	237
1964.5	1965.5	1965 1992	année	1965	année	1992	1	288
1965.5	1966.5	1966 1992	année	1966	année	1992	1	339
1966.5	1967.5	1967 1992	année	1967	année	1992	1	390
1967.5	1968.5	1968 1992	année	1968	année	1992	1	441
1968.5	1969.5	1969 1992	année	1969	année	1992	1	492
1969.5	1970.5	1970 1992	année	1970	année	1992	1	543
1970.5	1971.5	1971 1992	année	1971	année	1992	1	594
1971.5	1972.5	1972 1992	année	1972	année	1992	1	645
1972.5	1973.5	1973 1992	année	1973	année	1992	1	696
1973.5	1974.5	1974 1992	année	1974	année	1992	1	747
1974.5	1975.5	1975 1992	année	1975	année	1992	1	798
1975.5	1976.5	1976 1992	année	1976	année	1992	1	849
1976.5	1977.5	1977 1992	année	1977	année	1992	1	900
1977.5	1978.5	1978 1992	année	1978	année	1992	1	951
1978.5	1979.5	1979 1992	année	1979	année	1992	1	1002
1979.5	1980.5	1980 1992	année	1980	année	1992	1	1053
1980.5	1981.5	1981 1992	année	1981	année	1992	1	1104
1981.5	1982.5	1982 1992	année	1982	année	1992	1	1155
1982.5	1983.5	1983 1992	année	1983	année	1992	1	1206
1983.5	1984.5	1984 1992	année	1984	année	1992	1	1257
1984.5	1985.5	1985 1992	année	1985	année	1992	1	1308
1985.5	1986.5	1986 1992	année	1986	année	1992	1	1359
1986.5	1987.5	1987 1992	année	1987	année	1992	1	1410
1987.5	1988.5	1988 1992	année	1988	année	1992	1	1461
1988.5	1989.5	1989 1992	année	1989	année	1992	1	1512
1989.5	1990.5	1990 1992	année	1990	année	1992	1	1563
1990.5	1991.5	1991 1992	année	1991	année	1992	1	1614
1991.5	1992.5	1	année	1992	année	1992	1	1
1992.5	1993.5	1993 1992	année	1993	année	1992	1	1717
1993.5	1994.5	1994 1992	année	1994	année	1992	1	1768
1994.5	1995.5	1995 1992	année	1995	année	1992	1	1819
1995.5	1996.5	1996 1992	année	1996	année	1992	1	1870
1996.5	1997.5	1997 1992	année	1997	année	1992	1	1921
1997.5	1998.5	1998 1992	année	1998	année	1992	1	1972
1998.5	1999.5	1999 1992	année	1999	année	1992	1	2023
1999.5	2000.5	2000 1992	année	2000	année	1992	1	2074
2000.5	2001.5	2001 1992	année	2001	année	1992	1	2125
2001.5	2002.5	2002 1992	année	2002	année	1992	1	2176
2002.5	2003.5	2003 1992	année	2003	année	1992	1	2227
2003.5	2004.5	2004 1992	année	2004	année	1992	1	2278
2004.5	2005.5	2005 1992	année	2005	année	1992	1	2329
2005.5	2006.5	2006 1992	année	2006	année	1992	1	2380
2006.5	2007.5	2007 1992	année	2007	année	1992	1	2431
2007.5	2008.5	2008 1992	année	2008	année	1992	1	2482
2008.5	2009.5	2009 1992	année	2009	année	1992	1	2533
2009.5	2010.5	2010 1992	année	2010	année	1992	1	2584
2010.5	2011.5	2011 1992	année	2011	année	1992	1	2635
1959.5	1960.5	1960 1993	année	1960	année	1993	1	34
1960.5	1961.5	1961 1993	année	1961	année	1993	1	85
1961.5	1962.5	1962 1993	année	1962	année	1993	1	136
1962.5	1963.5	1963 1993	année	1963	année	1993	1	187
1963.5	1964.5	1964 1993	année	1964	année	1993	1	238
1964.5	1965.5	1965 1993	année	1965	année	1993	1	289
1965.5	1966.5	1966 1993	année	1966	année	1993	1	340
1966.5	1967.5	1967 1993	année	1967	année	1993	1	391
1967.5	1968.5	1968 1993	année	1968	année	1993	1	442
1968.5	1969.5	1969 1993	année	1969	année	1993	1	493
1969.5	1970.5	1970 1993	année	1970	année	1993	1	544
1970.5	1971.5	1971 1993	année	1971	année	1993	1	595
1971.5	1972.5	1972 1993	année	1972	année	1993	1	646
1972.5	1973.5	1973 1993	année	1973	année	1993	1	697
1973.5	1974.5	1974 1993	année	1974	année	1993	1	748
1974.5	1975.5	1975 1993	année	1975	année	1993	1	799
1975.5	1976.5	1976 1993	année	1976	année	1993	1	850
1976.5	1977.5	1977 1993	année	1977	année	1993	1	901
1977.5	1978.5	1978 1993	année	1978	année	1993	1	952
1978.5	1979.5	1979 1993	année	1979	année	1993	1	1003
1979.5	1980.5	1980 1993	année	1980	année	1993	1	1054
1980.5	1981.5	1981 1993	année	1981	année	1993	1	1105
1981.5	1982.5	1982 1993	année	1982	année	1993	1	1156
1982.5	1983.5	1983 1993	année	1983	année	1993	1	1207
1983.5	1984.5	1984 1993	année	1984	année	1993	1	1258
1984.5	1985.5	1985 1993	année	1985	année	1993	1	1309
1985.5	1986.5	1986 1993	année	1986	année	1993	1	1360
1986.5	1987.5	1987 1993	année	1987	année	1993	1	1411
1987.5	1988.5	1988 1993	année	1988	année	1993	1	1462
1988.5	1989.5	1989 1993	année	1989	année	1993	1	1513
1989.5	1990.5	1990 1993	année	1990	année	1993	1	1564
1990.5	1991.5	1991 1993	année	1991	année	1993	1	1615
1991.5	1992.5	1992 1993	année	1992	année	1993	1	1666
1992.5	1993.5	1	année	1993	année	1993	1	1
1993.5	1994.5	1994 1993	année	1994	année	1993	1	1769
1994.5	1995.5	1995 1993	année	1995	année	1993	1	1820
1995.5	1996.5	1996 1993	année	1996	année	1993	1	1871
1996.5	1997.5	1997 1993	année	1997	année	1993	1	1922
1997.5	1998.5	1998 1993	année	1998	année	1993	1	1973
1998.5	1999.5	1999 1993	année	1999	année	1993	1	2024
1999.5	2000.5	2000 1993	année	2000	année	1993	1	2075
2000.5	2001.5	2001 1993	année	2001	année	1993	1	2126
2001.5	2002.5	2002 1993	année	2002	année	1993	1	2177
2002.5	2003.5	2003 1993	année	2003	année	1993	1	2228
2003.5	2004.5	2004 1993	année	2004	année	1993	1	2279
2004.5	2005.5	2005 1993	année	2005	année	1993	1	2330
2005.5	2006.5	2006 1993	année	2006	année	1993	1	2381
2006.5	2007.5	2007 1993	année	2007	année	1993	1	2432
2007.5	2008.5	2008 1993	année	2008	année	1993	1	2483
2008.5	2009.5	2009 1993	année	2009	année	1993	1	2534
2009.5	2010.5	2010 1993	année	2010	année	1993	1	2585
2010.5	2011.5	2011 1993	année	2011	année	1993	1	2636
1959.5	1960.5	1960 1994	année	1960	année	1994	1	35
1960.5	1961.5	1961 1994	année	1961	année	1994	1	86
1961.5	1962.5	1962 1994	année	1962	année	1994	1	137
1962.5	1963.5	1963 1994	année	1963	année	1994	1	188
1963.5	1964.5	1964 1994	année	1964	année	1994	1	239
1964.5	1965.5	1965 1994	année	1965	année	1994	1	290
1965.5	1966.5	1966 1994	année	1966	année	1994	1	341
1966.5	1967.5	1967 1994	année	1967	année	1994	1	392
1967.5	1968.5	1968 1994	année	1968	année	1994	1	443
1968.5	1969.5	1969 1994	année	1969	année	1994	1	494
1969.5	1970.5	1970 1994	année	1970	année	1994	1	545
1970.5	1971.5	1971 1994	année	1971	année	1994	1	596
1971.5	1972.5	1972 1994	année	1972	année	1994	1	647
1972.5	1973.5	1973 1994	année	1973	année	1994	1	698
1973.5	1974.5	1974 1994	année	1974	année	1994	1	749
1974.5	1975.5	1975 1994	année	1975	année	1994	1	800
1975.5	1976.5	1976 1994	année	1976	année	1994	1	851
1976.5	1977.5	1977 1994	année	1977	année	1994	1	902
1977.5	1978.5	1978 1994	année	1978	année	1994	1	953
1978.5	1979.5	1979 1994	année	1979	année	1994	1	1004
1979.5	1980.5	1980 1994	année	1980	année	1994	1	1055
1980.5	1981.5	1981 1994	année	1981	année	1994	1	1106
1981.5	1982.5	1982 1994	année	1982	année	1994	1	1157
1982.5	1983.5	1983 1994	année	1983	année	1994	1	1208
1983.5	1984.5	1984 1994	année	1984	année	1994	1	1259
1984.5	1985.5	1985 1994	année	1985	année	1994	1	1310
1985.5	1986.5	1986 1994	année	1986	année	1994	1	1361
1986.5	1987.5	1987 1994	année	1987	année	1994	1	1412
1987.5	1988.5	1988 1994	année	1988	année	1994	1	1463
1988.5	1989.5	1989 1994	année	1989	année	1994	1	1514
1989.5	1990.5	1990 1994	année	1990	année	1994	1	1565
1990.5	1991.5	1991 1994	année	1991	année	1994	1	1616
1991.5	1992.5	1992 1994	année	1992	année	1994	1	1667
1992.5	1993.5	1993 1994	année	1993	année	1994	1	1718
1993.5	1994.5	1	année	1994	année	1994	1	1
1994.5	1995.5	1995 1994	année	1995	année	1994	1	1821
1995.5	1996.5	1996 1994	année	1996	année	1994	1	1872
1996.5	1997.5	1997 1994	année	1997	année	1994	1	1923
1997.5	1998.5	1998 1994	année	1998	année	1994	1	1974
1998.5	1999.5	1999 1994	année	1999	année	1994	1	2025
1999.5	2000.5	2000 1994	année	2000	année	1994	1	2076
2000.5	2001.5	2001 1994	année	2001	année	1994	1	2127
2001.5	2002.5	2002 1994	année	2002	année	1994	1	2178
2002.5	2003.5	2003 1994	année	2003	année	1994	1	2229
2003.5	2004.5	2004 1994	année	2004	année	1994	1	2280
2004.5	2005.5	2005 1994	année	2005	année	1994	1	2331
2005.5	2006.5	2006 1994	année	2006	année	1994	1	2382
2006.5	2007.5	2007 1994	année	2007	année	1994	1	2433
2007.5	2008.5	2008 1994	année	2008	année	1994	1	2484
2008.5	2009.5	2009 1994	année	2009	année	1994	1	2535
2009.5	2010.5	2010 1994	année	2010	année	1994	1	2586
2010.5	2011.5	2011 1994	année	2011	année	1994	1	2637
1959.5	1960.5	1960 1995	année	1960	année	1995	1	36
1960.5	1961.5	1961 1995	année	1961	année	1995	1	87
1961.5	1962.5	1962 1995	année	1962	année	1995	1	138
1962.5	1963.5	1963 1995	année	1963	année	1995	1	189
1963.5	1964.5	1964 1995	année	1964	année	1995	1	240
1964.5	1965.5	1965 1995	année	1965	année	1995	1	291
1965.5	1966.5	1966 1995	année	1966	année	1995	1	342
1966.5	1967.5	1967 1995	année	1967	année	1995	1	393
1967.5	1968.5	1968 1995	année	1968	année	1995	1	444
1968.5	1969.5	1969 1995	année	1969	année	1995	1	495
1969.5	1970.5	1970 1995	année	1970	année	1995	1	546
1970.5	1971.5	1971 1995	année	1971	année	1995	1	597
1971.5	1972.5	1972 1995	année	1972	année	1995	1	648
1972.5	1973.5	1973 1995	année	1973	année	1995	1	699
1973.5	1974.5	1974 1995	année	1974	année	1995	1	750
1974.5	1975.5	1975 1995	année	1975	année	1995	1	801
1975.5	1976.5	1976 1995	année	1976	année	1995	1	852
1976.5	1977.5	1977 1995	année	1977	année	1995	1	903
1977.5	1978.5	1978 1995	année	1978	année	1995	1	954
1978.5	1979.5	1979 1995	année	1979	année	1995	1	1005
1979.5	1980.5	1980 1995	année	1980	année	1995	1	1056
1980.5	1981.5	1981 1995	année	1981	année	1995	1	1107
1981.5	1982.5	1982 1995	année	1982	année	1995	1	1158
1982.5	1983.5	1983 1995	année	1983	année	1995	1	1209
1983.5	1984.5	1984 1995	année	1984	année	1995	1	1260
1984.5	1985.5	1985 1995	année	1985	année	1995	1	1311
1985.5	1986.5	1986 1995	année	1986	année	1995	1	1362
1986.5	1987.5	1987 1995	année	1987	année	1995	1	1413
1987.5	1988.5	1988 1995	année	1988	année	1995	1	1464
1988.5	1989.5	1989 1995	année	1989	année	1995	1	1515
1989.5	1990.5	1990 1995	année	1990	année	1995	1	1566
1990.5	1991.5	1991 1995	année	1991	année	1995	1	1617
1991.5	1992.5	1992 1995	année	1992	année	1995	1	1668
1992.5	1993.5	1993 1995	année	1993	année	1995	1	1719
1993.5	1994.5	1994 1995	année	1994	année	1995	1	1770
1994.5	1995.5	1	année	1995	année	1995	1	1
1995.5	1996.5	1996 1995	année	1996	année	1995	1	1873
1996.5	1997.5	1997 1995	année	1997	année	1995	1	1924
1997.5	1998.5	1998 1995	année	1998	année	1995	1	1975
1998.5	1999.5	1999 1995	année	1999	année	1995	1	2026
1999.5	2000.5	2000 1995	année	2000	année	1995	1	2077
2000.5	2001.5	2001 1995	année	2001	année	1995	1	2128
2001.5	2002.5	2002 1995	année	2002	année	1995	1	2179
2002.5	2003.5	2003 1995	année	2003	année	1995	1	2230
2003.5	2004.5	2004 1995	année	2004	année	1995	1	2281
2004.5	2005.5	2005 1995	année	2005	année	1995	1	2332
2005.5	2006.5	2006 1995	année	2006	année	1995	1	2383
2006.5	2007.5	2007 1995	année	2007	année	1995	1	2434
2007.5	2008.5	2008 1995	année	2008	année	1995	1	2485
2008.5	2009.5	2009 1995	année	2009	année	1995	1	2536
2009.5	2010.5	2010 1995	année	2010	année	1995	1	2587
2010.5	2011.5	2011 1995	année	2011	année	1995	1	2638
1959.5	1960.5	1960 1996	année	1960	année	1996	1	37
1960.5	1961.5	1961 1996	année	1961	année	1996	1	88
1961.5	1962.5	1962 1996	année	1962	année	1996	1	139
1962.5	1963.5	1963 1996	année	1963	année	1996	1	190
1963.5	1964.5	1964 1996	année	1964	année	1996	1	241
1964.5	1965.5	1965 1996	année	1965	année	1996	1	292
1965.5	1966.5	1966 1996	année	1966	année	1996	1	343
1966.5	1967.5	1967 1996	année	1967	année	1996	1	394
1967.5	1968.5	1968 1996	année	1968	année	1996	1	445
1968.5	1969.5	1969 1996	année	1969	année	1996	1	496
1969.5	1970.5	1970 1996	année	1970	année	1996	1	547
1970.5	1971.5	1971 1996	année	1971	année	1996	1	598
1971.5	1972.5	1972 1996	année	1972	année	1996	1	649
1972.5	1973.5	1973 1996	année	1973	année	1996	1	700
1973.5	1974.5	1974 1996	année	1974	année	1996	1	751
1974.5	1975.5	1975 1996	année	1975	année	1996	1	802
1975.5	1976.5	1976 1996	année	1976	année	1996	1	853
1976.5	1977.5	1977 1996	année	1977	année	1996	1	904
1977.5	1978.5	1978 1996	année	1978	année	1996	1	955
1978.5	1979.5	1979 1996	année	1979	année	1996	1	1006
1979.5	1980.5	1980 1996	année	1980	année	1996	1	1057
1980.5	1981.5	1981 1996	année	1981	année	1996	1	1108
1981.5	1982.5	1982 1996	année	1982	année	1996	1	1159
1982.5	1983.5	1983 1996	année	1983	année	1996	1	1210
1983.5	1984.5	1984 1996	année	1984	année	1996	1	1261
1984.5	1985.5	1985 1996	année	1985	année	1996	1	1312
1985.5	1986.5	1986 1996	année	1986	année	1996	1	1363
1986.5	1987.5	1987 1996	année	1987	année	1996	1	1414
1987.5	1988.5	1988 1996	année	1988	année	1996	1	1465
1988.5	1989.5	1989 1996	année	1989	année	1996	1	1516
1989.5	1990.5	1990 1996	année	1990	année	1996	1	1567
1990.5	1991.5	1991 1996	année	1991	année	1996	1	1618
1991.5	1992.5	1992 1996	année	1992	année	1996	1	1669
1992.5	1993.5	1993 1996	année	1993	année	1996	1	1720
1993.5	1994.5	1994 1996	année	1994	année	1996	1	1771
1994.5	1995.5	1995 1996	année	1995	année	1996	1	1822
1995.5	1996.5	1	année	1996	année	1996	1	1
1996.5	1997.5	1997 1996	année	1997	année	1996	1	1925
1997.5	1998.5	1998 1996	année	1998	année	1996	1	1976
1998.5	1999.5	1999 1996	année	1999	année	1996	1	2027
1999.5	2000.5	2000 1996	année	2000	année	1996	1	2078
2000.5	2001.5	2001 1996	année	2001	année	1996	1	2129
2001.5	2002.5	2002 1996	année	2002	année	1996	1	2180
2002.5	2003.5	2003 1996	année	2003	année	1996	1	2231
2003.5	2004.5	2004 1996	année	2004	année	1996	1	2282
2004.5	2005.5	2005 1996	année	2005	année	1996	1	2333
2005.5	2006.5	2006 1996	année	2006	année	1996	1	2384
2006.5	2007.5	2007 1996	année	2007	année	1996	1	2435
2007.5	2008.5	2008 1996	année	2008	année	1996	1	2486
2008.5	2009.5	2009 1996	année	2009	année	1996	1	2537
2009.5	2010.5	2010 1996	année	2010	année	1996	1	2588
2010.5	2011.5	2011 1996	année	2011	année	1996	1	2639
1959.5	1960.5	1960 1997	année	1960	année	1997	1	38
1960.5	1961.5	1961 1997	année	1961	année	1997	1	89
1961.5	1962.5	1962 1997	année	1962	année	1997	1	140
1962.5	1963.5	1963 1997	année	1963	année	1997	1	191
1963.5	1964.5	1964 1997	année	1964	année	1997	1	242
1964.5	1965.5	1965 1997	année	1965	année	1997	1	293
1965.5	1966.5	1966 1997	année	1966	année	1997	1	344
1966.5	1967.5	1967 1997	année	1967	année	1997	1	395
1967.5	1968.5	1968 1997	année	1968	année	1997	1	446
1968.5	1969.5	1969 1997	année	1969	année	1997	1	497
1969.5	1970.5	1970 1997	année	1970	année	1997	1	548
1970.5	1971.5	1971 1997	année	1971	année	1997	1	599
1971.5	1972.5	1972 1997	année	1972	année	1997	1	650
1972.5	1973.5	1973 1997	année	1973	année	1997	1	701
1973.5	1974.5	1974 1997	année	1974	année	1997	1	752
1974.5	1975.5	1975 1997	année	1975	année	1997	1	803
1975.5	1976.5	1976 1997	année	1976	année	1997	1	854
1976.5	1977.5	1977 1997	année	1977	année	1997	1	905
1977.5	1978.5	1978 1997	année	1978	année	1997	1	956
1978.5	1979.5	1979 1997	année	1979	année	1997	1	1007
1979.5	1980.5	1980 1997	année	1980	année	1997	1	1058
1980.5	1981.5	1981 1997	année	1981	année	1997	1	1109
1981.5	1982.5	1982 1997	année	1982	année	1997	1	1160
1982.5	1983.5	1983 1997	année	1983	année	1997	1	1211
1983.5	1984.5	1984 1997	année	1984	année	1997	1	1262
1984.5	1985.5	1985 1997	année	1985	année	1997	1	1313
1985.5	1986.5	1986 1997	année	1986	année	1997	1	1364
1986.5	1987.5	1987 1997	année	1987	année	1997	1	1415
1987.5	1988.5	1988 1997	année	1988	année	1997	1	1466
1988.5	1989.5	1989 1997	année	1989	année	1997	1	1517
1989.5	1990.5	1990 1997	année	1990	année	1997	1	1568
1990.5	1991.5	1991 1997	année	1991	année	1997	1	1619
1991.5	1992.5	1992 1997	année	1992	année	1997	1	1670
1992.5	1993.5	1993 1997	année	1993	année	1997	1	1721
1993.5	1994.5	1994 1997	année	1994	année	1997	1	1772
1994.5	1995.5	1995 1997	année	1995	année	1997	1	1823
1995.5	1996.5	1996 1997	année	1996	année	1997	1	1874
1996.5	1997.5	1	année	1997	année	1997	1	1
1997.5	1998.5	1998 1997	année	1998	année	1997	1	1977
1998.5	1999.5	1999 1997	année	1999	année	1997	1	2028
1999.5	2000.5	2000 1997	année	2000	année	1997	1	2079
2000.5	2001.5	2001 1997	année	2001	année	1997	1	2130
2001.5	2002.5	2002 1997	année	2002	année	1997	1	2181
2002.5	2003.5	2003 1997	année	2003	année	1997	1	2232
2003.5	2004.5	2004 1997	année	2004	année	1997	1	2283
2004.5	2005.5	2005 1997	année	2005	année	1997	1	2334
2005.5	2006.5	2006 1997	année	2006	année	1997	1	2385
2006.5	2007.5	2007 1997	année	2007	année	1997	1	2436
2007.5	2008.5	2008 1997	année	2008	année	1997	1	2487
2008.5	2009.5	2009 1997	année	2009	année	1997	1	2538
2009.5	2010.5	2010 1997	année	2010	année	1997	1	2589
2010.5	2011.5	2011 1997	année	2011	année	1997	1	2640
1959.5	1960.5	1960 1998	année	1960	année	1998	1	39
1960.5	1961.5	1961 1998	année	1961	année	1998	1	90
1961.5	1962.5	1962 1998	année	1962	année	1998	1	141
1962.5	1963.5	1963 1998	année	1963	année	1998	1	192
1963.5	1964.5	1964 1998	année	1964	année	1998	1	243
1964.5	1965.5	1965 1998	année	1965	année	1998	1	294
1965.5	1966.5	1966 1998	année	1966	année	1998	1	345
1966.5	1967.5	1967 1998	année	1967	année	1998	1	396
1967.5	1968.5	1968 1998	année	1968	année	1998	1	447
1968.5	1969.5	1969 1998	année	1969	année	1998	1	498
1969.5	1970.5	1970 1998	année	1970	année	1998	1	549
1970.5	1971.5	1971 1998	année	1971	année	1998	1	600
1971.5	1972.5	1972 1998	année	1972	année	1998	1	651
1972.5	1973.5	1973 1998	année	1973	année	1998	1	702
1973.5	1974.5	1974 1998	année	1974	année	1998	1	753
1974.5	1975.5	1975 1998	année	1975	année	1998	1	804
1975.5	1976.5	1976 1998	année	1976	année	1998	1	855
1976.5	1977.5	1977 1998	année	1977	année	1998	1	906
1977.5	1978.5	1978 1998	année	1978	année	1998	1	957
1978.5	1979.5	1979 1998	année	1979	année	1998	1	1008
1979.5	1980.5	1980 1998	année	1980	année	1998	1	1059
1980.5	1981.5	1981 1998	année	1981	année	1998	1	1110
1981.5	1982.5	1982 1998	année	1982	année	1998	1	1161
1982.5	1983.5	1983 1998	année	1983	année	1998	1	1212
1983.5	1984.5	1984 1998	année	1984	année	1998	1	1263
1984.5	1985.5	1985 1998	année	1985	année	1998	1	1314
1985.5	1986.5	1986 1998	année	1986	année	1998	1	1365
1986.5	1987.5	1987 1998	année	1987	année	1998	1	1416
1987.5	1988.5	1988 1998	année	1988	année	1998	1	1467
1988.5	1989.5	1989 1998	année	1989	année	1998	1	1518
1989.5	1990.5	1990 1998	année	1990	année	1998	1	1569
1990.5	1991.5	1991 1998	année	1991	année	1998	1	1620
1991.5	1992.5	1992 1998	année	1992	année	1998	1	1671
1992.5	1993.5	1993 1998	année	1993	année	1998	1	1722
1993.5	1994.5	1994 1998	année	1994	année	1998	1	1773
1994.5	1995.5	1995 1998	année	1995	année	1998	1	1824
1995.5	1996.5	1996 1998	année	1996	année	1998	1	1875
1996.5	1997.5	1997 1998	année	1997	année	1998	1	1926
1997.5	1998.5	1	année	1998	année	1998	1	1
1998.5	1999.5	1999 1998	année	1999	année	1998	1	2029
1999.5	2000.5	2000 1998	année	2000	année	1998	1	2080
2000.5	2001.5	2001 1998	année	2001	année	1998	1	2131
2001.5	2002.5	2002 1998	année	2002	année	1998	1	2182
2002.5	2003.5	2003 1998	année	2003	année	1998	1	2233
2003.5	2004.5	2004 1998	année	2004	année	1998	1	2284
2004.5	2005.5	2005 1998	année	2005	année	1998	1	2335
2005.5	2006.5	2006 1998	année	2006	année	1998	1	2386
2006.5	2007.5	2007 1998	année	2007	année	1998	1	2437
2007.5	2008.5	2008 1998	année	2008	année	1998	1	2488
2008.5	2009.5	2009 1998	année	2009	année	1998	1	2539
2009.5	2010.5	2010 1998	année	2010	année	1998	1	2590
2010.5	2011.5	2011 1998	année	2011	année	1998	1	2641
1959.5	1960.5	1960 1999	année	1960	année	1999	1	40
1960.5	1961.5	1961 1999	année	1961	année	1999	1	91
1961.5	1962.5	1962 1999	année	1962	année	1999	1	142
1962.5	1963.5	1963 1999	année	1963	année	1999	1	193
1963.5	1964.5	1964 1999	année	1964	année	1999	1	244
1964.5	1965.5	1965 1999	année	1965	année	1999	1	295
1965.5	1966.5	1966 1999	année	1966	année	1999	1	346
1966.5	1967.5	1967 1999	année	1967	année	1999	1	397
1967.5	1968.5	1968 1999	année	1968	année	1999	1	448
1968.5	1969.5	1969 1999	année	1969	année	1999	1	499
1969.5	1970.5	1970 1999	année	1970	année	1999	1	550
1970.5	1971.5	1971 1999	année	1971	année	1999	1	601
1971.5	1972.5	1972 1999	année	1972	année	1999	1	652
1972.5	1973.5	1973 1999	année	1973	année	1999	1	703
1973.5	1974.5	1974 1999	année	1974	année	1999	1	754
1974.5	1975.5	1975 1999	année	1975	année	1999	1	805
1975.5	1976.5	1976 1999	année	1976	année	1999	1	856
1976.5	1977.5	1977 1999	année	1977	année	1999	1	907
1977.5	1978.5	1978 1999	année	1978	année	1999	1	958
1978.5	1979.5	1979 1999	année	1979	année	1999	1	1009
1979.5	1980.5	1980 1999	année	1980	année	1999	1	1060
1980.5	1981.5	1981 1999	année	1981	année	1999	1	1111
1981.5	1982.5	1982 1999	année	1982	année	1999	1	1162
1982.5	1983.5	1983 1999	année	1983	année	1999	1	1213
1983.5	1984.5	1984 1999	année	1984	année	1999	1	1264
1984.5	1985.5	1985 1999	année	1985	année	1999	1	1315
1985.5	1986.5	1986 1999	année	1986	année	1999	1	1366
1986.5	1987.5	1987 1999	année	1987	année	1999	1	1417
1987.5	1988.5	1988 1999	année	1988	année	1999	1	1468
1988.5	1989.5	1989 1999	année	1989	année	1999	1	1519
1989.5	1990.5	1990 1999	année	1990	année	1999	1	1570
1990.5	1991.5	1991 1999	année	1991	année	1999	1	1621
1991.5	1992.5	1992 1999	année	1992	année	1999	1	1672
1992.5	1993.5	1993 1999	année	1993	année	1999	1	1723
1993.5	1994.5	1994 1999	année	1994	année	1999	1	1774
1994.5	1995.5	1995 1999	année	1995	année	1999	1	1825
1995.5	1996.5	1996 1999	année	1996	année	1999	1	1876
1996.5	1997.5	1997 1999	année	1997	année	1999	1	1927
1997.5	1998.5	1998 1999	année	1998	année	1999	1	1978
1998.5	1999.5	1	année	1999	année	1999	1	1
1999.5	2000.5	2000 1999	année	2000	année	1999	1	2081
2000.5	2001.5	2001 1999	année	2001	année	1999	1	2132
2001.5	2002.5	2002 1999	année	2002	année	1999	1	2183
2002.5	2003.5	2003 1999	année	2003	année	1999	1	2234
2003.5	2004.5	2004 1999	année	2004	année	1999	1	2285
2004.5	2005.5	2005 1999	année	2005	année	1999	1	2336
2005.5	2006.5	2006 1999	année	2006	année	1999	1	2387
2006.5	2007.5	2007 1999	année	2007	année	1999	1	2438
2007.5	2008.5	2008 1999	année	2008	année	1999	1	2489
2008.5	2009.5	2009 1999	année	2009	année	1999	1	2540
2009.5	2010.5	2010 1999	année	2010	année	1999	1	2591
2010.5	2011.5	2011 1999	année	2011	année	1999	1	2642
1959.5	1960.5	1960 2000	année	1960	année	2000	1	41
1960.5	1961.5	1961 2000	année	1961	année	2000	1	92
1961.5	1962.5	1962 2000	année	1962	année	2000	1	143
1962.5	1963.5	1963 2000	année	1963	année	2000	1	194
1963.5	1964.5	1964 2000	année	1964	année	2000	1	245
1964.5	1965.5	1965 2000	année	1965	année	2000	1	296
1965.5	1966.5	1966 2000	année	1966	année	2000	1	347
1966.5	1967.5	1967 2000	année	1967	année	2000	1	398
1967.5	1968.5	1968 2000	année	1968	année	2000	1	449
1968.5	1969.5	1969 2000	année	1969	année	2000	1	500
1969.5	1970.5	1970 2000	année	1970	année	2000	1	551
1970.5	1971.5	1971 2000	année	1971	année	2000	1	602
1971.5	1972.5	1972 2000	année	1972	année	2000	1	653
1972.5	1973.5	1973 2000	année	1973	année	2000	1	704
1973.5	1974.5	1974 2000	année	1974	année	2000	1	755
1974.5	1975.5	1975 2000	année	1975	année	2000	1	806
1975.5	1976.5	1976 2000	année	1976	année	2000	1	857
1976.5	1977.5	1977 2000	année	1977	année	2000	1	908
1977.5	1978.5	1978 2000	année	1978	année	2000	1	959
1978.5	1979.5	1979 2000	année	1979	année	2000	1	1010
1979.5	1980.5	1980 2000	année	1980	année	2000	1	1061
1980.5	1981.5	1981 2000	année	1981	année	2000	1	1112
1981.5	1982.5	1982 2000	année	1982	année	2000	1	1163
1982.5	1983.5	1983 2000	année	1983	année	2000	1	1214
1983.5	1984.5	1984 2000	année	1984	année	2000	1	1265
1984.5	1985.5	1985 2000	année	1985	année	2000	1	1316
1985.5	1986.5	1986 2000	année	1986	année	2000	1	1367
1986.5	1987.5	1987 2000	année	1987	année	2000	1	1418
1987.5	1988.5	1988 2000	année	1988	année	2000	1	1469
1988.5	1989.5	1989 2000	année	1989	année	2000	1	1520
1989.5	1990.5	1990 2000	année	1990	année	2000	1	1571
1990.5	1991.5	1991 2000	année	1991	année	2000	1	1622
1991.5	1992.5	1992 2000	année	1992	année	2000	1	1673
1992.5	1993.5	1993 2000	année	1993	année	2000	1	1724
1993.5	1994.5	1994 2000	année	1994	année	2000	1	1775
1994.5	1995.5	1995 2000	année	1995	année	2000	1	1826
1995.5	1996.5	1996 2000	année	1996	année	2000	1	1877
1996.5	1997.5	1997 2000	année	1997	année	2000	1	1928
1997.5	1998.5	1998 2000	année	1998	année	2000	1	1979
1998.5	1999.5	1999 2000	année	1999	année	2000	1	2030
1999.5	2000.5	1	année	2000	année	2000	1	1
2000.5	2001.5	2001 2000	année	2001	année	2000	1	2133
2001.5	2002.5	2002 2000	année	2002	année	2000	1	2184
2002.5	2003.5	2003 2000	année	2003	année	2000	1	2235
2003.5	2004.5	2004 2000	année	2004	année	2000	1	2286
2004.5	2005.5	2005 2000	année	2005	année	2000	1	2337
2005.5	2006.5	2006 2000	année	2006	année	2000	1	2388
2006.5	2007.5	2007 2000	année	2007	année	2000	1	2439
2007.5	2008.5	2008 2000	année	2008	année	2000	1	2490
2008.5	2009.5	2009 2000	année	2009	année	2000	1	2541
2009.5	2010.5	2010 2000	année	2010	année	2000	1	2592
2010.5	2011.5	2011 2000	année	2011	année	2000	1	2643
1959.5	1960.5	1960 2001	année	1960	année	2001	1	42
1960.5	1961.5	1961 2001	année	1961	année	2001	1	93
1961.5	1962.5	1962 2001	année	1962	année	2001	1	144
1962.5	1963.5	1963 2001	année	1963	année	2001	1	195
1963.5	1964.5	1964 2001	année	1964	année	2001	1	246
1964.5	1965.5	1965 2001	année	1965	année	2001	1	297
1965.5	1966.5	1966 2001	année	1966	année	2001	1	348
1966.5	1967.5	1967 2001	année	1967	année	2001	1	399
1967.5	1968.5	1968 2001	année	1968	année	2001	1	450
1968.5	1969.5	1969 2001	année	1969	année	2001	1	501
1969.5	1970.5	1970 2001	année	1970	année	2001	1	552
1970.5	1971.5	1971 2001	année	1971	année	2001	1	603
1971.5	1972.5	1972 2001	année	1972	année	2001	1	654
1972.5	1973.5	1973 2001	année	1973	année	2001	1	705
1973.5	1974.5	1974 2001	année	1974	année	2001	1	756
1974.5	1975.5	1975 2001	année	1975	année	2001	1	807
1975.5	1976.5	1976 2001	année	1976	année	2001	1	858
1976.5	1977.5	1977 2001	année	1977	année	2001	1	909
1977.5	1978.5	1978 2001	année	1978	année	2001	1	960
1978.5	1979.5	1979 2001	année	1979	année	2001	1	1011
1979.5	1980.5	1980 2001	année	1980	année	2001	1	1062
1980.5	1981.5	1981 2001	année	1981	année	2001	1	1113
1981.5	1982.5	1982 2001	année	1982	année	2001	1	1164
1982.5	1983.5	1983 2001	année	1983	année	2001	1	1215
1983.5	1984.5	1984 2001	année	1984	année	2001	1	1266
1984.5	1985.5	1985 2001	année	1985	année	2001	1	1317
1985.5	1986.5	1986 2001	année	1986	année	2001	1	1368
1986.5	1987.5	1987 2001	année	1987	année	2001	1	1419
1987.5	1988.5	1988 2001	année	1988	année	2001	1	1470
1988.5	1989.5	1989 2001	année	1989	année	2001	1	1521
1989.5	1990.5	1990 2001	année	1990	année	2001	1	1572
1990.5	1991.5	1991 2001	année	1991	année	2001	1	1623
1991.5	1992.5	1992 2001	année	1992	année	2001	1	1674
1992.5	1993.5	1993 2001	année	1993	année	2001	1	1725
1993.5	1994.5	1994 2001	année	1994	année	2001	1	1776
1994.5	1995.5	1995 2001	année	1995	année	2001	1	1827
1995.5	1996.5	1996 2001	année	1996	année	2001	1	1878
1996.5	1997.5	1997 2001	année	1997	année	2001	1	1929
1997.5	1998.5	1998 2001	année	1998	année	2001	1	1980
1998.5	1999.5	1999 2001	année	1999	année	2001	1	2031
1999.5	2000.5	2000 2001	année	2000	année	2001	1	2082
2000.5	2001.5	1	année	2001	année	2001	1	1
2001.5	2002.5	2002 2001	année	2002	année	2001	1	2185
2002.5	2003.5	2003 2001	année	2003	année	2001	1	2236
2003.5	2004.5	2004 2001	année	2004	année	2001	1	2287
2004.5	2005.5	2005 2001	année	2005	année	2001	1	2338
2005.5	2006.5	2006 2001	année	2006	année	2001	1	2389
2006.5	2007.5	2007 2001	année	2007	année	2001	1	2440
2007.5	2008.5	2008 2001	année	2008	année	2001	1	2491
2008.5	2009.5	2009 2001	année	2009	année	2001	1	2542
2009.5	2010.5	2010 2001	année	2010	année	2001	1	2593
2010.5	2011.5	2011 2001	année	2011	année	2001	1	2644
1959.5	1960.5	1960 2002	année	1960	année	2002	1	43
1960.5	1961.5	1961 2002	année	1961	année	2002	1	94
1961.5	1962.5	1962 2002	année	1962	année	2002	1	145
1962.5	1963.5	1963 2002	année	1963	année	2002	1	196
1963.5	1964.5	1964 2002	année	1964	année	2002	1	247
1964.5	1965.5	1965 2002	année	1965	année	2002	1	298
1965.5	1966.5	1966 2002	année	1966	année	2002	1	349
1966.5	1967.5	1967 2002	année	1967	année	2002	1	400
1967.5	1968.5	1968 2002	année	1968	année	2002	1	451
1968.5	1969.5	1969 2002	année	1969	année	2002	1	502
1969.5	1970.5	1970 2002	année	1970	année	2002	1	553
1970.5	1971.5	1971 2002	année	1971	année	2002	1	604
1971.5	1972.5	1972 2002	année	1972	année	2002	1	655
1972.5	1973.5	1973 2002	année	1973	année	2002	1	706
1973.5	1974.5	1974 2002	année	1974	année	2002	1	757
1974.5	1975.5	1975 2002	année	1975	année	2002	1	808
1975.5	1976.5	1976 2002	année	1976	année	2002	1	859
1976.5	1977.5	1977 2002	année	1977	année	2002	1	910
1977.5	1978.5	1978 2002	année	1978	année	2002	1	961
1978.5	1979.5	1979 2002	année	1979	année	2002	1	1012
1979.5	1980.5	1980 2002	année	1980	année	2002	1	1063
1980.5	1981.5	1981 2002	année	1981	année	2002	1	1114
1981.5	1982.5	1982 2002	année	1982	année	2002	1	1165
1982.5	1983.5	1983 2002	année	1983	année	2002	1	1216
1983.5	1984.5	1984 2002	année	1984	année	2002	1	1267
1984.5	1985.5	1985 2002	année	1985	année	2002	1	1318
1985.5	1986.5	1986 2002	année	1986	année	2002	1	1369
1986.5	1987.5	1987 2002	année	1987	année	2002	1	1420
1987.5	1988.5	1988 2002	année	1988	année	2002	1	1471
1988.5	1989.5	1989 2002	année	1989	année	2002	1	1522
1989.5	1990.5	1990 2002	année	1990	année	2002	1	1573
1990.5	1991.5	1991 2002	année	1991	année	2002	1	1624
1991.5	1992.5	1992 2002	année	1992	année	2002	1	1675
1992.5	1993.5	1993 2002	année	1993	année	2002	1	1726
1993.5	1994.5	1994 2002	année	1994	année	2002	1	1777
1994.5	1995.5	1995 2002	année	1995	année	2002	1	1828
1995.5	1996.5	1996 2002	année	1996	année	2002	1	1879
1996.5	1997.5	1997 2002	année	1997	année	2002	1	1930
1997.5	1998.5	1998 2002	année	1998	année	2002	1	1981
1998.5	1999.5	1999 2002	année	1999	année	2002	1	2032
1999.5	2000.5	2000 2002	année	2000	année	2002	1	2083
2000.5	2001.5	2001 2002	année	2001	année	2002	1	2134
2001.5	2002.5	1	année	2002	année	2002	1	1
2002.5	2003.5	2003 2002	année	2003	année	2002	1	2237
2003.5	2004.5	2004 2002	année	2004	année	2002	1	2288
2004.5	2005.5	2005 2002	année	2005	année	2002	1	2339
2005.5	2006.5	2006 2002	année	2006	année	2002	1	2390
2006.5	2007.5	2007 2002	année	2007	année	2002	1	2441
2007.5	2008.5	2008 2002	année	2008	année	2002	1	2492
2008.5	2009.5	2009 2002	année	2009	année	2002	1	2543
2009.5	2010.5	2010 2002	année	2010	année	2002	1	2594
2010.5	2011.5	2011 2002	année	2011	année	2002	1	2645
1959.5	1960.5	1960 2003	année	1960	année	2003	1	44
1960.5	1961.5	1961 2003	année	1961	année	2003	1	95
1961.5	1962.5	1962 2003	année	1962	année	2003	1	146
1962.5	1963.5	1963 2003	année	1963	année	2003	1	197
1963.5	1964.5	1964 2003	année	1964	année	2003	1	248
1964.5	1965.5	1965 2003	année	1965	année	2003	1	299
1965.5	1966.5	1966 2003	année	1966	année	2003	1	350
1966.5	1967.5	1967 2003	année	1967	année	2003	1	401
1967.5	1968.5	1968 2003	année	1968	année	2003	1	452
1968.5	1969.5	1969 2003	année	1969	année	2003	1	503
1969.5	1970.5	1970 2003	année	1970	année	2003	1	554
1970.5	1971.5	1971 2003	année	1971	année	2003	1	605
1971.5	1972.5	1972 2003	année	1972	année	2003	1	656
1972.5	1973.5	1973 2003	année	1973	année	2003	1	707
1973.5	1974.5	1974 2003	année	1974	année	2003	1	758
1974.5	1975.5	1975 2003	année	1975	année	2003	1	809
1975.5	1976.5	1976 2003	année	1976	année	2003	1	860
1976.5	1977.5	1977 2003	année	1977	année	2003	1	911
1977.5	1978.5	1978 2003	année	1978	année	2003	1	962
1978.5	1979.5	1979 2003	année	1979	année	2003	1	1013
1979.5	1980.5	1980 2003	année	1980	année	2003	1	1064
1980.5	1981.5	1981 2003	année	1981	année	2003	1	1115
1981.5	1982.5	1982 2003	année	1982	année	2003	1	1166
1982.5	1983.5	1983 2003	année	1983	année	2003	1	1217
1983.5	1984.5	1984 2003	année	1984	année	2003	1	1268
1984.5	1985.5	1985 2003	année	1985	année	2003	1	1319
1985.5	1986.5	1986 2003	année	1986	année	2003	1	1370
1986.5	1987.5	1987 2003	année	1987	année	2003	1	1421
1987.5	1988.5	1988 2003	année	1988	année	2003	1	1472
1988.5	1989.5	1989 2003	année	1989	année	2003	1	1523
1989.5	1990.5	1990 2003	année	1990	année	2003	1	1574
1990.5	1991.5	1991 2003	année	1991	année	2003	1	1625
1991.5	1992.5	1992 2003	année	1992	année	2003	1	1676
1992.5	1993.5	1993 2003	année	1993	année	2003	1	1727
1993.5	1994.5	1994 2003	année	1994	année	2003	1	1778
1994.5	1995.5	1995 2003	année	1995	année	2003	1	1829
1995.5	1996.5	1996 2003	année	1996	année	2003	1	1880
1996.5	1997.5	1997 2003	année	1997	année	2003	1	1931
1997.5	1998.5	1998 2003	année	1998	année	2003	1	1982
1998.5	1999.5	1999 2003	année	1999	année	2003	1	2033
1999.5	2000.5	2000 2003	année	2000	année	2003	1	2084
2000.5	2001.5	2001 2003	année	2001	année	2003	1	2135
2001.5	2002.5	2002 2003	année	2002	année	2003	1	2186
2002.5	2003.5	1	année	2003	année	2003	1	1
2003.5	2004.5	2004 2003	année	2004	année	2003	1	2289
2004.5	2005.5	2005 2003	année	2005	année	2003	1	2340
2005.5	2006.5	2006 2003	année	2006	année	2003	1	2391
2006.5	2007.5	2007 2003	année	2007	année	2003	1	2442
2007.5	2008.5	2008 2003	année	2008	année	2003	1	2493
2008.5	2009.5	2009 2003	année	2009	année	2003	1	2544
2009.5	2010.5	2010 2003	année	2010	année	2003	1	2595
2010.5	2011.5	2011 2003	année	2011	année	2003	1	2646
1959.5	1960.5	1960 2004	année	1960	année	2004	1	45
1960.5	1961.5	1961 2004	année	1961	année	2004	1	96
1961.5	1962.5	1962 2004	année	1962	année	2004	1	147
1962.5	1963.5	1963 2004	année	1963	année	2004	1	198
1963.5	1964.5	1964 2004	année	1964	année	2004	1	249
1964.5	1965.5	1965 2004	année	1965	année	2004	1	300
1965.5	1966.5	1966 2004	année	1966	année	2004	1	351
1966.5	1967.5	1967 2004	année	1967	année	2004	1	402
1967.5	1968.5	1968 2004	année	1968	année	2004	1	453
1968.5	1969.5	1969 2004	année	1969	année	2004	1	504
1969.5	1970.5	1970 2004	année	1970	année	2004	1	555
1970.5	1971.5	1971 2004	année	1971	année	2004	1	606
1971.5	1972.5	1972 2004	année	1972	année	2004	1	657
1972.5	1973.5	1973 2004	année	1973	année	2004	1	708
1973.5	1974.5	1974 2004	année	1974	année	2004	1	759
1974.5	1975.5	1975 2004	année	1975	année	2004	1	810
1975.5	1976.5	1976 2004	année	1976	année	2004	1	861
1976.5	1977.5	1977 2004	année	1977	année	2004	1	912
1977.5	1978.5	1978 2004	année	1978	année	2004	1	963
1978.5	1979.5	1979 2004	année	1979	année	2004	1	1014
1979.5	1980.5	1980 2004	année	1980	année	2004	1	1065
1980.5	1981.5	1981 2004	année	1981	année	2004	1	1116
1981.5	1982.5	1982 2004	année	1982	année	2004	1	1167
1982.5	1983.5	1983 2004	année	1983	année	2004	1	1218
1983.5	1984.5	1984 2004	année	1984	année	2004	1	1269
1984.5	1985.5	1985 2004	année	1985	année	2004	1	1320
1985.5	1986.5	1986 2004	année	1986	année	2004	1	1371
1986.5	1987.5	1987 2004	année	1987	année	2004	1	1422
1987.5	1988.5	1988 2004	année	1988	année	2004	1	1473
1988.5	1989.5	1989 2004	année	1989	année	2004	1	1524
1989.5	1990.5	1990 2004	année	1990	année	2004	1	1575
1990.5	1991.5	1991 2004	année	1991	année	2004	1	1626
1991.5	1992.5	1992 2004	année	1992	année	2004	1	1677
1992.5	1993.5	1993 2004	année	1993	année	2004	1	1728
1993.5	1994.5	1994 2004	année	1994	année	2004	1	1779
1994.5	1995.5	1995 2004	année	1995	année	2004	1	1830
1995.5	1996.5	1996 2004	année	1996	année	2004	1	1881
1996.5	1997.5	1997 2004	année	1997	année	2004	1	1932
1997.5	1998.5	1998 2004	année	1998	année	2004	1	1983
1998.5	1999.5	1999 2004	année	1999	année	2004	1	2034
1999.5	2000.5	2000 2004	année	2000	année	2004	1	2085
2000.5	2001.5	2001 2004	année	2001	année	2004	1	2136
2001.5	2002.5	2002 2004	année	2002	année	2004	1	2187
2002.5	2003.5	2003 2004	année	2003	année	2004	1	2238
2003.5	2004.5	1	année	2004	année	2004	1	1
2004.5	2005.5	2005 2004	année	2005	année	2004	1	2341
2005.5	2006.5	2006 2004	année	2006	année	2004	1	2392
2006.5	2007.5	2007 2004	année	2007	année	2004	1	2443
2007.5	2008.5	2008 2004	année	2008	année	2004	1	2494
2008.5	2009.5	2009 2004	année	2009	année	2004	1	2545
2009.5	2010.5	2010 2004	année	2010	année	2004	1	2596
2010.5	2011.5	2011 2004	année	2011	année	2004	1	2647
1959.5	1960.5	1960 2005	année	1960	année	2005	1	46
1960.5	1961.5	1961 2005	année	1961	année	2005	1	97
1961.5	1962.5	1962 2005	année	1962	année	2005	1	148
1962.5	1963.5	1963 2005	année	1963	année	2005	1	199
1963.5	1964.5	1964 2005	année	1964	année	2005	1	250
1964.5	1965.5	1965 2005	année	1965	année	2005	1	301
1965.5	1966.5	1966 2005	année	1966	année	2005	1	352
1966.5	1967.5	1967 2005	année	1967	année	2005	1	403
1967.5	1968.5	1968 2005	année	1968	année	2005	1	454
1968.5	1969.5	1969 2005	année	1969	année	2005	1	505
1969.5	1970.5	1970 2005	année	1970	année	2005	1	556
1970.5	1971.5	1971 2005	année	1971	année	2005	1	607
1971.5	1972.5	1972 2005	année	1972	année	2005	1	658
1972.5	1973.5	1973 2005	année	1973	année	2005	1	709
1973.5	1974.5	1974 2005	année	1974	année	2005	1	760
1974.5	1975.5	1975 2005	année	1975	année	2005	1	811
1975.5	1976.5	1976 2005	année	1976	année	2005	1	862
1976.5	1977.5	1977 2005	année	1977	année	2005	1	913
1977.5	1978.5	1978 2005	année	1978	année	2005	1	964
1978.5	1979.5	1979 2005	année	1979	année	2005	1	1015
1979.5	1980.5	1980 2005	année	1980	année	2005	1	1066
1980.5	1981.5	1981 2005	année	1981	année	2005	1	1117
1981.5	1982.5	1982 2005	année	1982	année	2005	1	1168
1982.5	1983.5	1983 2005	année	1983	année	2005	1	1219
1983.5	1984.5	1984 2005	année	1984	année	2005	1	1270
1984.5	1985.5	1985 2005	année	1985	année	2005	1	1321
1985.5	1986.5	1986 2005	année	1986	année	2005	1	1372
1986.5	1987.5	1987 2005	année	1987	année	2005	1	1423
1987.5	1988.5	1988 2005	année	1988	année	2005	1	1474
1988.5	1989.5	1989 2005	année	1989	année	2005	1	1525
1989.5	1990.5	1990 2005	année	1990	année	2005	1	1576
1990.5	1991.5	1991 2005	année	1991	année	2005	1	1627
1991.5	1992.5	1992 2005	année	1992	année	2005	1	1678
1992.5	1993.5	1993 2005	année	1993	année	2005	1	1729
1993.5	1994.5	1994 2005	année	1994	année	2005	1	1780
1994.5	1995.5	1995 2005	année	1995	année	2005	1	1831
1995.5	1996.5	1996 2005	année	1996	année	2005	1	1882
1996.5	1997.5	1997 2005	année	1997	année	2005	1	1933
1997.5	1998.5	1998 2005	année	1998	année	2005	1	1984
1998.5	1999.5	1999 2005	année	1999	année	2005	1	2035
1999.5	2000.5	2000 2005	année	2000	année	2005	1	2086
2000.5	2001.5	2001 2005	année	2001	année	2005	1	2137
2001.5	2002.5	2002 2005	année	2002	année	2005	1	2188
2002.5	2003.5	2003 2005	année	2003	année	2005	1	2239
2003.5	2004.5	2004 2005	année	2004	année	2005	1	2290
2004.5	2005.5	1	année	2005	année	2005	1	1
2005.5	2006.5	2006 2005	année	2006	année	2005	1	2393
2006.5	2007.5	2007 2005	année	2007	année	2005	1	2444
2007.5	2008.5	2008 2005	année	2008	année	2005	1	2495
2008.5	2009.5	2009 2005	année	2009	année	2005	1	2546
2009.5	2010.5	2010 2005	année	2010	année	2005	1	2597
2010.5	2011.5	2011 2005	année	2011	année	2005	1	2648
1959.5	1960.5	1960 2006	année	1960	année	2006	1	47
1960.5	1961.5	1961 2006	année	1961	année	2006	1	98
1961.5	1962.5	1962 2006	année	1962	année	2006	1	149
1962.5	1963.5	1963 2006	année	1963	année	2006	1	200
1963.5	1964.5	1964 2006	année	1964	année	2006	1	251
1964.5	1965.5	1965 2006	année	1965	année	2006	1	302
1965.5	1966.5	1966 2006	année	1966	année	2006	1	353
1966.5	1967.5	1967 2006	année	1967	année	2006	1	404
1967.5	1968.5	1968 2006	année	1968	année	2006	1	455
1968.5	1969.5	1969 2006	année	1969	année	2006	1	506
1969.5	1970.5	1970 2006	année	1970	année	2006	1	557
1970.5	1971.5	1971 2006	année	1971	année	2006	1	608
1971.5	1972.5	1972 2006	année	1972	année	2006	1	659
1972.5	1973.5	1973 2006	année	1973	année	2006	1	710
1973.5	1974.5	1974 2006	année	1974	année	2006	1	761
1974.5	1975.5	1975 2006	année	1975	année	2006	1	812
1975.5	1976.5	1976 2006	année	1976	année	2006	1	863
1976.5	1977.5	1977 2006	année	1977	année	2006	1	914
1977.5	1978.5	1978 2006	année	1978	année	2006	1	965
1978.5	1979.5	1979 2006	année	1979	année	2006	1	1016
1979.5	1980.5	1980 2006	année	1980	année	2006	1	1067
1980.5	1981.5	1981 2006	année	1981	année	2006	1	1118
1981.5	1982.5	1982 2006	année	1982	année	2006	1	1169
1982.5	1983.5	1983 2006	année	1983	année	2006	1	1220
1983.5	1984.5	1984 2006	année	1984	année	2006	1	1271
1984.5	1985.5	1985 2006	année	1985	année	2006	1	1322
1985.5	1986.5	1986 2006	année	1986	année	2006	1	1373
1986.5	1987.5	1987 2006	année	1987	année	2006	1	1424
1987.5	1988.5	1988 2006	année	1988	année	2006	1	1475
1988.5	1989.5	1989 2006	année	1989	année	2006	1	1526
1989.5	1990.5	1990 2006	année	1990	année	2006	1	1577
1990.5	1991.5	1991 2006	année	1991	année	2006	1	1628
1991.5	1992.5	1992 2006	année	1992	année	2006	1	1679
1992.5	1993.5	1993 2006	année	1993	année	2006	1	1730
1993.5	1994.5	1994 2006	année	1994	année	2006	1	1781
1994.5	1995.5	1995 2006	année	1995	année	2006	1	1832
1995.5	1996.5	1996 2006	année	1996	année	2006	1	1883
1996.5	1997.5	1997 2006	année	1997	année	2006	1	1934
1997.5	1998.5	1998 2006	année	1998	année	2006	1	1985
1998.5	1999.5	1999 2006	année	1999	année	2006	1	2036
1999.5	2000.5	2000 2006	année	2000	année	2006	1	2087
2000.5	2001.5	2001 2006	année	2001	année	2006	1	2138
2001.5	2002.5	2002 2006	année	2002	année	2006	1	2189
2002.5	2003.5	2003 2006	année	2003	année	2006	1	2240
2003.5	2004.5	2004 2006	année	2004	année	2006	1	2291
2004.5	2005.5	2005 2006	année	2005	année	2006	1	2342
2005.5	2006.5	1	année	2006	année	2006	1	1
2006.5	2007.5	2007 2006	année	2007	année	2006	1	2445
2007.5	2008.5	2008 2006	année	2008	année	2006	1	2496
2008.5	2009.5	2009 2006	année	2009	année	2006	1	2547
2009.5	2010.5	2010 2006	année	2010	année	2006	1	2598
2010.5	2011.5	2011 2006	année	2011	année	2006	1	2649
1959.5	1960.5	1960 2007	année	1960	année	2007	1	48
1960.5	1961.5	1961 2007	année	1961	année	2007	1	99
1961.5	1962.5	1962 2007	année	1962	année	2007	1	150
1962.5	1963.5	1963 2007	année	1963	année	2007	1	201
1963.5	1964.5	1964 2007	année	1964	année	2007	1	252
1964.5	1965.5	1965 2007	année	1965	année	2007	1	303
1965.5	1966.5	1966 2007	année	1966	année	2007	1	354
1966.5	1967.5	1967 2007	année	1967	année	2007	1	405
1967.5	1968.5	1968 2007	année	1968	année	2007	1	456
1968.5	1969.5	1969 2007	année	1969	année	2007	1	507
1969.5	1970.5	1970 2007	année	1970	année	2007	1	558
1970.5	1971.5	1971 2007	année	1971	année	2007	1	609
1971.5	1972.5	1972 2007	année	1972	année	2007	1	660
1972.5	1973.5	1973 2007	année	1973	année	2007	1	711
1973.5	1974.5	1974 2007	année	1974	année	2007	1	762
1974.5	1975.5	1975 2007	année	1975	année	2007	1	813
1975.5	1976.5	1976 2007	année	1976	année	2007	1	864
1976.5	1977.5	1977 2007	année	1977	année	2007	1	915
1977.5	1978.5	1978 2007	année	1978	année	2007	1	966
1978.5	1979.5	1979 2007	année	1979	année	2007	1	1017
1979.5	1980.5	1980 2007	année	1980	année	2007	1	1068
1980.5	1981.5	1981 2007	année	1981	année	2007	1	1119
1981.5	1982.5	1982 2007	année	1982	année	2007	1	1170
1982.5	1983.5	1983 2007	année	1983	année	2007	1	1221
1983.5	1984.5	1984 2007	année	1984	année	2007	1	1272
1984.5	1985.5	1985 2007	année	1985	année	2007	1	1323
1985.5	1986.5	1986 2007	année	1986	année	2007	1	1374
1986.5	1987.5	1987 2007	année	1987	année	2007	1	1425
1987.5	1988.5	1988 2007	année	1988	année	2007	1	1476
1988.5	1989.5	1989 2007	année	1989	année	2007	1	1527
1989.5	1990.5	1990 2007	année	1990	année	2007	1	1578
1990.5	1991.5	1991 2007	année	1991	année	2007	1	1629
1991.5	1992.5	1992 2007	année	1992	année	2007	1	1680
1992.5	1993.5	1993 2007	année	1993	année	2007	1	1731
1993.5	1994.5	1994 2007	année	1994	année	2007	1	1782
1994.5	1995.5	1995 2007	année	1995	année	2007	1	1833
1995.5	1996.5	1996 2007	année	1996	année	2007	1	1884
1996.5	1997.5	1997 2007	année	1997	année	2007	1	1935
1997.5	1998.5	1998 2007	année	1998	année	2007	1	1986
1998.5	1999.5	1999 2007	année	1999	année	2007	1	2037
1999.5	2000.5	2000 2007	année	2000	année	2007	1	2088
2000.5	2001.5	2001 2007	année	2001	année	2007	1	2139
2001.5	2002.5	2002 2007	année	2002	année	2007	1	2190
2002.5	2003.5	2003 2007	année	2003	année	2007	1	2241
2003.5	2004.5	2004 2007	année	2004	année	2007	1	2292
2004.5	2005.5	2005 2007	année	2005	année	2007	1	2343
2005.5	2006.5	2006 2007	année	2006	année	2007	1	2394
2006.5	2007.5	1	année	2007	année	2007	1	1
2007.5	2008.5	2008 2007	année	2008	année	2007	1	2497
2008.5	2009.5	2009 2007	année	2009	année	2007	1	2548
2009.5	2010.5	2010 2007	année	2010	année	2007	1	2599
2010.5	2011.5	2011 2007	année	2011	année	2007	1	2650
1959.5	1960.5	1960 2008	année	1960	année	2008	1	49
1960.5	1961.5	1961 2008	année	1961	année	2008	1	100
1961.5	1962.5	1962 2008	année	1962	année	2008	1	151
1962.5	1963.5	1963 2008	année	1963	année	2008	1	202
1963.5	1964.5	1964 2008	année	1964	année	2008	1	253
1964.5	1965.5	1965 2008	année	1965	année	2008	1	304
1965.5	1966.5	1966 2008	année	1966	année	2008	1	355
1966.5	1967.5	1967 2008	année	1967	année	2008	1	406
1967.5	1968.5	1968 2008	année	1968	année	2008	1	457
1968.5	1969.5	1969 2008	année	1969	année	2008	1	508
1969.5	1970.5	1970 2008	année	1970	année	2008	1	559
1970.5	1971.5	1971 2008	année	1971	année	2008	1	610
1971.5	1972.5	1972 2008	année	1972	année	2008	1	661
1972.5	1973.5	1973 2008	année	1973	année	2008	1	712
1973.5	1974.5	1974 2008	année	1974	année	2008	1	763
1974.5	1975.5	1975 2008	année	1975	année	2008	1	814
1975.5	1976.5	1976 2008	année	1976	année	2008	1	865
1976.5	1977.5	1977 2008	année	1977	année	2008	1	916
1977.5	1978.5	1978 2008	année	1978	année	2008	1	967
1978.5	1979.5	1979 2008	année	1979	année	2008	1	1018
1979.5	1980.5	1980 2008	année	1980	année	2008	1	1069
1980.5	1981.5	1981 2008	année	1981	année	2008	1	1120
1981.5	1982.5	1982 2008	année	1982	année	2008	1	1171
1982.5	1983.5	1983 2008	année	1983	année	2008	1	1222
1983.5	1984.5	1984 2008	année	1984	année	2008	1	1273
1984.5	1985.5	1985 2008	année	1985	année	2008	1	1324
1985.5	1986.5	1986 2008	année	1986	année	2008	1	1375
1986.5	1987.5	1987 2008	année	1987	année	2008	1	1426
1987.5	1988.5	1988 2008	année	1988	année	2008	1	1477
1988.5	1989.5	1989 2008	année	1989	année	2008	1	1528
1989.5	1990.5	1990 2008	année	1990	année	2008	1	1579
1990.5	1991.5	1991 2008	année	1991	année	2008	1	1630
1991.5	1992.5	1992 2008	année	1992	année	2008	1	1681
1992.5	1993.5	1993 2008	année	1993	année	2008	1	1732
1993.5	1994.5	1994 2008	année	1994	année	2008	1	1783
1994.5	1995.5	1995 2008	année	1995	année	2008	1	1834
1995.5	1996.5	1996 2008	année	1996	année	2008	1	1885
1996.5	1997.5	1997 2008	année	1997	année	2008	1	1936
1997.5	1998.5	1998 2008	année	1998	année	2008	1	1987
1998.5	1999.5	1999 2008	année	1999	année	2008	1	2038
1999.5	2000.5	2000 2008	année	2000	année	2008	1	2089
2000.5	2001.5	2001 2008	année	2001	année	2008	1	2140
2001.5	2002.5	2002 2008	année	2002	année	2008	1	2191
2002.5	2003.5	2003 2008	année	2003	année	2008	1	2242
2003.5	2004.5	2004 2008	année	2004	année	2008	1	2293
2004.5	2005.5	2005 2008	année	2005	année	2008	1	2344
2005.5	2006.5	2006 2008	année	2006	année	2008	1	2395
2006.5	2007.5	2007 2008	année	2007	année	2008	1	2446
2007.5	2008.5	1	année	2008	année	2008	1	1
2008.5	2009.5	2009 2008	année	2009	année	2008	1	2549
2009.5	2010.5	2010 2008	année	2010	année	2008	1	2600
2010.5	2011.5	2011 2008	année	2011	année	2008	1	2651
1959.5	1960.5	1960 2009	année	1960	année	2009	1	50
1960.5	1961.5	1961 2009	année	1961	année	2009	1	101
1961.5	1962.5	1962 2009	année	1962	année	2009	1	152
1962.5	1963.5	1963 2009	année	1963	année	2009	1	203
1963.5	1964.5	1964 2009	année	1964	année	2009	1	254
1964.5	1965.5	1965 2009	année	1965	année	2009	1	305
1965.5	1966.5	1966 2009	année	1966	année	2009	1	356
1966.5	1967.5	1967 2009	année	1967	année	2009	1	407
1967.5	1968.5	1968 2009	année	1968	année	2009	1	458
1968.5	1969.5	1969 2009	année	1969	année	2009	1	509
1969.5	1970.5	1970 2009	année	1970	année	2009	1	560
1970.5	1971.5	1971 2009	année	1971	année	2009	1	611
1971.5	1972.5	1972 2009	année	1972	année	2009	1	662
1972.5	1973.5	1973 2009	année	1973	année	2009	1	713
1973.5	1974.5	1974 2009	année	1974	année	2009	1	764
1974.5	1975.5	1975 2009	année	1975	année	2009	1	815
1975.5	1976.5	1976 2009	année	1976	année	2009	1	866
1976.5	1977.5	1977 2009	année	1977	année	2009	1	917
1977.5	1978.5	1978 2009	année	1978	année	2009	1	968
1978.5	1979.5	1979 2009	année	1979	année	2009	1	1019
1979.5	1980.5	1980 2009	année	1980	année	2009	1	1070
1980.5	1981.5	1981 2009	année	1981	année	2009	1	1121
1981.5	1982.5	1982 2009	année	1982	année	2009	1	1172
1982.5	1983.5	1983 2009	année	1983	année	2009	1	1223
1983.5	1984.5	1984 2009	année	1984	année	2009	1	1274
1984.5	1985.5	1985 2009	année	1985	année	2009	1	1325
1985.5	1986.5	1986 2009	année	1986	année	2009	1	1376
1986.5	1987.5	1987 2009	année	1987	année	2009	1	1427
1987.5	1988.5	1988 2009	année	1988	année	2009	1	1478
1988.5	1989.5	1989 2009	année	1989	année	2009	1	1529
1989.5	1990.5	1990 2009	année	1990	année	2009	1	1580
1990.5	1991.5	1991 2009	année	1991	année	2009	1	1631
1991.5	1992.5	1992 2009	année	1992	année	2009	1	1682
1992.5	1993.5	1993 2009	année	1993	année	2009	1	1733
1993.5	1994.5	1994 2009	année	1994	année	2009	1	1784
1994.5	1995.5	1995 2009	année	1995	année	2009	1	1835
1995.5	1996.5	1996 2009	année	1996	année	2009	1	1886
1996.5	1997.5	1997 2009	année	1997	année	2009	1	1937
1997.5	1998.5	1998 2009	année	1998	année	2009	1	1988
1998.5	1999.5	1999 2009	année	1999	année	2009	1	2039
1999.5	2000.5	2000 2009	année	2000	année	2009	1	2090
2000.5	2001.5	2001 2009	année	2001	année	2009	1	2141
2001.5	2002.5	2002 2009	année	2002	année	2009	1	2192
2002.5	2003.5	2003 2009	année	2003	année	2009	1	2243
2003.5	2004.5	2004 2009	année	2004	année	2009	1	2294
2004.5	2005.5	2005 2009	année	2005	année	2009	1	2345
2005.5	2006.5	2006 2009	année	2006	année	2009	1	2396
2006.5	2007.5	2007 2009	année	2007	année	2009	1	2447
2007.5	2008.5	2008 2009	année	2008	année	2009	1	2498
2008.5	2009.5	1	année	2009	année	2009	1	1
2009.5	2010.5	2010 2009	année	2010	année	2009	1	2601
2010.5	2011.5	2011 2009	année	2011	année	2009	1	2652
1959.5	1960.5	1960 2010	année	1960	année	2010	1	51
1960.5	1961.5	1961 2010	année	1961	année	2010	1	102
1961.5	1962.5	1962 2010	année	1962	année	2010	1	153
1962.5	1963.5	1963 2010	année	1963	année	2010	1	204
1963.5	1964.5	1964 2010	année	1964	année	2010	1	255
1964.5	1965.5	1965 2010	année	1965	année	2010	1	306
1965.5	1966.5	1966 2010	année	1966	année	2010	1	357
1966.5	1967.5	1967 2010	année	1967	année	2010	1	408
1967.5	1968.5	1968 2010	année	1968	année	2010	1	459
1968.5	1969.5	1969 2010	année	1969	année	2010	1	510
1969.5	1970.5	1970 2010	année	1970	année	2010	1	561
1970.5	1971.5	1971 2010	année	1971	année	2010	1	612
1971.5	1972.5	1972 2010	année	1972	année	2010	1	663
1972.5	1973.5	1973 2010	année	1973	année	2010	1	714
1973.5	1974.5	1974 2010	année	1974	année	2010	1	765
1974.5	1975.5	1975 2010	année	1975	année	2010	1	816
1975.5	1976.5	1976 2010	année	1976	année	2010	1	867
1976.5	1977.5	1977 2010	année	1977	année	2010	1	918
1977.5	1978.5	1978 2010	année	1978	année	2010	1	969
1978.5	1979.5	1979 2010	année	1979	année	2010	1	1020
1979.5	1980.5	1980 2010	année	1980	année	2010	1	1071
1980.5	1981.5	1981 2010	année	1981	année	2010	1	1122
1981.5	1982.5	1982 2010	année	1982	année	2010	1	1173
1982.5	1983.5	1983 2010	année	1983	année	2010	1	1224
1983.5	1984.5	1984 2010	année	1984	année	2010	1	1275
1984.5	1985.5	1985 2010	année	1985	année	2010	1	1326
1985.5	1986.5	1986 2010	année	1986	année	2010	1	1377
1986.5	1987.5	1987 2010	année	1987	année	2010	1	1428
1987.5	1988.5	1988 2010	année	1988	année	2010	1	1479
1988.5	1989.5	1989 2010	année	1989	année	2010	1	1530
1989.5	1990.5	1990 2010	année	1990	année	2010	1	1581
1990.5	1991.5	1991 2010	année	1991	année	2010	1	1632
1991.5	1992.5	1992 2010	année	1992	année	2010	1	1683
1992.5	1993.5	1993 2010	année	1993	année	2010	1	1734
1993.5	1994.5	1994 2010	année	1994	année	2010	1	1785
1994.5	1995.5	1995 2010	année	1995	année	2010	1	1836
1995.5	1996.5	1996 2010	année	1996	année	2010	1	1887
1996.5	1997.5	1997 2010	année	1997	année	2010	1	1938
1997.5	1998.5	1998 2010	année	1998	année	2010	1	1989
1998.5	1999.5	1999 2010	année	1999	année	2010	1	2040
1999.5	2000.5	2000 2010	année	2000	année	2010	1	2091
2000.5	2001.5	2001 2010	année	2001	année	2010	1	2142
2001.5	2002.5	2002 2010	année	2002	année	2010	1	2193
2002.5	2003.5	2003 2010	année	2003	année	2010	1	2244
2003.5	2004.5	2004 2010	année	2004	année	2010	1	2295
2004.5	2005.5	2005 2010	année	2005	année	2010	1	2346
2005.5	2006.5	2006 2010	année	2006	année	2010	1	2397
2006.5	2007.5	2007 2010	année	2007	année	2010	1	2448
2007.5	2008.5	2008 2010	année	2008	année	2010	1	2499
2008.5	2009.5	2009 2010	année	2009	année	2010	1	2550
2009.5	2010.5	1	année	2010	année	2010	1	1
2010.5	2011.5	2011 2010	année	2011	année	2010	1	2653
1959.5	1960.5	1960 2011	année	1960	année	2011	1	52
1960.5	1961.5	1961 2011	année	1961	année	2011	1	103
1961.5	1962.5	1962 2011	année	1962	année	2011	1	154
1962.5	1963.5	1963 2011	année	1963	année	2011	1	205
1963.5	1964.5	1964 2011	année	1964	année	2011	1	256
1964.5	1965.5	1965 2011	année	1965	année	2011	1	307
1965.5	1966.5	1966 2011	année	1966	année	2011	1	358
1966.5	1967.5	1967 2011	année	1967	année	2011	1	409
1967.5	1968.5	1968 2011	année	1968	année	2011	1	460
1968.5	1969.5	1969 2011	année	1969	année	2011	1	511
1969.5	1970.5	1970 2011	année	1970	année	2011	1	562
1970.5	1971.5	1971 2011	année	1971	année	2011	1	613
1971.5	1972.5	1972 2011	année	1972	année	2011	1	664
1972.5	1973.5	1973 2011	année	1973	année	2011	1	715
1973.5	1974.5	1974 2011	année	1974	année	2011	1	766
1974.5	1975.5	1975 2011	année	1975	année	2011	1	817
1975.5	1976.5	1976 2011	année	1976	année	2011	1	868
1976.5	1977.5	1977 2011	année	1977	année	2011	1	919
1977.5	1978.5	1978 2011	année	1978	année	2011	1	970
1978.5	1979.5	1979 2011	année	1979	année	2011	1	1021
1979.5	1980.5	1980 2011	année	1980	année	2011	1	1072
1980.5	1981.5	1981 2011	année	1981	année	2011	1	1123
1981.5	1982.5	1982 2011	année	1982	année	2011	1	1174
1982.5	1983.5	1983 2011	année	1983	année	2011	1	1225
1983.5	1984.5	1984 2011	année	1984	année	2011	1	1276
1984.5	1985.5	1985 2011	année	1985	année	2011	1	1327
1985.5	1986.5	1986 2011	année	1986	année	2011	1	1378
1986.5	1987.5	1987 2011	année	1987	année	2011	1	1429
1987.5	1988.5	1988 2011	année	1988	année	2011	1	1480
1988.5	1989.5	1989 2011	année	1989	année	2011	1	1531
1989.5	1990.5	1990 2011	année	1990	année	2011	1	1582
1990.5	1991.5	1991 2011	année	1991	année	2011	1	1633
1991.5	1992.5	1992 2011	année	1992	année	2011	1	1684
1992.5	1993.5	1993 2011	année	1993	année	2011	1	1735
1993.5	1994.5	1994 2011	année	1994	année	2011	1	1786
1994.5	1995.5	1995 2011	année	1995	année	2011	1	1837
1995.5	1996.5	1996 2011	année	1996	année	2011	1	1888
1996.5	1997.5	1997 2011	année	1997	année	2011	1	1939
1997.5	1998.5	1998 2011	année	1998	année	2011	1	1990
1998.5	1999.5	1999 2011	année	1999	année	2011	1	2041
1999.5	2000.5	2000 2011	année	2000	année	2011	1	2092
2000.5	2001.5	2001 2011	année	2001	année	2011	1	2143
2001.5	2002.5	2002 2011	année	2002	année	2011	1	2194
2002.5	2003.5	2003 2011	année	2003	année	2011	1	2245
2003.5	2004.5	2004 2011	année	2004	année	2011	1	2296
2004.5	2005.5	2005 2011	année	2005	année	2011	1	2347
2005.5	2006.5	2006 2011	année	2006	année	2011	1	2398
2006.5	2007.5	2007 2011	année	2007	année	2011	1	2449
2007.5	2008.5	2008 2011	année	2008	année	2011	1	2500
2008.5	2009.5	2009 2011	année	2009	année	2011	1	2551
2009.5	2010.5	2010 2011	année	2010	année	2011	1	2602
2010.5	2011.5	1	année	2011	année	2011	1	1
